transaction_id,user_id,timestamp,amount,latitude,longitude,device_id,recipient_id,is_fraud
T000000,U497,2026-05-22T16:08:11.826481,23.07,-15.80415,-48.05196,DEV0517,M098,0
T000001,U285,2026-05-22T17:47:40.513583,20.06,-20.02235,-43.78761,DEV0312,M084,0
T000002,U126,2026-05-22T15:15:55.394935,306.1,-22.87616,-43.22557,DEV0036,U130,0
T000003,U157,2026-05-22T14:52:08.377147,327.63,-22.87944,-43.21876,DEV0758,U219,0
T000004,U414,2026-05-22T14:53:15.395512,60.95,-22.89675,-43.12037,DEV0053,M072,0
T000005,U452,2026-05-22T15:51:11.207017,10.89,-30.08908,-51.13614,DEV0497,M090,0
T000006,U450,2026-05-23T04:41:45.709651,4.81,-15.78331,-47.91276,DEV0524,U073,0
T000007,U159,2026-05-22T16:26:41.417559,243.24,-22.99104,-43.21959,DEV0659,M070,0
T000008,U397,2026-05-22T16:48:34.976131,51.69,-30.0421,-51.21142,DEV0349,M089,0
T000009,U065,2026-05-22T15:35:31.633552,100.31,-15.82436,-47.85157,DEV0386,M049,0
T000010,U291,2026-05-22T14:03:41.645403,4.47,-29.9525,-51.16721,DEV0273,M046,0
T000011,U085,2026-05-22T17:16:34.836299,194.94,-25.45111,-49.2743,DEV0144,M012,0
T000012,U304,2026-05-22T15:22:54.264296,268.42,-29.96539,-51.1895,DEV0664,U499,0
T000013,U427,2026-05-22T14:32:57.790782,44.81,-15.79273,-47.9096,DEV0378,U271,0
T000014,U141,2026-05-22T14:14:44.938552,3.38,-25.51305,-49.27822,DEV0058,M027,0
T000015,U156,2026-05-22T14:52:43.196096,33.17,-15.70437,-47.89055,DEV0357,M004,0
T000016,U350,2026-05-22T13:49:44.250389,132.05,-25.42313,-49.34,DEV0696,U312,0
T000017,U445,2026-05-22T13:53:19.895614,72.55,-12.90153,-38.50516,DEV0073,M045,0
T000018,U379,2026-05-22T14:16:03.933687,49.05,-19.79,-43.91385,DEV0662,U271,0
T000019,U378,2026-05-22T15:00:27.267929,562.18,-23.53466,-46.55782,DEV0177,M068,0
T000020,U019,2026-05-22T17:10:21.154893,108.98,-25.39907,-49.23925,DEV0092,M055,0
T000021,U175,2026-05-22T13:57:56.254316,189.42,-25.305,-49.36791,DEV0394,M037,0
T000022,U476,2026-05-22T14:17:27.830128,84.99,-12.93469,-38.56901,DEV0141,M025,0
T000023,U291,2026-05-22T15:53:45.978432,52.41,-30.12801,-51.31641,DEV0273,U460,0
T000024,U188,2026-05-22T17:04:40.320528,203.78,-23.51644,-46.64697,DEV0469,U036,0
T000025,U353,2026-05-22T15:20:26.514490,97.2,-30.10646,-51.27881,DEV0627,M013,0
T000026,U130,2026-05-22T15:47:39.010620,8.54,-15.84737,-47.888,DEV0051,M067,0
T000027,U381,2026-05-22T16:03:00.081528,22.57,-23.55768,-46.65973,DEV0084,M035,0
T000028,U286,2026-05-22T15:20:27.205066,252.13,-19.85174,-43.89978,DEV0623,M062,0
T000029,U055,2026-05-22T17:00:06.352643,30.39,-15.72553,-47.89874,DEV0331,U238,0
T000030,U115,2026-05-22T14:07:35.935187,406.65,-30.03095,-51.1787,DEV0253,U150,0
T000031,U406,2026-05-22T13:57:57.417354,226.86,-30.02792,-51.22532,DEV0007,U226,0
T000032,U292,2026-05-22T14:29:05.613789,9.9,-22.94201,-43.18484,DEV0126,U458,0
T000033,U323,2026-05-22T14:54:27.118205,54.12,-19.89787,-43.80985,DEV0550,U428,0
T000034,U316,2026-05-22T18:08:33.293517,15.28,-22.92873,-43.11458,DEV0654,U158,0
T000035,U067,2026-05-22T17:40:03.012095,209.34,-19.92605,-43.97229,DEV0113,M002,0
T000036,U206,2026-05-22T21:16:23.154876,91.07,-12.98266,-38.49152,DEV0653,U164,0
T000037,U321,2026-05-22T16:39:36.039860,79.28,-22.90628,-43.23849,DEV0596,M025,0
T000038,U482,2026-05-22T14:17:13.677712,1.72,-23.52511,-46.6306,DEV0689,M013,0
T000039,U020,2026-05-22T15:29:13.722314,13.57,-30.09508,-51.1877,DEV0428,M060,0
T000040,U287,2026-05-22T14:40:21.152605,23.22,-19.95173,-43.93763,DEV0751,U253,0
T000041,U463,2026-05-22T22:42:35.450860,68.78,-22.93747,-43.18802,DEV0727,M097,0
T000042,U103,2026-05-22T14:22:56.802252,147.13,-15.80974,-47.95457,DEV0670,M038,0
T000043,U063,2026-05-22T16:54:14.110434,41.36,-23.61414,-46.56603,DEV0692,M086,0
T000044,U229,2026-05-22T14:57:29.840311,77.2,-12.99976,-38.52087,DEV0450,M079,0
T000045,U471,2026-05-22T13:31:27.072266,133.24,-25.47811,-49.27485,DEV0349,M063,0
T000046,U256,2026-05-22T14:53:08.577377,65.51,-15.80226,-47.97344,DEV0335,U232,0
T000047,U221,2026-05-22T14:58:57.267790,96.47,-15.76586,-47.91885,DEV0408,U017,0
T000048,U425,2026-05-22T16:16:34.629031,66.27,-22.8729,-43.1973,DEV0356,M060,0
T000049,U284,2026-05-22T16:00:25.439647,22.17,-22.89297,-43.13293,DEV0365,M060,0
T000050,U173,2026-05-22T14:53:16.872672,22.39,-19.81663,-43.92767,DEV0413,M087,0
T000051,U109,2026-05-22T16:44:10.369223,5.37,-23.55,-46.66043,DEV0512,M031,0
T000052,U139,2026-05-22T20:38:34.799360,196.42,-25.45894,-49.21357,DEV0106,M005,0
T000053,U352,2026-05-22T14:06:17.855412,111.97,-25.42691,-49.3157,DEV0685,U136,0
T000054,U409,2026-05-22T23:11:16.410534,2627.75,-22.91737,-43.17877,DEV0514,U119,1
T000055,U347,2026-05-22T21:14:01.196825,299.45,-22.83038,-43.14751,DEV0517,U381,0
T000056,U010,2026-05-22T15:15:18.140726,400.99,-23.58024,-46.69736,DEV0475,M089,0
T000057,U500,2026-05-22T14:18:47.815516,16.37,-12.96088,-38.50963,DEV0490,M099,0
T000058,U222,2026-05-22T18:38:52.121223,312.35,-22.91516,-43.15877,DEV0348,U149,0
T000059,U302,2026-05-22T16:22:12.368075,166.33,-15.83204,-47.90405,DEV0503,M089,0
T000060,U285,2026-05-22T20:24:53.178587,4.59,-19.94741,-43.92083,DEV0312,U464,0
T000061,U088,2026-05-22T14:34:03.066269,177.77,-12.93123,-38.45879,DEV0037,M019,0
T000062,U030,2026-05-22T17:31:41.326042,61.15,-22.93792,-43.149,DEV0217,M016,0
T000063,U364,2026-05-22T16:58:18.763237,1010.13,-15.79055,-47.97173,DEV0051,U492,0
T000064,U405,2026-05-22T20:13:14.875215,4439.87,-15.80583,-47.98471,DEV0469,U421,1
T000065,U014,2026-05-22T16:09:53.545939,25.36,-25.37208,-49.2341,DEV0505,U071,0
T000066,U101,2026-05-22T15:01:44.378209,13.05,-23.48996,-46.60235,DEV0688,M026,0
T000067,U469,2026-05-22T13:55:58.852601,18.24,-22.92761,-43.23194,DEV0183,M071,0
T000068,U014,2026-05-22T18:45:06.986581,2.88,-25.39169,-49.32297,DEV0505,M024,0
T000069,U082,2026-05-22T15:41:21.323521,7.56,-29.98009,-51.28875,DEV0338,M024,0
T000070,U030,2026-05-23T01:34:34.174107,15.01,-22.90272,-43.10757,DEV0217,M094,0
T000071,U183,2026-05-22T14:32:02.112755,6.4,-23.51185,-46.58919,DEV0612,M033,0
T000072,U260,2026-05-22T15:52:00.970888,7.65,-12.9289,-38.45761,DEV0797,U326,0
T000073,U061,2026-05-22T22:31:05.797989,13.97,-23.5146,-46.54952,DEV0234,M070,0
T000074,U365,2026-05-22T16:33:52.023989,22.51,-23.57107,-46.60686,DEV0726,M064,0
T000075,U049,2026-05-22T15:42:18.296706,351.24,-29.98914,-51.1463,DEV0749,M039,0
T000076,U129,2026-05-22T17:47:34.000740,1.98,-22.92051,-43.22287,DEV0800,U474,0
T000077,U414,2026-05-22T15:34:08.134176,3.84,-22.86248,-43.20753,DEV0053,U400,0
T000078,U106,2026-05-22T17:09:18.707481,44.4,-15.7714,-47.93766,DEV0609,M082,0
T000079,U441,2026-05-22T15:32:41.894025,6.59,-23.55894,-46.62775,DEV0762,M032,0
T000080,U148,2026-05-22T14:33:11.361497,325.81,-29.97661,-51.23655,DEV0581,U142,0
T000081,U314,2026-05-22T22:14:31.961842,19.21,-19.95919,-43.90396,DEV0724,M089,0
T000082,U396,2026-05-22T15:04:21.475894,35.49,-30.05594,-51.24479,DEV0476,M071,0
T000083,U289,2026-05-22T16:07:40.926943,4.24,-19.89586,-43.89984,DEV0015,M086,0
T000084,U098,2026-05-22T13:24:59.167668,8.81,-25.49172,-49.2762,DEV0161,U113,0
T000085,U330,2026-05-22T15:51:12.517627,24.23,-23.51954,-46.53043,DEV0229,M040,0
T000086,U059,2026-05-22T16:04:31.717066,1.59,-23.58192,-46.60318,DEV0259,M020,0
T000087,U068,2026-05-22T16:42:23.741285,12.02,-25.41225,-49.28592,DEV0566,U093,0
T000088,U381,2026-05-22T17:16:00.750382,429.92,-23.55355,-46.67009,DEV0084,U097,0
T000089,U227,2026-05-22T14:45:07.823718,24.41,-12.99272,-38.44398,DEV0558,U308,0
T000090,U268,2026-05-22T16:16:40.001260,109.68,-23.53237,-46.56488,DEV0195,M055,0
T000091,U399,2026-05-22T18:57:41.687032,89.05,-30.01036,-51.26002,DEV0443,U263,0
T000092,U365,2026-05-22T21:18:47.120640,121.72,-23.57783,-46.65909,DEV0726,U381,0
T000093,U101,2026-05-22T16:12:23.230812,24.65,-23.54929,-46.56269,DEV0688,U063,0
T000094,U021,2026-05-22T16:12:45.250431,145.36,-30.0777,-51.19952,DEV0035,M003,0
T000095,U281,2026-05-22T17:21:31.174510,11.65,-12.95673,-38.50515,DEV0692,M009,0
T000096,U434,2026-05-22T14:26:50.405564,58.83,-15.8465,-47.87504,DEV0363,M086,0
T000097,U476,2026-05-22T15:47:54.396926,24.16,-13.00132,-38.41935,DEV0141,U307,0
T000098,U314,2026-05-23T00:09:41.620214,67.49,-19.83818,-43.90883,DEV0724,U351,0
T000099,U419,2026-05-22T14:55:32.896502,256.46,-23.56638,-46.66707,DEV0552,M047,0
T000100,U201,2026-05-22T16:17:33.519088,3120.34,-29.99121,-51.2366,DEV0327,M015,0
T000101,U227,2026-05-22T17:38:58.347966,12.49,-12.95427,-38.4904,DEV0558,M009,0
T000102,U333,2026-05-22T19:02:41.403941,71.5,-15.79907,-47.98613,DEV0132,M014,0
T000103,U328,2026-05-22T15:01:18.469984,108.42,-23.55539,-46.56271,DEV0296,M040,0
T000104,U154,2026-05-22T20:51:23.078126,16.2,-22.87976,-43.12866,DEV0474,U174,0
T000105,U063,2026-05-22T18:33:31.843226,77.98,-23.44052,-46.6067,DEV0692,M038,0
T000106,U164,2026-05-22T14:39:56.229416,75.15,-12.97237,-38.51656,DEV0691,M075,0
T000107,U489,2026-05-22T13:57:32.532349,837.58,-25.40698,-49.22834,DEV0710,M041,0
T000108,U255,2026-05-22T13:24:37.589375,40.35,-22.9033,-43.11481,DEV0306,M020,0
T000109,U172,2026-05-22T13:31:24.366578,8.32,-22.89354,-43.1408,DEV0501,U217,0
T000110,U008,2026-05-22T14:53:11.679570,37.26,-13.0041,-38.59293,DEV0161,U362,0
T000111,U308,2026-05-22T15:53:03.586873,11.09,-19.85621,-43.84702,DEV0004,U132,0
T000112,U348,2026-05-22T14:52:57.778414,131.2,-23.44195,-46.64209,DEV0118,U162,0
T000113,U361,2026-05-22T15:28:26.765821,389.62,-25.43368,-49.28252,DEV0356,M012,0
T000114,U283,2026-05-22T14:46:51.431257,26.62,-22.97712,-43.17706,DEV0028,M084,0
T000115,U141,2026-05-22T15:48:09.258222,43.84,-25.45265,-49.23453,DEV0058,M049,0
T000116,U106,2026-05-22T17:52:00.104532,374.23,-15.81906,-47.93892,DEV0609,M088,0
T000117,U059,2026-05-22T17:30:29.907680,23.9,-23.45544,-46.63633,DEV0259,U334,0
T000118,U045,2026-05-22T15:29:58.454528,54.03,-29.99303,-51.22677,DEV0554,U269,0
T000119,U417,2026-05-22T16:58:06.694472,780.67,-22.9068,-43.1729,DEV0727,M087,1
T000120,U324,2026-05-22T15:26:51.881633,249.5,-15.82451,-47.94454,DEV0095,M084,0
T000121,U332,2026-05-22T13:29:47.061229,71.4,-12.96297,-38.4793,DEV0379,M066,0
T000122,U461,2026-05-22T14:46:58.621248,16.35,-22.89646,-43.13495,DEV0391,U084,0
T000123,U117,2026-05-22T19:15:02.758336,6.86,-22.96399,-43.16747,DEV0793,M012,0
T000124,U321,2026-05-22T16:51:10.844918,28.57,-22.91553,-43.24715,DEV0596,U294,0
T000125,U438,2026-05-22T17:03:53.494867,71.02,-19.91325,-43.97475,DEV0744,U030,0
T000126,U354,2026-05-22T15:05:56.565872,33.0,-25.3536,-49.25044,DEV0794,M075,0
T000127,U313,2026-05-22T14:05:05.488197,35.28,-15.71025,-47.77484,DEV0410,M007,0
T000128,U056,2026-05-22T17:11:57.975524,223.97,-30.02322,-51.3235,DEV0348,M035,0
T000129,U479,2026-05-22T16:58:01.191708,128.24,-25.36729,-49.26774,DEV0697,M065,0
T000130,U113,2026-05-22T14:34:55.860492,346.75,-23.55023,-46.65709,DEV0302,U261,0
T000131,U430,2026-05-22T14:25:31.709023,79.76,-22.91974,-43.09297,DEV0268,M037,0
T000132,U357,2026-05-22T16:02:51.061973,266.08,-30.03388,-51.20989,DEV0346,M059,0
T000133,U500,2026-05-22T14:23:34.085013,419.91,-12.83975,-38.59168,DEV0490,M053,0
T000134,U435,2026-05-22T14:19:35.787739,406.2,-13.0144,-38.47356,DEV0292,M021,0
T000135,U359,2026-05-22T15:42:12.274632,28.42,-15.76388,-47.9471,DEV0210,M017,0
T000136,U338,2026-05-22T16:07:56.734584,299.89,-23.61198,-46.60847,DEV0145,M028,0
T000137,U101,2026-05-22T17:47:21.735735,7.4,-23.53721,-46.54484,DEV0688,U150,0
T000138,U487,2026-05-22T13:48:45.256434,48.32,-23.51942,-46.65178,DEV0344,U017,0
T000139,U154,2026-05-23T04:47:54.174061,74.63,-22.89404,-43.12061,DEV0474,M075,0
T000140,U216,2026-05-22T14:37:35.748544,35.69,-23.56159,-46.59958,DEV0402,U438,0
T000141,U082,2026-05-22T16:52:40.586534,261.59,-29.97056,-51.19861,DEV0338,M073,0
T000142,U429,2026-05-22T14:59:09.075227,602.78,-23.55726,-46.58312,DEV0287,M061,0
T000143,U208,2026-05-22T16:39:18.858695,569.18,-12.85941,-38.4784,DEV0361,M076,0
T000144,U152,2026-05-22T16:27:14.332902,226.7,-23.55669,-46.65112,DEV0094,M015,0
T000145,U232,2026-05-22T18:47:40.983455,187.7,-15.77107,-47.92194,DEV0065,U191,0
T000146,U265,2026-05-22T17:20:52.103283,11.1,-19.89378,-44.02729,DEV0111,M077,0
T000147,U290,2026-05-22T14:45:29.277695,5.28,-30.01507,-51.17805,DEV0485,M034,0
T000148,U144,2026-05-22T16:00:49.521579,7.05,-12.92233,-38.43961,DEV0641,M034,0
T000149,U392,2026-05-22T14:31:16.785356,7.63,-19.85979,-43.92051,DEV0644,M030,0
T000150,U021,2026-05-22T16:42:44.755177,200.12,-30.06969,-51.18852,DEV0035,U033,0
T000151,U010,2026-05-22T18:43:02.198134,123.92,-23.52923,-46.52236,DEV0475,M053,0
T000152,U022,2026-05-22T16:30:10.385698,23.1,-25.41708,-49.25193,DEV0562,M031,0
T000153,U338,2026-05-22T19:37:16.015414,5000.0,-23.58335,-46.71022,DEV0145,U294,1
T000154,U294,2026-05-22T19:37:26.015414,4950.0,-25.4284,-49.2733,DEV0394,U209,1
T000155,U209,2026-05-22T19:37:36.015414,4900.0,-19.9173,-43.9345,DEV0348,U338,1
T000156,U343,2026-05-22T15:57:47.525130,219.01,-23.52651,-46.64199,DEV0478,M028,0
T000157,U065,2026-05-22T15:53:13.740525,164.86,-15.76972,-47.8762,DEV0386,U308,0
T000158,U177,2026-05-22T14:24:36.033667,200.69,-25.46586,-49.25621,DEV0096,M029,0
T000159,U475,2026-05-22T17:23:53.667190,12.31,-22.92752,-43.20333,DEV0414,U101,0
T000160,U364,2026-05-22T17:15:58.145924,237.77,-15.66804,-47.94971,DEV0051,U402,0
T000161,U304,2026-05-22T16:22:15.828396,705.23,-30.08441,-51.22078,DEV0664,M099,0
T000162,U380,2026-05-22T18:26:47.860030,25.41,-23.01504,-43.10597,DEV0469,U137,0
T000163,U459,2026-05-22T17:10:05.753079,417.32,-22.87439,-43.13511,DEV0016,M009,0
T000164,U263,2026-05-22T13:49:52.692895,94.24,-12.98857,-38.40317,DEV0450,M021,0
T000165,U227,2026-05-22T19:51:52.677609,109.45,-12.95991,-38.42741,DEV0102,M074,1
T000166,U280,2026-05-22T18:19:22.252523,451.06,-23.59345,-46.57353,DEV0008,U373,1
T000167,U378,2026-05-22T16:29:17.344804,269.75,-23.49782,-46.66947,DEV0177,U104,0
T000168,U460,2026-05-22T14:42:51.259633,3.32,-30.00096,-51.18811,DEV0794,M006,0
T000169,U224,2026-05-22T15:27:24.865455,82.82,-25.53648,-49.26052,DEV0041,M016,0
T000170,U373,2026-05-22T15:45:31.541324,460.46,-30.02593,-51.2055,DEV0244,U457,0
T000171,U059,2026-05-22T18:14:48.020264,1.75,-23.58766,-46.67315,DEV0259,M079,0
T000172,U428,2026-05-22T13:21:54.315909,102.54,-12.97036,-38.48986,DEV0342,U028,0
T000173,U017,2026-05-22T15:15:24.071873,57.2,-25.41146,-49.32301,DEV0014,U302,0
T000174,U461,2026-05-22T18:07:58.597338,16.34,-22.82777,-43.22365,DEV0391,M049,0
T000175,U102,2026-05-22T14:05:56.352858,36.69,-19.9008,-43.9035,DEV0470,M005,0
T000176,U361,2026-05-22T16:40:40.799487,56.73,-25.42651,-49.24407,DEV0356,M061,0
T000177,U046,2026-05-22T13:50:16.280071,113.14,-19.92632,-43.86586,DEV0575,M013,0
T000178,U003,2026-05-22T13:51:30.102362,21.9,-30.01221,-51.19915,DEV0122,M070,0
T000179,U068,2026-05-22T22:46:21.907576,80.16,-25.50831,-49.25019,DEV0566,M019,0
T000180,U358,2026-05-22T16:02:36.445845,566.58,-25.40096,-49.30236,DEV0218,U354,0
T000181,U299,2026-05-22T15:14:11.810700,519.14,-22.93887,-43.14851,DEV0320,M096,0
T000182,U094,2026-05-22T15:45:33.507879,88.71,-15.76849,-47.98936,DEV0227,U086,0
T000183,U421,2026-05-22T13:21:50.677561,41.7,-15.84262,-47.89897,DEV0235,M066,0
T000184,U432,2026-05-22T14:05:47.188387,130.35,-23.55149,-46.65763,DEV0476,M010,0
T000185,U438,2026-05-22T18:05:45.525554,342.06,-19.94977,-43.86843,DEV0744,M094,0
T000186,U113,2026-05-22T15:46:26.899478,168.66,-23.48827,-46.72911,DEV0302,M065,0
T000187,U058,2026-05-22T18:04:34.261825,974.09,-19.9575,-43.8972,DEV0633,U279,0
T000188,U237,2026-05-22T14:07:19.509049,7.81,-30.01001,-51.1326,DEV0385,M076,0
T000189,U403,2026-05-22T15:09:23.234631,169.9,-15.70909,-47.95594,DEV0288,U084,0
T000190,U116,2026-05-22T14:50:12.198598,20.8,-29.99729,-51.29895,DEV0161,M091,0
T000191,U271,2026-05-22T17:37:41.059589,46.28,-13.00405,-38.44073,DEV0005,U291,0
T000192,U471,2026-05-22T13:38:01.629712,57759.89,-25.43676,-49.23999,DEV0349,M041,1
T000193,U326,2026-05-22T14:31:29.826399,2587.07,-13.00798,-38.55256,DEV0376,M003,0
T000194,U342,2026-05-22T16:30:35.053613,1112.69,-25.39443,-49.33074,DEV0015,U454,0
T000195,U314,2026-05-23T00:53:59.889557,46.75,-19.87412,-43.90552,DEV0724,M047,0
T000196,U039,2026-05-22T15:12:38.736528,100.18,-30.09318,-51.2106,DEV0574,M031,0
T000197,U032,2026-05-22T15:12:43.678199,19.76,-30.00618,-51.21243,DEV0065,M017,0
T000198,U436,2026-05-22T16:41:46.066868,40.28,-12.89856,-38.48581,DEV0149,U051,0
T000199,U489,2026-05-22T15:10:01.445024,107.58,-25.44212,-49.26228,DEV0710,M057,0
T000200,U251,2026-05-22T14:07:08.995144,17.58,-23.51841,-46.68899,DEV0624,M081,0
T000201,U076,2026-05-22T16:11:10.736865,39.87,-23.64452,-46.60864,DEV0201,M100,0
T000202,U128,2026-05-22T18:34:13.383125,1.23,-15.80006,-47.91421,DEV0471,U290,0
T000203,U189,2026-05-22T14:32:04.042429,200.61,-29.94049,-51.2172,DEV0144,M040,0
T000204,U193,2026-05-22T15:30:04.810936,349.49,-19.89627,-43.94965,DEV0658,U095,0
T000205,U151,2026-05-22T15:14:25.633979,29.92,-15.8192,-47.92906,DEV0220,M067,0
T000206,U083,2026-05-22T16:11:24.978881,13.85,-19.93692,-43.95563,DEV0473,M053,0
T000207,U283,2026-05-22T15:51:30.617625,217.06,-22.85635,-43.18217,DEV0028,M059,0
T000208,U050,2026-05-22T15:00:47.596072,509.12,-12.99301,-38.50957,DEV0036,M068,0
T000209,U084,2026-05-22T15:33:20.020476,55.77,-30.05259,-51.284,DEV0298,U249,0
T000210,U280,2026-05-22T18:59:10.766660,123.7,-23.61692,-46.62943,DEV0008,U326,0
T000211,U169,2026-05-22T16:39:25.902254,26.7,-20.00961,-43.98098,DEV0727,M003,0
T000212,U345,2026-05-22T17:09:28.705027,214.53,-23.45691,-46.60884,DEV0411,M055,0
T000213,U157,2026-05-22T20:04:48.608035,12.41,-22.81851,-43.20429,DEV0758,M099,0
T000214,U414,2026-05-22T17:38:16.735535,76.82,-22.85642,-43.27321,DEV0053,M096,0
T000215,U233,2026-05-22T16:15:16.747951,24.23,-30.04129,-51.26805,DEV0177,M059,0
T000216,U048,2026-05-22T14:33:43.655112,49.1,-23.5505,-46.6333,DEV0734,M065,1
T000217,U083,2026-05-22T22:31:38.125549,24.01,-19.93657,-43.91348,DEV0473,M048,0
T000218,U330,2026-05-22T15:53:12.671799,25.88,-23.53923,-46.65178,DEV0229,U413,0
T000219,U132,2026-05-22T14:41:08.397735,19.83,-22.90601,-43.17724,DEV0570,M041,0
T000220,U212,2026-05-22T14:05:08.251682,569.2,-25.47706,-49.36717,DEV0685,M033,0
T000221,U338,2026-05-22T20:34:07.862077,144.68,-23.56403,-46.58867,DEV0145,M063,0
T000222,U174,2026-05-22T15:52:32.692010,378.92,-23.50162,-46.67094,DEV0277,M006,0
T000223,U295,2026-05-22T14:22:19.923131,11.86,-12.95621,-38.46532,DEV0146,U342,0
T000224,U058,2026-05-22T18:39:50.072088,325.62,-19.99807,-44.03628,DEV0633,M037,0
T000225,U018,2026-05-22T17:10:44.127490,9.79,-23.56986,-46.63557,DEV0346,M007,0
T000226,U310,2026-05-22T13:31:12.087023,97.09,-19.86835,-43.98483,DEV0574,M001,0
T000227,U341,2026-05-22T13:36:44.615446,6.2,-30.00746,-51.26964,DEV0179,U109,0
T000228,U083,2026-05-22T22:46:40.663600,16.42,-19.97156,-43.97577,DEV0473,M023,0
T000229,U061,2026-05-22T23:24:29.530020,127.59,-23.5839,-46.58302,DEV0234,U353,0
T000230,U110,2026-05-22T15:40:16.124112,333.26,-25.43989,-49.31587,DEV0158,M035,0
T000231,U425,2026-05-22T20:12:30.045537,62216.44,-22.89806,-43.16467,DEV0356,U313,1
T000232,U165,2026-05-22T15:14:17.618563,637.57,-25.43951,-49.39377,DEV0577,M085,0
T000233,U134,2026-05-22T17:27:42.527132,25.41,-15.88317,-47.90165,DEV0444,M032,0
T000234,U462,2026-05-22T13:38:17.950401,64.37,-13.02005,-38.49093,DEV0519,M011,0
T000235,U247,2026-05-22T14:03:16.668905,38.43,-22.84686,-43.2124,DEV0250,M009,0
T000236,U446,2026-05-22T18:23:56.685430,128.97,-23.47601,-46.65919,DEV0641,M098,0
T000237,U246,2026-05-22T16:06:33.039538,1.63,-25.42174,-49.25823,DEV0095,M061,0
T000238,U128,2026-05-23T02:27:18.486758,11.2,-15.76551,-47.95045,DEV0471,M058,0
T000239,U309,2026-05-22T16:58:33.035924,37.02,-15.75916,-47.88601,DEV0606,M029,0
T000240,U416,2026-05-22T16:04:14.163782,289.28,-23.50473,-46.57963,DEV0714,U093,0
T000241,U336,2026-05-22T13:44:02.933165,9.69,-19.90399,-44.02494,DEV0637,M019,0
T000242,U429,2026-05-22T16:19:37.752077,5.31,-23.46262,-46.68698,DEV0287,M048,0
T000243,U136,2026-05-22T18:28:33.958961,12.53,-12.94659,-38.49919,DEV0103,M057,0
T000244,U082,2026-05-22T17:50:10.016748,461.52,-30.12843,-51.18671,DEV0338,M054,0
T000245,U040,2026-05-22T13:39:17.861946,432.55,-19.82922,-43.94864,DEV0684,M096,1
T000246,U256,2026-05-22T16:13:32.298325,1.51,-15.75016,-47.89578,DEV0335,M025,0
T000247,U201,2026-05-22T18:03:43.467793,348.19,-29.99704,-51.1865,DEV0327,M081,1
T000248,U029,2026-05-22T14:16:24.455285,138.27,-13.02886,-38.58189,DEV0338,M016,0
T000249,U387,2026-05-22T14:51:52.627276,24.2,-12.96454,-38.44329,DEV0305,U332,0
T000250,U269,2026-05-22T16:20:27.295455,270.63,-19.98007,-43.91684,DEV0093,M002,0
T000251,U204,2026-05-22T15:48:23.246600,73.44,-29.93073,-51.14664,DEV0091,M090,0
T000252,U318,2026-05-22T16:32:39.205585,6.71,-13.026,-38.45689,DEV0259,U222,0
T000253,U478,2026-05-22T15:06:26.409164,4.34,-13.02207,-38.46634,DEV0477,M022,0
T000254,U437,2026-05-22T17:59:12.235451,573.99,-19.95214,-43.9054,DEV0512,M084,0
T000255,U028,2026-05-22T14:07:08.710705,44.05,-25.45648,-49.35148,DEV0702,U080,0
T000256,U120,2026-05-22T18:21:05.294981,50.98,-30.10249,-51.23383,DEV0663,M029,0
T000257,U077,2026-05-22T18:11:11.805649,31.27,-15.75664,-48.00598,DEV0464,M048,0
T000258,U140,2026-05-22T14:17:12.717929,80.13,-23.53207,-46.61751,DEV0120,U164,0
T000259,U400,2026-05-22T15:09:14.500068,36.03,-12.9714,-38.5014,DEV0761,U460,1
T000260,U166,2026-05-22T14:41:49.854208,107.03,-22.95839,-43.11723,DEV0043,M058,0
T000261,U208,2026-05-22T17:44:36.816309,111.41,-13.00469,-38.50986,DEV0361,M019,0
T000262,U074,2026-05-22T14:11:38.143211,139.86,-12.91867,-38.49145,DEV0610,M098,0
T000263,U197,2026-05-22T16:12:03.962900,123.75,-23.56555,-46.77975,DEV0795,U170,0
T000264,U409,2026-05-22T22:44:24.956503,1110.21,-22.92868,-43.11996,DEV0514,U376,0
T000265,U277,2026-05-22T15:23:35.974226,2.27,-23.54161,-46.6306,DEV0214,M022,0
T000266,U064,2026-05-22T16:38:12.375139,82436.38,-23.61654,-46.52149,DEV0442,U435,1
T000267,U043,2026-05-22T15:25:16.736574,31.56,-12.94192,-38.48805,DEV0218,M090,0
T000268,U461,2026-05-22T19:54:22.156981,28.24,-22.93917,-43.16195,DEV0391,U364,0
T000269,U150,2026-05-22T16:07:17.554307,1.84,-19.90908,-43.93982,DEV0086,M055,0
T000270,U318,2026-05-22T18:22:38.706973,13.52,-12.91076,-38.52657,DEV0259,U073,0
T000271,U212,2026-05-22T14:35:22.429824,630.12,-25.34713,-49.20292,DEV0685,U374,0
T000272,U276,2026-05-22T14:11:59.380659,144.46,-23.46866,-46.68359,DEV0794,U414,0
T000273,U011,2026-05-22T17:27:41.748516,300.28,-22.9116,-43.23651,DEV0476,M088,0
T000274,U052,2026-05-22T15:58:00.182925,119.4,-25.44897,-49.2975,DEV0578,M093,0
T000275,U060,2026-05-22T17:23:01.576838,50.82,-19.98501,-43.98466,DEV0649,U283,0
T000276,U223,2026-05-22T16:29:43.158939,12.25,-22.86425,-43.09787,DEV0316,M064,0
T000277,U424,2026-05-22T14:38:10.735911,47.0,-15.78814,-47.87741,DEV0146,U491,0
T000278,U106,2026-05-22T18:32:44.549863,63.87,-15.8071,-47.9838,DEV0609,M076,0
T000279,U399,2026-05-22T19:25:21.537387,6.32,-30.0259,-51.26965,DEV0443,U040,0
T000280,U219,2026-05-22T15:53:31.404381,134.92,-19.87995,-43.83668,DEV0656,M060,0
T000281,U227,2026-05-22T23:05:50.482624,3.88,-13.00709,-38.41689,DEV0558,M013,0
T000282,U497,2026-05-22T16:32:21.195953,16.88,-15.79766,-47.79497,DEV0517,M004,0
T000283,U072,2026-05-22T15:07:36.840151,86.86,-30.02376,-51.27257,DEV0203,M094,0
T000284,U131,2026-05-22T14:44:59.111766,106.95,-30.01558,-51.22724,DEV0190,U072,0
T000285,U006,2026-05-22T14:41:04.128475,323.86,-13.0073,-38.51293,DEV0770,M031,0
T000286,U325,2026-05-22T13:43:51.457086,100.16,-15.81422,-47.96304,DEV0236,U488,0
T000287,U388,2026-05-22T14:10:50.010652,276.73,-15.75336,-47.86775,DEV0144,U439,0
T000288,U385,2026-05-22T15:38:40.461442,10.2,-15.73864,-47.93057,DEV0215,M046,0
T000289,U315,2026-05-22T14:46:23.713346,68.65,-23.66241,-46.73934,DEV0140,U272,0
T000290,U246,2026-05-22T17:15:00.108982,26.51,-25.36982,-49.29157,DEV0095,M085,0
T000291,U112,2026-05-22T15:02:41.507001,290.62,-23.51209,-46.62253,DEV0037,M095,0
T000292,U384,2026-05-22T14:06:01.160492,53.59,-29.97462,-51.22863,DEV0769,M099,0
T000293,U208,2026-05-22T18:18:08.913779,11.92,-12.99989,-38.48492,DEV0361,M072,0
T000294,U268,2026-05-22T17:14:58.974065,520.12,-23.47904,-46.66405,DEV0195,M017,0
T000295,U221,2026-05-22T18:52:55.162542,280.68,-15.79003,-47.89755,DEV0408,M064,0
T000296,U200,2026-05-22T16:34:19.784978,70.81,-25.4284,-49.2733,DEV0342,U063,1
T000297,U147,2026-05-22T13:52:23.057868,42.73,-12.90227,-38.4184,DEV0272,M086,0
T000298,U299,2026-05-22T16:05:01.015885,84.23,-22.88328,-43.07551,DEV0320,M060,0
T000299,U186,2026-05-22T14:13:51.849802,25.53,-25.38589,-49.29602,DEV0506,M048,0
T000300,U447,2026-05-22T22:15:29.516495,268.36,-19.98672,-43.94536,DEV0616,M016,0
T000301,U287,2026-05-22T15:00:55.290422,51.43,-19.91304,-44.08406,DEV0751,M073,0
T000302,U448,2026-05-22T15:10:40.520028,5.32,-23.5505,-46.6333,DEV0131,U113,1
T000303,U282,2026-05-22T16:01:16.993167,213.11,-29.97105,-51.25306,DEV0056,M048,0
T000304,U129,2026-05-22T18:58:09.440257,183.52,-22.89953,-43.14208,DEV0800,U116,0
T000305,U446,2026-05-22T19:44:45.958965,15.0,-23.53453,-46.62683,DEV0641,M079,0
T000306,U277,2026-05-22T17:09:44.045706,12.27,-23.57105,-46.63985,DEV0214,M087,0
T000307,U018,2026-05-22T17:25:09.702022,53.45,-23.45568,-46.62231,DEV0346,M010,0
T000308,U497,2026-05-22T16:43:42.972226,6.55,-15.79217,-47.92078,DEV0517,M037,0
T000309,U237,2026-05-22T15:53:53.102766,4.1,-30.02506,-51.20439,DEV0385,M051,0
T000310,U476,2026-05-22T16:19:11.639523,171.66,-12.93752,-38.46187,DEV0141,M054,0
T000311,U094,2026-05-22T16:22:38.262611,75606.8,-15.87549,-47.97222,DEV0227,M052,1
T000312,U040,2026-05-22T22:46:17.160298,139.6,-19.8965,-43.9744,DEV0684,U336,0
T000313,U166,2026-05-22T19:14:18.063979,68.42,-22.96602,-43.16303,DEV0043,U497,0
T000314,U262,2026-05-22T16:04:50.050741,121.43,-25.41693,-49.32736,DEV0069,U270,0
T000315,U245,2026-05-22T14:58:10.260908,772.0,-23.57717,-46.62202,DEV0533,M034,1
T000316,U390,2026-05-22T13:57:51.103635,134.2,-30.03165,-51.19536,DEV0194,U013,0
T000317,U044,2026-05-22T14:15:35.972240,115.76,-15.77111,-47.90483,DEV0795,M019,0
T000318,U163,2026-05-22T15:05:41.845531,55.94,-19.89603,-43.87464,DEV0380,M050,0
T000319,U288,2026-05-22T16:53:07.442417,58.33,-22.99487,-43.1579,DEV0506,M068,0
T000320,U208,2026-05-22T21:49:53.638319,10.19,-13.03139,-38.51601,DEV0361,U288,0
T000321,U136,2026-05-22T19:53:19.656713,31.74,-12.96014,-38.46676,DEV0103,M099,0
T000322,U230,2026-05-22T15:33:41.317907,148.44,-15.69878,-47.95433,DEV0242,U173,0
T000323,U350,2026-05-22T15:23:59.900537,214.52,-25.52675,-49.32916,DEV0696,U288,0
T000324,U271,2026-05-22T18:58:05.215950,54.04,-12.93775,-38.58963,DEV0005,M063,0
T000325,U139,2026-05-22T23:09:18.502933,82.73,-25.48438,-49.31025,DEV0106,M032,0
T000326,U454,2026-05-22T14:53:27.375577,32.74,-29.96019,-51.29112,DEV0661,M003,0
T000327,U076,2026-05-22T18:21:27.712455,80.24,-23.52832,-46.69089,DEV0201,M047,0
T000328,U215,2026-05-22T14:35:32.584067,33.88,-25.44344,-49.33377,DEV0227,U206,0
T000329,U494,2026-05-22T14:41:40.968031,4.09,-19.97393,-43.91728,DEV0493,M011,0
T000330,U214,2026-05-22T20:45:56.675334,57.36,-12.94684,-38.5193,DEV0203,U299,0
T000331,U331,2026-05-22T15:20:07.390939,1.36,-15.75841,-47.89561,DEV0291,U442,0
T000332,U431,2026-05-22T14:24:56.228757,165.8,-12.92349,-38.59972,DEV0455,M090,0
T000333,U283,2026-05-22T17:32:41.723691,111.04,-22.90482,-43.22816,DEV0028,M012,0
T000334,U043,2026-05-22T18:42:50.973593,13.8,-12.93962,-38.52884,DEV0218,U209,0
T000335,U118,2026-05-22T14:32:09.297817,837.47,-15.92545,-47.94794,DEV0570,M100,0
T000336,U436,2026-05-22T17:03:53.141020,240.46,-12.94098,-38.46568,DEV0149,M020,0
T000337,U319,2026-05-22T14:12:30.672674,68.89,-22.9263,-43.165,DEV0010,M045,0
T000338,U034,2026-05-22T14:57:33.097447,45.37,-30.00843,-51.23398,DEV0139,U421,0
T000339,U499,2026-05-22T15:25:20.190934,221.66,-19.86853,-43.90872,DEV0020,M004,0
T000340,U005,2026-05-22T13:36:09.149272,62029.07,-25.35833,-49.33038,DEV0664,M034,1
T000341,U135,2026-05-22T14:58:43.485959,9.61,-12.90936,-38.53654,DEV0572,M031,0
T000342,U181,2026-05-22T16:40:04.802318,156.38,-15.67438,-47.97687,DEV0596,M096,0
T000343,U302,2026-05-22T20:32:03.827476,2387.54,-15.81301,-47.94882,DEV0503,M071,1
T000344,U459,2026-05-23T02:49:56.162323,139.96,-22.87363,-43.20911,DEV0016,M024,0
T000345,U019,2026-05-22T17:27:30.445115,376.49,-25.38338,-49.25074,DEV0092,M027,0
T000346,U450,2026-05-23T07:36:57.977219,1.42,-15.74592,-47.93197,DEV0524,M042,0
T000347,U246,2026-05-22T17:32:50.858943,27.15,-25.47074,-49.21082,DEV0095,M066,0
T000348,U073,2026-05-22T15:15:53.357999,4.5,-23.55978,-46.64939,DEV0767,M060,0
T000349,U435,2026-05-22T15:55:55.427388,45.36,-12.92103,-38.56415,DEV0292,U285,0
T000350,U101,2026-05-22T19:31:34.472233,21.54,-23.58915,-46.63327,DEV0688,M018,0
T000351,U162,2026-05-22T18:43:48.781935,94.72,-19.89523,-43.97116,DEV0664,M078,0
T000352,U445,2026-05-22T18:30:57.549446,35.12,-12.91229,-38.44337,DEV0073,U195,0
T000353,U365,2026-05-22T22:01:31.955140,92.51,-22.9068,-43.1729,DEV0726,M095,1
T000354,U142,2026-05-22T14:34:06.254556,68.91,-12.97557,-38.66079,DEV0474,M027,0
T000355,U104,2026-05-22T14:59:33.526236,123.07,-12.9422,-38.59662,DEV0563,M062,0
T000356,U424,2026-05-22T19:08:57.332879,214.66,-15.77394,-47.88298,DEV0146,U095,0
T000357,U429,2026-05-23T01:20:01.888798,83.02,-23.57232,-46.75369,DEV0287,M096,0
T000358,U495,2026-05-22T20:45:21.500151,43.9,-19.92182,-43.88563,DEV0226,M053,0
T000359,U337,2026-05-22T14:39:19.785753,226.33,-29.95169,-51.17839,DEV0575,M060,0
T000360,U475,2026-05-22T17:40:10.484702,9.53,-22.86776,-43.20413,DEV0414,M019,0
T000361,U173,2026-05-22T17:56:09.985956,18.91,-19.95501,-43.88209,DEV0413,M086,0
T000362,U456,2026-05-22T13:38:51.256135,367.84,-23.5532,-46.68242,DEV0466,M028,0
T000363,U440,2026-05-22T13:36:48.070972,24.17,-15.72108,-47.81528,DEV0406,M026,0
T000364,U011,2026-05-22T17:33:47.518825,384.35,-22.96141,-43.13116,DEV0476,M042,0
T000365,U355,2026-05-22T17:16:59.705887,36.05,-13.01151,-38.43309,DEV0660,M061,0
T000366,U396,2026-05-22T17:30:31.919991,232.45,-29.9993,-51.22983,DEV0476,M088,0
T000367,U269,2026-05-22T19:16:01.064857,669.97,-19.85611,-43.99324,DEV0093,M049,0
T000368,U122,2026-05-22T15:54:32.134739,517.13,-23.57647,-46.65035,DEV0104,M057,0
T000369,U054,2026-05-22T16:01:12.116362,8.25,-25.4773,-49.27339,DEV0556,M093,0
T000370,U110,2026-05-22T19:59:01.166518,253.72,-25.34923,-49.32919,DEV0158,M038,0
T000371,U217,2026-05-22T20:11:22.591607,66.21,-23.42827,-46.66041,DEV0526,M091,0
T000372,U001,2026-05-22T14:56:02.436197,520.6,-30.02917,-51.23859,DEV0436,M004,0
T000373,U478,2026-05-22T16:01:40.803831,2.63,-12.98787,-38.52711,DEV0477,M043,0
T000374,U334,2026-05-22T14:56:01.565464,35.43,-22.89895,-43.12193,DEV0089,U031,0
T000375,U017,2026-05-22T16:45:23.811945,100.11,-25.41458,-49.44028,DEV0014,M022,0
T000376,U108,2026-05-22T18:36:41.133695,7.11,-19.96556,-43.96506,DEV0516,M058,0
T000377,U090,2026-05-22T14:18:09.201285,450.56,-19.92237,-43.95914,DEV0208,M095,0
T000378,U030,2026-05-23T03:50:56.322229,40.04,-30.0346,-51.2177,DEV0217,M052,1
T000379,U135,2026-05-22T19:38:57.247699,23.45,-12.98607,-38.57387,DEV0572,M011,0
T000380,U210,2026-05-22T14:24:36.902933,43.35,-30.03745,-51.18102,DEV0508,M085,0
T000381,U144,2026-05-22T20:03:16.643177,7.93,-12.98307,-38.50344,DEV0641,M058,0
T000382,U416,2026-05-22T19:34:17.528867,210.44,-23.51094,-46.65871,DEV0714,M015,0
T000383,U123,2026-05-22T14:37:09.565005,16.66,-19.94118,-43.99726,DEV0246,M038,0
T000384,U147,2026-05-22T18:11:26.080203,38.57,-12.97722,-38.57102,DEV0272,M067,0
T000385,U343,2026-05-22T17:26:58.847411,1809.02,-23.58288,-46.67321,DEV0478,M071,0
T000386,U102,2026-05-22T17:34:17.079255,132.04,-20.04975,-43.86692,DEV0470,M080,0
T000387,U440,2026-05-22T14:49:53.021554,575.35,-15.74085,-47.87339,DEV0406,M023,0
T000388,U495,2026-05-22T23:22:56.405184,4.98,-19.86879,-43.99475,DEV0226,M092,0
T000389,U155,2026-05-22T03:47:01.956112,3597.76,-29.98697,-51.12618,DEV0612,M098,1
T000390,U487,2026-05-22T14:49:41.432552,9.09,-23.51946,-46.58129,DEV0344,M047,0
T000391,U495,2026-05-23T00:32:53.288794,82.72,-19.86779,-43.91326,DEV0226,M026,0
T000392,U374,2026-05-22T17:03:58.996447,71.01,-19.84901,-43.89726,DEV0386,M056,0
T000393,U338,2026-05-22T23:54:42.891632,113.93,-23.58907,-46.56345,DEV0145,M052,0
T000394,U177,2026-05-22T20:43:44.286545,161.14,-25.45593,-49.16942,DEV0096,M087,0
T000395,U150,2026-05-22T16:25:43.548947,14.7,-19.96735,-43.94868,DEV0086,M086,0
T000396,U232,2026-05-22T19:05:03.589469,57.92,-15.84802,-47.97936,DEV0065,U364,0
T000397,U158,2026-05-22T18:58:43.396167,35.62,-22.86963,-43.23397,DEV0180,M091,0
T000398,U466,2026-05-22T13:26:21.263646,257.66,-23.55967,-46.71679,DEV0526,M091,0
T000399,U137,2026-05-22T16:13:36.615452,68.36,-12.96835,-38.57175,DEV0350,M049,0
T000400,U101,2026-05-23T00:24:10.179189,2.56,-23.59692,-46.60491,DEV0688,M041,0
T000401,U249,2026-05-22T13:55:05.717194,51.38,-25.46234,-49.28887,DEV0054,M099,0
T000402,U019,2026-05-22T19:26:25.520371,78.58,-25.39943,-49.39884,DEV0092,U485,0
T000403,U433,2026-05-22T18:12:07.453095,65.99,-15.76888,-47.884,DEV0576,U211,0
T000404,U182,2026-05-22T18:07:50.036816,297.12,-15.80871,-47.9687,DEV0397,M055,0
T000405,U345,2026-05-22T18:47:40.573169,191.07,-23.45448,-46.69444,DEV0411,M039,0
T000406,U010,2026-05-22T20:11:37.996262,37.59,-23.58645,-46.71145,DEV0475,U016,0
T000407,U168,2026-05-22T17:03:23.205178,40.88,-22.79162,-43.24687,DEV0253,M002,0
T000408,U260,2026-05-23T03:28:06.414285,44.12,-12.93893,-38.5196,DEV0797,M009,0
T000409,U267,2026-05-22T15:04:40.238779,29.07,-25.42839,-49.21577,DEV0360,M074,0
T000410,U073,2026-05-22T18:08:08.762110,96.13,-23.61798,-46.65406,DEV0767,U488,0
T000411,U157,2026-05-22T20:49:11.574848,246.5,-22.86879,-43.12018,DEV0758,U237,0
T000412,U493,2026-05-22T15:52:25.056669,65.44,-25.49704,-49.25573,DEV0575,M058,0
T000413,U075,2026-05-22T15:30:06.329078,34.08,-19.94237,-44.0054,DEV0511,M062,0
T000414,U216,2026-05-22T18:07:53.829214,60.07,-23.49456,-46.67048,DEV0402,M083,0
T000415,U007,2026-05-22T14:54:51.801896,63.2,-15.79346,-47.90604,DEV0386,U211,0
T000416,U500,2026-05-22T15:44:20.970575,94.65,-13.00643,-38.45727,DEV0490,U402,0
T000417,U285,2026-05-22T21:13:36.871809,2.74,-19.97428,-43.89859,DEV0312,M098,0
T000418,U075,2026-05-22T19:28:15.641583,4.57,-19.92374,-43.91747,DEV0511,M094,0
T000419,U179,2026-05-22T19:31:27.161644,82.99,-23.49903,-46.58968,DEV0695,M068,0
T000420,U387,2026-05-22T15:15:04.304556,1.86,-12.98159,-38.41107,DEV0305,U172,0
T000421,U123,2026-05-22T18:15:25.804280,62.16,-19.88715,-43.97703,DEV0246,M081,0
T000422,U389,2026-05-22T22:10:53.321838,632.01,-22.91432,-43.13952,DEV0769,M061,0
T000423,U273,2026-05-22T15:25:17.127630,16.39,-23.62813,-46.58841,DEV0645,M079,0
T000424,U271,2026-05-22T22:57:10.778873,20.5,-12.92324,-38.42888,DEV0005,U355,0
T000425,U352,2026-05-22T15:52:09.063610,1085.8,-25.43283,-49.26676,DEV0685,M079,0
T000426,U377,2026-05-22T15:08:20.739002,17.76,-23.57604,-46.63535,DEV0180,M025,0
T000427,U392,2026-05-22T15:32:55.895443,26.78,-19.86348,-43.9416,DEV0644,M084,0
T000428,U245,2026-05-22T18:23:22.366845,349.07,-23.52893,-46.58939,DEV0488,M080,0
T000429,U130,2026-05-22T21:09:10.947766,113.43,-15.82208,-47.87431,DEV0051,U069,0
T000430,U016,2026-05-22T15:16:25.649679,386.7,-29.97804,-51.22103,DEV0274,M100,0
T000431,U214,2026-05-22T23:29:39.364251,72.13,-12.95532,-38.493,DEV0203,M088,0
T000432,U125,2026-05-22T15:04:14.014438,177.94,-19.84452,-43.89413,DEV0408,M100,0
T000433,U318,2026-05-22T18:55:26.090414,2.0,-12.90876,-38.52381,DEV0259,M043,0
T000434,U426,2026-05-22T17:38:39.930060,131.47,-22.91155,-43.17116,DEV0017,M068,0
T000435,U248,2026-05-22T15:23:09.750088,100.3,-15.73462,-47.96471,DEV0771,U306,0
T000436,U363,2026-05-22T15:12:02.430466,115.74,-25.44917,-49.23051,DEV0799,U184,0
T000437,U128,2026-05-23T07:09:41.176395,2.01,-15.77432,-47.98502,DEV0471,M086,0
T000438,U439,2026-05-22T14:53:10.544897,79.3,-22.8875,-43.17538,DEV0055,U500,0
T000439,U098,2026-05-22T17:05:53.653435,6.28,-25.37212,-49.33326,DEV0161,U441,0
T000440,U056,2026-05-22T17:52:59.374740,31.05,-29.94911,-51.22614,DEV0348,M061,0
T000441,U026,2026-05-22T15:57:47.633351,301.63,-15.81206,-47.97374,DEV0270,M046,0
T000442,U206,2026-05-22T22:51:45.818284,16.32,-13.01604,-38.47572,DEV0653,M012,0
T000443,U288,2026-05-22T17:57:41.106875,83.28,-22.91898,-43.22009,DEV0506,U391,0
T000444,U279,2026-05-22T20:05:13.439858,14.81,-12.92632,-38.44839,DEV0337,U219,0
T000445,U317,2026-05-22T14:42:49.277268,731.23,-12.85239,-38.49334,DEV0139,M029,0
T000446,U079,2026-05-22T15:53:36.077906,119.01,-19.83965,-44.0586,DEV0346,U315,0
T000447,U082,2026-05-22T23:00:31.492762,486.38,-29.9401,-51.18359,DEV0338,U010,0
T000448,U226,2026-05-22T15:40:50.248023,120.21,-23.57222,-46.70909,DEV0724,U496,0
T000449,U448,2026-05-22T20:35:57.911548,20.56,-29.95429,-51.20962,DEV0131,U320,0
T000450,U498,2026-05-22T05:24:30.681666,2606.35,-30.16362,-51.19202,DEV0727,M060,1
T000451,U101,2026-05-23T01:18:47.880644,3.25,-23.53976,-46.70365,DEV0688,M097,0
T000452,U229,2026-05-22T18:45:17.634345,12.62,-12.93537,-38.53076,DEV0450,M017,0
T000453,U368,2026-05-22T15:34:18.173779,397.22,-23.56732,-46.71099,DEV0001,M074,0
T000454,U274,2026-05-22T16:22:22.428961,28.96,-22.97134,-43.15143,DEV0046,U157,0
T000455,U338,2026-05-23T01:19:22.527609,311.4,-23.58163,-46.62778,DEV0145,M027,0
T000456,U485,2026-05-22T17:26:01.817224,2.16,-23.45283,-46.63974,DEV0432,M049,0
T000457,U181,2026-05-22T17:06:24.989701,680.45,-15.87064,-47.90505,DEV0596,M056,0
T000458,U363,2026-05-22T18:23:58.423997,269.38,-25.51159,-49.22084,DEV0799,M024,0
T000459,U318,2026-05-22T20:07:17.764948,1.36,-12.97934,-38.53226,DEV0259,M092,0
T000460,U148,2026-05-22T15:03:48.944176,211.2,-19.9173,-43.9345,DEV0581,M026,1
T000461,U253,2026-05-22T15:16:12.758796,243.41,-15.8108,-47.88237,DEV0578,U418,0
T000462,U216,2026-05-22T20:25:52.900366,41.95,-23.68805,-46.61212,DEV0402,M073,0
T000463,U205,2026-05-22T16:21:23.186977,175.46,-19.97627,-43.92589,DEV0039,U388,0
T000464,U296,2026-05-22T17:45:59.044245,529.35,-30.12762,-51.17449,DEV0470,M006,0
T000465,U356,2026-05-22T13:36:00.642304,20.34,-22.88784,-43.11139,DEV0550,M071,0
T000466,U019,2026-05-22T20:17:17.279416,198.67,-25.42355,-49.28051,DEV0092,U011,0
T000467,U387,2026-05-22T15:37:46.944870,20.11,-12.8622,-38.47287,DEV0305,M017,0
T000468,U328,2026-05-22T15:48:57.164743,166.56,-23.52997,-46.58929,DEV0296,M014,0
T000469,U266,2026-05-22T19:36:08.989344,66.02,-30.06501,-51.19954,DEV0095,M001,0
T000470,U004,2026-05-22T15:03:46.803738,384.07,-19.88899,-43.91945,DEV0459,M019,0
T000471,U081,2026-05-22T16:12:59.834365,38.8,-25.43607,-49.37629,DEV0489,M012,0
T000472,U008,2026-05-22T15:33:33.272955,10.44,-12.93056,-38.47166,DEV0161,M036,0
T000473,U460,2026-05-22T16:08:38.844195,264.33,-29.99693,-51.18684,DEV0794,M094,0
T000474,U216,2026-05-22T21:25:46.316435,13.65,-23.51223,-46.60774,DEV0402,U086,0
T000475,U375,2026-05-22T13:52:46.231054,20.66,-19.94719,-43.92605,DEV0418,M072,0
T000476,U070,2026-05-22T16:44:02.588475,30.93,-23.04202,-43.20439,DEV0053,M057,0
T000477,U460,2026-05-22T16:42:33.083970,30.47,-29.95583,-51.21626,DEV0794,M026,0
T000478,U279,2026-05-22T20:10:40.864902,4.18,-12.97535,-38.53036,DEV0337,U018,0
T000479,U229,2026-05-22T18:51:10.971723,14.69,-12.88717,-38.40921,DEV0450,M088,0
T000480,U030,2026-05-23T04:46:46.479580,7.23,-22.82687,-43.13279,DEV0217,M019,0
T000481,U350,2026-05-22T16:43:56.157822,163.58,-25.47658,-49.33104,DEV0696,U309,0
T000482,U018,2026-05-22T22:18:54.534937,24.96,-23.63129,-46.61832,DEV0346,M090,0
T000483,U186,2026-05-22T15:41:37.989586,17.77,-25.3599,-49.35494,DEV0506,M007,0
T000484,U088,2026-05-22T15:25:58.977658,12.88,-12.93269,-38.46985,DEV0037,M013,0
T000485,U330,2026-05-22T18:26:38.365162,14.87,-23.50671,-46.65663,DEV0229,M007,0
T000486,U416,2026-05-22T20:17:45.116697,133.71,-23.56964,-46.68531,DEV0714,M026,0
T000487,U151,2026-05-22T16:02:48.034157,11.79,-15.79952,-47.94448,DEV0220,M061,0
T000488,U104,2026-05-22T16:40:33.760634,79226.34,-12.97434,-38.52665,DEV0563,U497,1
T000489,U438,2026-05-22T20:07:33.358799,132.38,-19.92889,-44.00081,DEV0744,M058,0
T000490,U042,2026-05-22T14:56:55.456351,291.61,-12.94336,-38.56407,DEV0462,U308,0
T000491,U377,2026-05-22T15:41:35.009403,34.97,-23.62211,-46.66133,DEV0180,M004,0
T000492,U336,2026-05-22T16:16:48.776695,240.61,-19.85669,-43.95916,DEV0637,M061,0
T000493,U427,2026-05-22T20:28:01.352204,50.64,-15.7228,-47.96807,DEV0378,M041,0
T000494,U434,2026-05-22T17:10:35.265796,11.52,-15.78736,-47.94523,DEV0363,M039,0
T000495,U273,2026-05-22T16:27:34.868344,7.07,-23.50261,-46.62292,DEV0645,M049,0
T000496,U407,2026-05-22T14:53:59.085958,354.48,-23.54369,-46.76433,DEV0151,M088,0
T000497,U382,2026-05-22T13:24:27.239619,141.35,-25.4312,-49.2564,DEV0630,M088,0
T000498,U474,2026-05-22T16:21:26.884497,165.6,-22.91334,-43.11765,DEV0311,M030,0
T000499,U214,2026-05-23T01:50:51.497219,772.5,-12.94014,-38.48244,DEV0203,M053,0
T000500,U151,2026-05-22T23:12:12.329521,13.26,-15.79353,-48.02102,DEV0220,U415,0
T000501,U206,2026-05-22T23:09:20.823036,32.09,-12.97904,-38.42599,DEV0653,M044,0
T000502,U034,2026-05-22T18:24:41.465066,1.31,-30.13361,-51.24279,DEV0139,M010,0
T000503,U475,2026-05-23T01:55:15.052263,1.52,-22.89288,-43.19836,DEV0414,M085,0
T000504,U049,2026-05-22T15:45:57.336678,189.3,-30.03949,-51.2731,DEV0749,M038,0
T000505,U147,2026-05-22T21:16:03.316241,2.26,-12.95161,-38.48822,DEV0272,M049,0
T000506,U108,2026-05-22T19:36:50.732371,30.91,-19.93261,-43.89777,DEV0516,M080,0
T000507,U471,2026-05-22T13:45:14.787959,137.75,-25.444,-49.24764,DEV0349,M047,0
T000508,U093,2026-05-22T17:33:59.174127,218.06,-25.36675,-49.25645,DEV0422,M040,0
T000509,U127,2026-05-22T15:39:53.357130,13.65,-23.5546,-46.57876,DEV0776,U199,0
T000510,U461,2026-05-22T20:46:32.758817,25.0,-22.87734,-43.16447,DEV0391,M063,0
T000511,U315,2026-05-22T16:19:56.321111,1.4,-23.56746,-46.71543,DEV0140,M017,0
T000512,U466,2026-05-22T14:08:01.999461,113.85,-23.6701,-46.59106,DEV0526,M025,0
T000513,U204,2026-05-22T19:33:06.992225,4.22,-30.06048,-51.23261,DEV0091,M042,0
T000514,U268,2026-05-22T17:33:09.245998,614.14,-23.54163,-46.73829,DEV0195,U366,0
T000515,U321,2026-05-22T17:17:05.887841,76.11,-22.93461,-43.1935,DEV0596,M086,0
T000516,U430,2026-05-22T14:36:28.966569,197.88,-22.86395,-43.15515,DEV0268,M072,0
T000517,U254,2026-05-22T16:48:12.595561,76.84,-30.05423,-51.24816,DEV0422,M073,0
T000518,U255,2026-05-22T15:15:27.636972,115.87,-22.80887,-43.16571,DEV0306,U449,0
T000519,U204,2026-05-22T19:55:07.769627,70906.29,-30.06335,-51.23532,DEV0091,M055,1
T000520,U185,2026-05-22T14:42:38.823069,533.23,-25.42414,-49.19355,DEV0718,U464,0
T000521,U122,2026-05-22T19:00:44.112594,99.22,-23.55448,-46.75298,DEV0104,M045,0
T000522,U382,2026-05-22T14:25:50.412213,356.15,-25.44503,-49.20992,DEV0630,M003,0
T000523,U074,2026-05-22T14:27:50.540427,12.47,-13.04732,-38.50586,DEV0610,M066,0
T000524,U231,2026-05-22T16:54:32.425193,29.3,-12.93143,-38.45462,DEV0119,M077,0
T000525,U024,2026-05-22T17:56:08.905154,1096.87,-25.50008,-49.37856,DEV0477,M048,0
T000526,U479,2026-05-22T17:36:25.369071,80.47,-25.41723,-49.29181,DEV0697,M006,0
T000527,U232,2026-05-22T19:37:47.930329,110.23,-15.811,-47.95535,DEV0065,U022,0
T000528,U439,2026-05-22T18:52:01.195613,294.71,-22.89876,-43.21903,DEV0055,M074,0
T000529,U040,2026-05-22T23:54:59.723103,137.66,-19.82774,-43.92713,DEV0684,M010,0
T000530,U162,2026-05-22T19:55:23.220760,5.93,-20.00773,-43.95704,DEV0664,U448,0
T000531,U441,2026-05-22T15:40:11.848273,9.72,-23.6407,-46.6092,DEV0762,M070,0
T000532,U091,2026-05-22T15:19:12.902209,122.46,-15.76732,-47.88941,DEV0120,M093,0
T000533,U049,2026-05-22T17:51:42.527281,78.52,-30.06088,-51.21608,DEV0749,M037,0
T000534,U479,2026-05-22T18:19:37.903091,44.25,-25.44245,-49.2832,DEV0697,M098,0
T000535,U350,2026-05-22T18:56:51.973661,36.64,-25.43505,-49.23084,DEV0696,M020,0
T000536,U347,2026-05-22T22:00:33.037307,315.84,-22.92126,-43.24634,DEV0517,U187,0
T000537,U471,2026-05-22T17:12:47.179262,603.17,-25.40526,-49.4256,DEV0349,M064,0
T000538,U125,2026-05-22T20:20:40.803865,1762.36,-19.84437,-43.94358,DEV0408,M011,1
T000539,U039,2026-05-22T22:33:38.974220,257.2,-29.96808,-51.15165,DEV0574,M031,0
T000540,U385,2026-05-22T20:31:04.645357,55.05,-15.78586,-47.94845,DEV0215,U493,0
T000541,U458,2026-05-22T13:33:33.384874,9.93,-12.93257,-38.50421,DEV0538,M076,0
T000542,U085,2026-05-22T17:25:46.870321,953.68,-25.44594,-49.38422,DEV0144,M061,0
T000543,U346,2026-05-22T17:05:31.367801,447.88,-15.81817,-47.94793,DEV0196,M001,1
T000544,U351,2026-05-22T20:50:16.313486,201.08,-12.91639,-38.5023,DEV0157,U090,0
T000545,U358,2026-05-22T19:42:38.991069,299.48,-25.41286,-49.35223,DEV0218,M021,0
T000546,U447,2026-05-22T22:19:31.687167,122.94,-19.79409,-43.91816,DEV0616,M093,0
T000547,U271,2026-05-23T01:16:20.448758,103.8,-12.93935,-38.48168,DEV0005,M037,0
T000548,U407,2026-05-22T15:55:36.233145,40.04,-23.5999,-46.63008,DEV0151,M097,0
T000549,U249,2026-05-22T15:44:57.545934,169.64,-25.36897,-49.18083,DEV0054,U390,0
T000550,U042,2026-05-22T15:50:04.628297,40.56,-12.95225,-38.54164,DEV0462,U130,0
T000551,U426,2026-05-22T18:04:04.878798,10.82,-22.89064,-43.10871,DEV0017,M066,0
T000552,U082,2026-05-23T02:37:20.922207,483.19,-30.00271,-51.1952,DEV0338,M065,1
T000553,U116,2026-05-22T21:00:31.925747,16.83,-30.0018,-51.18319,DEV0161,M064,0
T000554,U410,2026-05-22T15:14:03.240430,1.81,-13.00506,-38.53343,DEV0523,U243,0
T000555,U400,2026-05-22T16:52:37.177184,109.58,-15.78136,-47.8654,DEV0761,U325,0
T000556,U394,2026-05-22T14:45:02.052689,1453.34,-22.91473,-43.11028,DEV0458,M049,0
T000557,U357,2026-05-22T21:57:01.668622,104.92,-30.10086,-51.1905,DEV0346,M036,0
T000558,U333,2026-05-22T19:46:45.804156,14.98,-15.80877,-47.94302,DEV0132,M089,0
T000559,U083,2026-05-23T01:58:11.172172,7.89,-19.89988,-43.97939,DEV0473,M053,0
T000560,U068,2026-05-23T03:56:11.063690,26.92,-25.36107,-49.33636,DEV0566,M021,0
T000561,U300,2026-05-22T16:28:39.327737,130.02,-19.91996,-43.96205,DEV0741,U159,0
T000562,U479,2026-05-23T03:54:31.368505,26.08,-25.37388,-49.21331,DEV0697,U099,0
T000563,U442,2026-05-22T14:14:15.577088,234.3,-25.41757,-49.28847,DEV0467,U144,0
T000564,U029,2026-05-22T15:24:53.514653,73.77,-12.91794,-38.54007,DEV0338,U075,0
T000565,U069,2026-05-22T01:55:02.533141,4023.69,-23.55552,-46.63617,DEV0385,M057,1
T000566,U170,2026-05-22T14:54:10.681020,35.1,-13.02168,-38.48339,DEV0602,U209,0
T000567,U387,2026-05-22T16:41:07.526745,15.13,-12.98361,-38.47969,DEV0305,U474,0
T000568,U461,2026-05-22T21:24:31.201992,17.5,-22.83419,-43.17219,DEV0391,M031,0
T000569,U234,2026-05-22T14:38:12.682740,31.21,-22.92104,-43.19784,DEV0063,U185,0
T000570,U393,2026-05-22T14:07:01.335375,1786.24,-13.03025,-38.41037,DEV0055,M044,0
T000571,U471,2026-05-22T17:53:27.196745,13.54,-25.39212,-49.26647,DEV0349,M069,0
T000572,U300,2026-05-22T18:23:00.014401,1718.58,-19.85236,-43.97025,DEV0741,M070,0
T000573,U323,2026-05-23T02:04:57.506615,58.66,-19.93118,-43.86994,DEV0550,U186,0
T000574,U204,2026-05-22T20:59:38.236901,5000.0,-30.09279,-51.12612,DEV0091,U181,1
T000575,U181,2026-05-22T20:59:48.236901,4950.0,-15.7801,-47.9292,DEV0596,U188,1
T000576,U188,2026-05-22T20:59:58.236901,4900.0,-23.5505,-46.6333,DEV0469,U204,1
T000577,U478,2026-05-22T16:31:11.750143,21.98,-12.96801,-38.6024,DEV0477,M073,0
T000578,U488,2026-05-22T18:29:58.898530,29.7,-19.94548,-43.91374,DEV0061,M040,0
T000579,U027,2026-05-22T15:05:40.703976,100.81,-30.03543,-51.22299,DEV0456,U468,0
T000580,U097,2026-05-22T15:06:35.415765,1324.97,-19.9851,-43.91377,DEV0720,M092,0
T000581,U177,2026-05-22T21:49:12.249950,22.67,-25.40908,-49.23141,DEV0096,M018,0
T000582,U286,2026-05-22T20:12:43.985417,351.09,-20.06236,-43.91618,DEV0623,M002,0
T000583,U046,2026-05-22T18:33:02.852314,1.26,-19.83827,-43.90058,DEV0575,M017,0
T000584,U413,2026-05-22T13:50:19.882931,233.5,-15.8339,-48.07951,DEV0256,U398,0
T000585,U151,2026-05-23T00:26:22.470954,3.76,-15.78376,-47.89112,DEV0220,M055,0
T000586,U079,2026-05-22T17:10:24.152096,226.67,-19.93204,-43.98133,DEV0346,M059,0
T000587,U432,2026-05-22T16:06:27.574392,290.94,-23.63906,-46.6654,DEV0476,U323,0
T000588,U094,2026-05-22T17:42:01.344079,288.95,-15.77902,-47.97652,DEV0227,M080,0
T000589,U099,2026-05-22T16:02:12.327821,219.32,-15.75776,-47.90977,DEV0277,M015,0
T000590,U042,2026-05-22T21:02:00.751976,5000.0,-12.95588,-38.53179,DEV0462,U031,1
T000591,U031,2026-05-22T21:02:10.751976,4950.0,-25.4284,-49.2733,DEV0493,U373,1
T000592,U373,2026-05-22T21:02:20.751976,4900.0,-30.0346,-51.2177,DEV0244,U042,1
T000593,U232,2026-05-22T19:57:49.394097,19.82,-15.75459,-47.86557,DEV0065,M067,0
T000594,U402,2026-05-22T14:43:57.405080,38.76,-30.05452,-51.15553,DEV0264,U198,0
T000595,U044,2026-05-22T15:35:58.129153,276.55,-15.81052,-47.89957,DEV0795,U159,0
T000596,U085,2026-05-22T23:31:49.178877,14.55,-25.42208,-49.33218,DEV0144,M094,0
T000597,U115,2026-05-22T20:35:58.165099,4.78,-29.99846,-51.21211,DEV0253,M021,0
T000598,U180,2026-05-22T16:01:27.925088,222.08,-23.58999,-46.6334,DEV0798,M002,0
T000599,U026,2026-05-22T17:18:29.534055,34.15,-15.83241,-47.90553,DEV0270,U397,0
T000600,U313,2026-05-22T20:39:35.045469,51.16,-15.77043,-47.96176,DEV0410,M047,0
T000601,U380,2026-05-23T02:11:05.109652,83.65,-22.82658,-43.18715,DEV0469,M050,0
T000602,U016,2026-05-22T15:28:40.519079,247.84,-30.00537,-51.23621,DEV0274,M087,0
T000603,U077,2026-05-23T00:40:58.576246,38.88,-15.80964,-47.91479,DEV0464,M080,0
T000604,U280,2026-05-22T22:14:40.148817,106.48,-23.57785,-46.63823,DEV0008,M099,0
T000605,U466,2026-05-22T15:21:29.327460,281.2,-23.58897,-46.62587,DEV0526,M023,0
T000606,U465,2026-05-22T14:07:04.265033,208.08,-22.83999,-43.15391,DEV0443,M082,0
T000607,U238,2026-05-22T14:19:35.910951,151.67,-30.00061,-51.21082,DEV0518,U019,0
T000608,U483,2026-05-22T15:32:05.406331,46.61,-15.76096,-47.9269,DEV0376,U011,0
T000609,U218,2026-05-22T14:02:11.546590,113.12,-23.51727,-46.68405,DEV0373,U016,0
T000610,U012,2026-05-22T14:09:17.881394,28.06,-30.09483,-51.26418,DEV0190,M006,0
T000611,U404,2026-05-22T16:56:19.497785,36.35,-19.97603,-43.89779,DEV0452,M097,0
T000612,U101,2026-05-23T01:47:19.467350,34.54,-23.53513,-46.64569,DEV0688,M031,0
T000613,U479,2026-05-23T04:35:14.593762,44.71,-25.50756,-49.26758,DEV0697,M024,0
T000614,U347,2026-05-22T22:58:11.585547,833.05,-22.99219,-43.15628,DEV0517,U227,0
T000615,U404,2026-05-22T19:33:50.443048,334.0,-19.92818,-43.94281,DEV0452,M011,0
T000616,U496,2026-05-22T15:38:34.015979,628.93,-23.53965,-46.68068,DEV0753,M037,0
T000617,U114,2026-05-22T15:06:47.049132,112.94,-19.84182,-43.86873,DEV0700,M038,0
T000618,U090,2026-05-22T15:50:29.112177,224.79,-19.90123,-43.95843,DEV0208,M014,0
T000619,U483,2026-05-23T01:38:51.385009,12.69,-15.82874,-47.90349,DEV0376,U440,0
T000620,U295,2026-05-22T14:50:32.461830,33.36,-12.93058,-38.50203,DEV0146,M023,0
T000621,U260,2026-05-23T03:36:44.755228,21.25,-12.95583,-38.57052,DEV0797,M018,0
T000622,U243,2026-05-22T14:17:03.931864,218.64,-15.87235,-47.88992,DEV0001,U414,0
T000623,U135,2026-05-22T19:53:57.442321,23.93,-13.00719,-38.51361,DEV0572,M088,0
T000624,U280,2026-05-22T22:42:17.889530,1909.72,-23.54782,-46.58472,DEV0008,M093,0
T000625,U379,2026-05-22T15:06:25.299724,25.33,-19.91756,-43.96737,DEV0662,M072,0
T000626,U100,2026-05-22T17:27:36.432126,278.58,-30.05419,-51.26859,DEV0195,M057,0
T000627,U007,2026-05-22T17:23:16.010106,9.47,-15.8207,-47.94293,DEV0386,M004,0
T000628,U364,2026-05-22T18:16:19.895659,182.48,-15.77447,-47.88637,DEV0051,M020,0
T000629,U380,2026-05-23T04:18:18.746011,240.09,-22.9019,-43.21785,DEV0469,U304,0
T000630,U041,2026-05-22T14:44:39.062561,170.02,-19.93973,-43.92257,DEV0547,M079,0
T000631,U104,2026-05-22T16:56:18.296287,170.22,-12.97502,-38.45009,DEV0563,M082,0
T000632,U258,2026-05-22T13:30:01.087380,171.82,-23.51442,-46.64766,DEV0335,U259,0
T000633,U258,2026-05-22T14:43:21.661157,155.81,-23.48057,-46.55346,DEV0335,U127,0
T000634,U403,2026-05-22T16:35:42.992504,20.37,-15.83041,-48.03429,DEV0288,M017,0
T000635,U057,2026-05-22T14:19:26.019783,21.8,-15.83395,-47.87741,DEV0225,M046,0
T000636,U302,2026-05-22T16:29:12.510330,135.05,-15.77772,-47.93788,DEV0503,M008,0
T000637,U219,2026-05-22T15:56:09.366016,95.84,-19.86294,-43.91874,DEV0656,U367,0
T000638,U464,2026-05-22T15:32:24.632310,303.8,-30.02094,-51.28506,DEV0372,M069,1
T000639,U065,2026-05-22T16:03:48.490704,110.38,-15.684,-47.96205,DEV0386,M011,0
T000640,U409,2026-05-22T23:17:57.124655,1437.61,-22.97968,-43.20848,DEV0514,M078,0
T000641,U360,2026-05-22T14:48:58.575201,458.8,-30.02015,-51.1826,DEV0616,M052,0
T000642,U235,2026-05-22T17:13:23.807496,238.72,-19.92931,-43.88301,DEV0795,M058,0
T000643,U103,2026-05-22T15:51:34.516473,22.11,-15.74073,-47.92272,DEV0670,U233,0
T000644,U354,2026-05-22T20:55:01.843087,60.92,-25.4313,-49.31006,DEV0794,M013,0
T000645,U114,2026-05-22T16:52:29.915470,132.32,-19.9166,-43.9976,DEV0700,U141,0
T000646,U023,2026-05-22T19:57:43.723539,110.4,-22.87025,-43.14598,DEV0390,U364,0
T000647,U141,2026-05-22T17:19:46.222666,1.63,-25.44126,-49.35397,DEV0058,M067,0
T000648,U167,2026-05-22T14:18:08.203669,22.58,-12.97992,-38.54204,DEV0012,U495,0
T000649,U204,2026-05-22T21:39:42.408267,37.47,-30.06781,-51.31301,DEV0091,U370,0
T000650,U254,2026-05-22T17:20:56.475930,319.35,-25.4284,-49.2733,DEV0422,M100,1
T000651,U401,2026-05-22T15:04:51.798128,63.83,-19.90385,-43.91562,DEV0051,U464,0
T000652,U122,2026-05-22T23:23:50.956582,28.93,-23.50383,-46.72135,DEV0104,M069,0
T000653,U392,2026-05-22T18:38:03.263817,28.24,-19.88871,-43.97336,DEV0644,M076,0
T000654,U070,2026-05-22T18:24:08.830237,554.2,-22.99347,-43.16183,DEV0691,M020,1
T000655,U162,2026-05-23T02:52:31.439418,119.9,-19.91307,-43.97018,DEV0664,U456,0
T000656,U318,2026-05-22T21:31:16.480160,17.5,-12.96507,-38.51391,DEV0259,M084,0
T000657,U044,2026-05-22T17:57:56.377266,260.71,-15.78108,-47.89621,DEV0795,U046,0
T000658,U443,2026-05-22T14:55:06.869734,429.54,-19.96185,-43.89854,DEV0507,M070,0
T000659,U190,2026-05-22T16:39:43.038656,158.4,-12.93501,-38.39064,DEV0693,U040,0
T000660,U082,2026-05-23T03:31:51.820636,148.19,-30.03748,-51.30537,DEV0338,U178,0
T000661,U237,2026-05-22T16:37:30.125513,7.38,-30.05086,-51.26456,DEV0385,M081,0
T000662,U327,2026-05-22T14:12:46.148496,53.44,-22.87737,-43.13956,DEV0588,U023,0
T000663,U229,2026-05-22T18:58:37.985789,36.06,-12.95177,-38.47872,DEV0450,M062,0
T000664,U386,2026-05-22T15:05:57.200154,35.23,-19.88009,-43.86517,DEV0318,M016,0
T000665,U293,2026-05-23T03:31:59.746350,4.65,-23.57174,-46.5804,DEV0525,U451,0
T000666,U203,2026-05-22T18:28:30.675622,1.74,-19.92351,-43.94507,DEV0445,M029,0
T000667,U194,2026-05-22T15:25:49.220995,59.92,-23.55246,-46.72104,DEV0074,M065,0
T000668,U018,2026-05-23T01:03:13.924822,36.26,-23.55939,-46.73304,DEV0346,M067,0
T000669,U206,2026-05-22T23:50:38.359307,71.99,-12.95968,-38.45368,DEV0653,M002,0
T000670,U389,2026-05-22T22:37:09.915655,400.81,-22.89041,-43.21318,DEV0769,M026,0
T000671,U468,2026-05-22T14:33:00.600600,36.04,-22.89632,-43.16988,DEV0131,U120,0
T000672,U220,2026-05-22T19:24:31.415844,342.27,-19.88501,-43.92181,DEV0012,U202,0
T000673,U046,2026-05-22T19:23:51.211038,444.25,-19.96664,-43.97652,DEV0575,M078,0
T000674,U239,2026-05-22T15:10:41.029920,570.94,-12.93204,-38.51195,DEV0645,M044,0
T000675,U401,2026-05-22T16:16:48.660120,135.93,-20.04675,-43.83139,DEV0051,M070,0
T000676,U460,2026-05-22T17:27:47.567724,277.75,-30.07332,-51.17716,DEV0794,M006,0
T000677,U361,2026-05-22T17:08:24.461312,180.37,-25.33916,-49.27263,DEV0356,M070,0
T000678,U106,2026-05-22T21:28:38.188359,501.55,-15.79846,-47.93837,DEV0609,M039,0
T000679,U292,2026-05-22T14:47:58.135519,32.93,-22.79618,-43.15332,DEV0126,M031,0
T000680,U489,2026-05-22T16:13:44.815649,697.75,-25.40273,-49.34208,DEV0710,M056,0
T000681,U271,2026-05-23T01:53:58.435825,95.71,-13.03885,-38.51682,DEV0005,M088,0
T000682,U084,2026-05-22T16:39:16.881680,16.84,-30.07538,-51.23774,DEV0298,M034,0
T000683,U467,2026-05-22T14:23:50.687098,41.17,-19.90368,-43.91363,DEV0620,M022,0
T000684,U129,2026-05-22T19:15:54.759248,60.16,-22.93705,-43.1362,DEV0800,M095,0
T000685,U208,2026-05-22T23:51:26.254338,63.63,-12.90686,-38.372,DEV0361,M075,0
T000686,U299,2026-05-22T17:33:20.827651,104.21,-22.98695,-43.21211,DEV0320,M003,0
T000687,U187,2026-05-22T17:42:43.434151,34.3,-13.02093,-38.55101,DEV0069,M026,0
T000688,U056,2026-05-22T19:46:59.756495,37.67,-29.98004,-51.23224,DEV0348,U341,0
T000689,U356,2026-05-22T14:07:57.471674,5000.0,-23.05158,-43.17715,DEV0550,U211,1
T000690,U211,2026-05-22T14:08:07.471674,4950.0,-23.5505,-46.6333,DEV0117,U048,1
T000691,U048,2026-05-22T14:08:17.471674,4900.0,-25.4284,-49.2733,DEV0734,U356,1
T000692,U126,2026-05-22T03:32:25.893661,4253.04,-22.86018,-43.1619,DEV0036,U166,1
T000693,U066,2026-05-22T16:49:19.540983,569.66,-13.02062,-38.52396,DEV0625,M089,0
T000694,U253,2026-05-22T15:49:50.961322,712.6,-15.72589,-47.91868,DEV0578,M065,0
T000695,U393,2026-05-22T14:17:15.461350,2213.97,-13.05188,-38.53627,DEV0055,M041,0
T000696,U056,2026-05-22T19:48:10.047917,46.42,-30.02179,-51.15803,DEV0348,U061,0
T000697,U225,2026-05-22T14:26:38.501925,3.68,-19.87171,-43.96794,DEV0502,U014,0
T000698,U245,2026-05-22T02:17:06.541008,3558.5,-23.60319,-46.61191,DEV0488,M042,1
T000699,U257,2026-05-22T15:43:39.933460,91.18,-29.97778,-51.26333,DEV0308,U105,0
T000700,U110,2026-05-22T23:48:08.333880,378.18,-25.45538,-49.22855,DEV0158,M001,0
T000701,U271,2026-05-23T02:35:19.678588,240.57,-13.00282,-38.51603,DEV0005,M013,0
T000702,U284,2026-05-22T16:31:08.727232,13.27,-22.83864,-43.18808,DEV0365,U010,0
T000703,U205,2026-05-22T17:08:02.664240,143.02,-19.92287,-43.86241,DEV0039,M004,0
T000704,U378,2026-05-22T20:25:47.841383,294.77,-23.4219,-46.74577,DEV0177,U350,0
T000705,U242,2026-05-22T16:47:44.548782,22.93,-23.51752,-46.68696,DEV0085,M048,0
T000706,U015,2026-05-22T15:34:43.876445,96.39,-19.84975,-44.01013,DEV0647,M020,0
T000707,U338,2026-05-23T01:42:17.692782,46.82,-23.56826,-46.69828,DEV0145,M061,0
T000708,U196,2026-05-22T15:03:36.885586,129.05,-15.77496,-47.92173,DEV0653,M063,0
T000709,U464,2026-05-22T16:12:01.923651,696.09,-30.06605,-51.20786,DEV0372,U019,0
T000710,U426,2026-05-22T19:36:17.289285,32.79,-22.96619,-43.19277,DEV0017,M028,0
T000711,U169,2026-05-22T16:50:49.095813,21.39,-19.87186,-43.9549,DEV0727,M066,0
T000712,U438,2026-05-22T23:04:16.442830,42.78,-19.95277,-43.90227,DEV0744,M099,0
T000713,U431,2026-05-22T19:48:03.229921,32.93,-13.02039,-38.52121,DEV0455,M041,0
T000714,U274,2026-05-22T19:59:31.072314,110.91,-22.95693,-43.17504,DEV0046,M058,0
T000715,U414,2026-05-22T18:58:07.043271,72.12,-22.8892,-43.1239,DEV0053,U236,0
T000716,U465,2026-05-22T14:46:30.568063,444.94,-22.8673,-43.18493,DEV0443,M096,0
T000717,U291,2026-05-22T18:00:12.983057,22.78,-29.99561,-51.15999,DEV0273,M047,0
T000718,U048,2026-05-22T14:15:15.153290,8.67,-25.32844,-49.2163,DEV0734,M073,0
T000719,U329,2026-05-22T16:38:27.750282,34.12,-25.45983,-49.28718,DEV0349,M019,0
T000720,U369,2026-05-22T16:06:07.018906,56.04,-30.03521,-51.13833,DEV0371,M058,0
T000721,U142,2026-05-22T16:49:14.559145,25.2,-12.89563,-38.48231,DEV0474,M013,0
T000722,U303,2026-05-22T14:32:11.658532,85.31,-15.91106,-47.99373,DEV0446,M012,0
T000723,U334,2026-05-22T16:30:24.566527,207.21,-22.90266,-43.17106,DEV0089,M033,0
T000724,U332,2026-05-22T15:34:05.279094,57.88,-12.90104,-38.56183,DEV0379,M046,0
T000725,U430,2026-05-22T15:41:28.827631,127.88,-22.82774,-43.19323,DEV0268,U439,0
T000726,U339,2026-05-22T14:00:39.290162,38.7,-30.05878,-51.17561,DEV0616,M089,0
T000727,U246,2026-05-22T17:37:38.097995,83.44,-25.46774,-49.31252,DEV0095,M014,0
T000728,U495,2026-05-23T02:45:51.297830,201.59,-19.85752,-44.01045,DEV0226,M027,0
T000729,U133,2026-05-22T17:43:26.511312,117.32,-25.39769,-49.38603,DEV0682,M076,0
T000730,U421,2026-05-22T13:57:26.626265,460.75,-15.82292,-47.95978,DEV0052,M085,1
T000731,U209,2026-05-22T21:14:36.328028,851.62,-19.92532,-43.80945,DEV0348,M068,0
T000732,U420,2026-05-22T13:39:53.449126,78.57,-23.51259,-46.7003,DEV0359,M075,0
T000733,U402,2026-05-23T02:14:35.931732,5.29,-30.05534,-51.18552,DEV0264,M011,0
T000734,U126,2026-05-22T21:15:23.407792,21.4,-22.85529,-43.13888,DEV0036,U210,0
T000735,U328,2026-05-22T19:22:11.105530,73.75,-23.63787,-46.6457,DEV0296,M016,0
T000736,U014,2026-05-22T20:23:31.461131,9.87,-25.44491,-49.27466,DEV0505,M080,0
T000737,U152,2026-05-22T17:39:59.439158,124.72,-23.62014,-46.66354,DEV0094,U216,0
T000738,U476,2026-05-22T16:22:33.031859,299.47,-12.93919,-38.53076,DEV0141,M063,0
T000739,U369,2026-05-22T17:48:41.930834,2.3,-30.06368,-51.29328,DEV0371,M066,0
T000740,U152,2026-05-22T19:28:01.183337,223.9,-23.55087,-46.6232,DEV0094,U065,0
T000741,U428,2026-05-22T14:07:21.809482,160.41,-12.94883,-38.45188,DEV0376,M070,1
T000742,U330,2026-05-22T18:53:06.324794,17.42,-23.4455,-46.64223,DEV0229,M039,0
T000743,U037,2026-05-22T18:18:17.835226,162.64,-23.54666,-46.70252,DEV0028,U325,0
T000744,U231,2026-05-22T19:17:04.947362,76.9,-12.91947,-38.49674,DEV0119,M094,0
T000745,U278,2026-05-22T15:17:51.994278,154.2,-15.78434,-47.92051,DEV0107,M070,0
T000746,U407,2026-05-22T17:16:34.263173,393.66,-23.53411,-46.58568,DEV0151,M013,0
T000747,U291,2026-05-22T18:18:17.004229,69.0,-30.02437,-51.22325,DEV0273,U377,0
T000748,U365,2026-05-22T22:12:09.988960,137.11,-23.61114,-46.59711,DEV0726,M098,0
T000749,U078,2026-05-22T15:30:59.818605,69.92,-25.47461,-49.22303,DEV0764,U423,0
T000750,U092,2026-05-22T15:07:49.724179,244.26,-25.35024,-49.20343,DEV0587,M078,0
T000751,U344,2026-05-22T18:09:10.340588,60.05,-25.37369,-49.30063,DEV0157,M024,0
T000752,U156,2026-05-22T17:00:35.642524,53.53,-15.86213,-47.97704,DEV0357,U494,0
T000753,U349,2026-05-22T14:44:30.101689,67.05,-30.09987,-51.22346,DEV0228,M070,0
T000754,U099,2026-05-22T16:17:36.111923,57.02,-15.74436,-47.89948,DEV0277,U197,0
T000755,U307,2026-05-22T15:05:55.630582,43.72,-15.74081,-47.86148,DEV0322,U102,0
T000756,U169,2026-05-22T17:33:29.064273,15.22,-19.84031,-43.95266,DEV0727,M088,0
T000757,U023,2026-05-22T20:36:02.174519,33.0,-22.89022,-43.22526,DEV0390,M057,0
T000758,U327,2026-05-22T19:05:46.019350,239.05,-22.93397,-43.19173,DEV0588,M086,0
T000759,U221,2026-05-22T22:49:16.541736,19.09,-15.78535,-47.89856,DEV0408,M093,0
T000760,U010,2026-05-22T21:46:49.958740,63.81,-23.43291,-46.6609,DEV0475,U443,0
T000761,U002,2026-05-22T17:40:09.003826,347.79,-19.91295,-43.98631,DEV0072,M094,0
T000762,U447,2026-05-22T23:52:30.600691,18.71,-19.94891,-44.0284,DEV0616,U366,0
T000763,U074,2026-05-22T15:29:08.081236,48.06,-12.92154,-38.5288,DEV0610,M086,0
T000764,U470,2026-05-22T14:38:42.944402,13.67,-30.134,-51.31287,DEV0527,U442,0
T000765,U226,2026-05-22T16:00:58.838612,5.48,-23.54003,-46.66135,DEV0724,M013,0
T000766,U239,2026-05-22T17:20:48.046399,45.74,-12.90623,-38.49588,DEV0645,U048,0
T000767,U431,2026-05-22T21:26:10.115076,58.45,-12.96862,-38.47432,DEV0455,M001,0
T000768,U234,2026-05-22T19:10:34.580966,90.89,-22.89331,-43.17727,DEV0063,U145,0
T000769,U420,2026-05-22T14:37:00.679076,52.98,-23.55664,-46.6441,DEV0359,U050,0
T000770,U178,2026-05-22T14:01:27.798511,177.82,-15.8179,-47.88584,DEV0736,M024,0
T000771,U374,2026-05-22T18:57:00.228490,14.29,-19.87702,-43.95414,DEV0386,M089,0
T000772,U271,2026-05-23T02:44:46.799376,16.83,-12.93652,-38.5432,DEV0005,M046,0
T000773,U160,2026-05-22T17:16:05.374897,522.03,-23.65972,-46.61962,DEV0325,M007,0
T000774,U308,2026-05-22T18:01:29.973777,9.24,-19.9242,-43.90494,DEV0004,M017,0
T000775,U414,2026-05-22T19:16:31.815345,61.23,-15.7801,-47.9292,DEV0053,M046,1
T000776,U228,2026-05-22T15:56:02.018034,18.59,-15.7307,-47.87723,DEV0594,M028,0
T000777,U356,2026-05-22T15:08:17.420802,11.53,-22.94237,-43.14908,DEV0550,U460,0
T000778,U400,2026-05-22T19:15:44.904625,185.05,-15.81288,-48.01467,DEV0761,M081,0
T000779,U195,2026-05-22T14:53:49.769580,82.92,-23.4932,-46.57614,DEV0253,M086,0
T000780,U087,2026-05-22T15:54:47.306314,497.55,-23.52224,-46.64884,DEV0304,M007,0
T000781,U176,2026-05-22T17:11:12.395775,160.45,-19.92912,-43.94048,DEV0689,M090,0
T000782,U305,2026-05-22T14:17:47.694162,13.55,-30.03985,-51.27699,DEV0243,M100,0
T000783,U259,2026-05-22T21:20:14.660226,60.42,-30.10743,-51.12441,DEV0106,M076,0
T000784,U467,2026-05-22T15:44:32.097804,23.95,-19.96337,-43.96277,DEV0620,M010,0
T000785,U463,2026-05-23T01:04:09.718701,123.72,-22.95185,-43.296,DEV0727,M017,0
T000786,U074,2026-05-22T17:40:55.028871,176.99,-12.98814,-38.5911,DEV0610,M095,0
T000787,U001,2026-05-22T19:29:30.530353,110.2,-30.07209,-51.26405,DEV0436,M090,0
T000788,U270,2026-05-22T16:32:51.353897,150.57,-12.94275,-38.47863,DEV0634,U453,0
T000789,U171,2026-05-22T14:07:48.051675,252.66,-19.81934,-43.95739,DEV0617,M029,0
T000790,U316,2026-05-23T02:23:46.826993,198.72,-22.88949,-43.11901,DEV0654,M044,0
T000791,U333,2026-05-22T23:51:11.487162,81215.6,-15.75428,-47.88582,DEV0132,M069,1
T000792,U353,2026-05-22T16:43:56.498148,207.52,-30.13409,-51.25144,DEV0627,M028,0
T000793,U109,2026-05-22T17:47:12.207573,45.55,-23.52521,-46.63764,DEV0512,M060,0
T000794,U191,2026-05-22T15:09:30.817858,54.24,-29.98017,-51.20723,DEV0398,M007,0
T000795,U113,2026-05-22T16:16:10.122716,575.68,-23.48789,-46.62524,DEV0302,M069,0
T000796,U122,2026-05-23T05:15:56.774412,102.39,-23.50072,-46.71405,DEV0104,U277,0
T000797,U173,2026-05-22T17:59:54.341446,2.92,-19.85825,-43.91434,DEV0413,M012,0
T000798,U329,2026-05-22T16:46:25.592928,16.02,-25.28381,-49.25938,DEV0349,U335,0
T000799,U226,2026-05-22T17:47:37.587582,118.79,-23.61654,-46.59473,DEV0724,M019,0
T000800,U406,2026-05-22T15:22:10.927890,295.5,-29.98603,-51.18387,DEV0007,M042,0
T000801,U281,2026-05-22T17:48:05.035746,3.86,-12.96457,-38.50013,DEV0692,M070,0
T000802,U089,2026-05-22T14:10:41.484185,105.49,-30.02175,-51.21182,DEV0009,M100,0
T000803,U465,2026-05-22T16:47:00.649286,165.11,-22.90506,-43.24168,DEV0443,M090,0
T000804,U110,2026-05-23T01:59:56.507720,57.76,-25.42827,-49.18285,DEV0158,U345,0
T000805,U057,2026-05-22T17:46:38.276722,3.22,-15.74581,-48.03689,DEV0225,M010,0
T000806,U320,2026-05-22T14:47:54.735076,39.08,-22.88414,-43.16124,DEV0172,U497,0
T000807,U278,2026-05-22T15:19:01.248086,50.99,-15.68053,-47.90955,DEV0107,M018,0
T000808,U033,2026-05-22T14:50:00.218338,19.2,-23.52557,-46.59561,DEV0344,U339,0
T000809,U438,2026-05-22T23:33:28.238497,2.6,-19.96722,-43.90856,DEV0744,M033,0
T000810,U381,2026-05-22T19:30:08.664708,22.26,-23.62542,-46.57613,DEV0084,M053,0
T000811,U345,2026-05-22T22:29:02.374100,138.26,-23.54488,-46.652,DEV0411,M064,0
T000812,U269,2026-05-22T23:13:50.420826,461.92,-19.89335,-43.97757,DEV0093,M050,0
T000813,U393,2026-05-22T15:27:55.744022,1038.18,-12.97517,-38.41845,DEV0055,M098,0
T000814,U197,2026-05-22T18:25:08.771702,9.69,-23.49692,-46.70863,DEV0795,M054,0
T000815,U333,2026-05-23T00:40:43.893229,39.65,-15.81629,-47.95481,DEV0132,M087,0
T000816,U049,2026-05-22T18:38:54.951203,114.28,-29.99359,-51.17683,DEV0749,U462,0
T000817,U041,2026-05-22T16:49:00.659592,5.14,-19.85251,-43.90618,DEV0547,M073,0
T000818,U403,2026-05-22T18:40:15.141725,355.52,-15.79826,-47.88648,DEV0288,U494,0
T000819,U200,2026-05-22T18:05:22.508716,191.53,-23.47358,-46.60927,DEV0342,U077,0
T000820,U488,2026-05-23T00:03:47.338536,42.48,-19.93556,-43.8151,DEV0061,M082,0
T000821,U497,2026-05-22T18:41:05.108125,25.04,-15.69978,-47.90577,DEV0517,M003,0
T000822,U143,2026-05-22T13:51:01.919622,117.88,-29.98939,-51.26806,DEV0127,M078,0
T000823,U270,2026-05-22T18:56:16.878006,77.27,-12.98908,-38.50215,DEV0634,M077,0
T000824,U316,2026-05-23T03:04:06.752641,54.26,-22.94646,-43.15126,DEV0654,M051,0
T000825,U019,2026-05-22T20:41:43.415913,12.27,-25.39109,-49.26746,DEV0092,M055,0
T000826,U183,2026-05-22T15:47:34.580202,20.11,-23.62892,-46.69015,DEV0612,U246,0
T000827,U059,2026-05-22T20:51:35.079029,10.58,-23.52645,-46.6799,DEV0259,M095,0
T000828,U288,2026-05-22T18:55:32.691118,45.47,-22.84096,-43.18422,DEV0506,U295,0
T000829,U317,2026-05-22T16:56:44.756318,1345.8,-12.91128,-38.39762,DEV0139,M048,0
T000830,U119,2026-05-22T19:54:04.279054,91.99,-15.77904,-47.91084,DEV0792,U500,0
T000831,U303,2026-05-22T15:22:49.745219,352.22,-15.80185,-47.89055,DEV0446,U163,1
T000832,U430,2026-05-22T20:15:35.512940,118.13,-22.93101,-43.1752,DEV0268,U316,0
T000833,U007,2026-05-22T18:44:53.034658,17.78,-15.71372,-47.81874,DEV0386,M004,0
T000834,U347,2026-05-23T01:35:02.687600,1.23,-22.94545,-43.21644,DEV0517,M024,0
T000835,U234,2026-05-22T19:57:00.881815,11.4,-22.891,-43.2012,DEV0063,U044,0
T000836,U410,2026-05-22T15:45:20.742112,4.2,-12.97933,-38.5473,DEV0523,M059,0
T000837,U353,2026-05-22T18:52:03.208014,14.69,-30.01145,-51.21101,DEV0627,M071,0
T000838,U245,2026-05-23T02:32:37.027949,410.67,-23.56351,-46.69834,DEV0488,M048,0
T000839,U114,2026-05-22T20:15:05.517649,11.84,-19.81338,-43.91638,DEV0700,M086,0
T000840,U401,2026-05-22T17:34:14.521117,90.32,-19.87798,-43.97954,DEV0051,M056,0
T000841,U384,2026-05-22T14:38:08.709202,133.15,-30.01856,-51.25969,DEV0769,M060,0
T000842,U235,2026-05-22T17:31:50.000938,116.33,-19.8309,-43.9838,DEV0795,U379,0
T000843,U234,2026-05-22T19:59:07.434924,84.77,-22.93441,-43.22776,DEV0063,M007,0
T000844,U064,2026-05-22T16:43:06.500914,1415.69,-23.54609,-46.5846,DEV0442,M052,0
T000845,U244,2026-05-22T15:51:17.727514,68.2,-12.96999,-38.54691,DEV0772,M077,0
T000846,U400,2026-05-22T20:14:50.925044,729.88,-15.64594,-47.96348,DEV0761,U412,0
T000847,U372,2026-05-22T15:43:23.190742,47.75,-13.04561,-38.58994,DEV0666,M097,0
T000848,U055,2026-05-22T19:51:51.526134,45.82,-15.78449,-47.9397,DEV0331,M087,0
T000849,U464,2026-05-22T20:28:06.961956,155.03,-30.06617,-51.21507,DEV0372,M096,0
T000850,U026,2026-05-22T17:35:00.290902,225.64,-15.69175,-47.98241,DEV0270,U417,1
T000851,U067,2026-05-22T21:31:24.726824,1142.75,-19.94755,-43.90961,DEV0113,U198,0
T000852,U376,2026-05-22T14:18:19.397405,20.3,-19.93284,-43.97494,DEV0763,U207,0
T000853,U151,2026-05-23T02:06:47.006468,18.81,-15.80285,-47.94782,DEV0220,U174,0
T000854,U494,2026-05-22T17:49:49.468690,32.84,-19.96852,-43.95855,DEV0493,M038,0
T000855,U255,2026-05-22T20:10:32.527137,305.62,-22.88284,-43.09992,DEV0306,M039,0
T000856,U093,2026-05-22T17:51:29.587356,5.66,-25.38397,-49.19295,DEV0422,U294,0
T000857,U115,2026-05-22T21:12:58.491222,2.58,-30.08781,-51.30599,DEV0253,M077,0
T000858,U127,2026-05-22T17:35:35.030574,269.51,-23.64338,-46.65907,DEV0776,M013,0
T000859,U163,2026-05-22T15:49:06.017301,34.02,-19.8967,-43.97452,DEV0380,U268,0
T000860,U425,2026-05-23T02:43:10.106963,112.95,-22.95081,-43.22388,DEV0356,U153,0
T000861,U362,2026-05-22T14:47:35.551138,165.27,-12.98182,-38.54491,DEV0127,M020,0
T000862,U088,2026-05-22T17:41:29.316997,20.27,-12.92555,-38.47829,DEV0037,M072,0
T000863,U031,2026-05-22T21:41:16.447892,43.08,-25.4614,-49.31206,DEV0493,M074,0
T000864,U308,2026-05-22T20:46:32.804170,3.59,-19.99521,-43.86355,DEV0004,U474,0
T000865,U494,2026-05-22T20:51:00.267499,10.16,-19.91001,-43.86661,DEV0493,M065,0
T000866,U114,2026-05-23T00:38:39.127654,33.11,-19.8786,-43.90361,DEV0700,M065,0
T000867,U379,2026-05-22T16:16:47.679709,6.66,-19.89156,-43.92163,DEV0662,M092,0
T000868,U326,2026-05-22T14:56:46.810217,737.43,-12.92858,-38.52188,DEV0376,M004,0
T000869,U251,2026-05-22T19:41:55.722259,18.97,-23.57609,-46.6051,DEV0624,M075,0
T000870,U282,2026-05-22T16:10:53.111628,45.01,-30.0126,-51.30447,DEV0056,U266,0
T000871,U093,2026-05-22T23:55:29.655587,79.88,-25.39202,-49.231,DEV0422,U293,0
T000872,U097,2026-05-22T16:12:05.184800,1500.37,-19.95446,-43.97309,DEV0720,M093,0
T000873,U331,2026-05-22T16:07:26.132806,91.33,-15.70511,-47.95662,DEV0291,M052,0
T000874,U250,2026-05-22T16:43:30.895103,120.76,-15.78407,-47.90374,DEV0734,M090,0
T000875,U014,2026-05-22T20:40:36.523331,27.46,-25.42908,-49.2923,DEV0505,M066,0
T000876,U403,2026-05-22T19:03:51.563629,227.68,-15.7361,-48.00089,DEV0288,M068,0
T000877,U480,2026-05-22T14:15:27.002241,27.22,-25.29417,-49.23294,DEV0239,M062,0
T000878,U342,2026-05-22T16:39:27.689711,165.67,-25.42616,-49.24664,DEV0015,M061,0
T000879,U134,2026-05-22T19:04:50.067121,86.5,-15.79734,-47.96337,DEV0444,U368,0
T000880,U307,2026-05-22T17:20:46.176768,31.39,-15.78031,-47.83518,DEV0322,U070,0
T000881,U272,2026-05-22T15:39:36.374924,16.65,-22.8168,-43.17638,DEV0534,U222,0
T000882,U183,2026-05-22T19:05:10.891638,2.33,-23.6067,-46.60514,DEV0612,M057,0
T000883,U008,2026-05-22T16:01:02.206818,10.28,-13.00494,-38.55946,DEV0161,U121,0
T000884,U253,2026-05-22T16:39:46.366112,103.34,-15.81544,-47.91104,DEV0578,M080,0
T000885,U205,2026-05-22T17:50:04.363980,83.21,-19.88444,-43.94146,DEV0039,M090,0
T000886,U448,2026-05-23T02:31:37.361011,14.96,-25.4284,-49.2733,DEV0131,U080,1
T000887,U212,2026-05-22T14:49:50.196405,625.69,-25.45334,-49.3068,DEV0685,M090,0
T000888,U234,2026-05-23T03:24:58.301302,122.65,-22.89279,-43.27063,DEV0063,M096,0
T000889,U059,2026-05-23T01:40:31.137936,2.19,-23.49125,-46.69682,DEV0259,U319,0
T000890,U197,2026-05-22T19:19:41.071813,214.52,-23.55603,-46.65656,DEV0795,U413,0
T000891,U274,2026-05-22T20:27:55.954885,23.13,-22.91823,-43.18277,DEV0046,M056,0
T000892,U059,2026-05-23T04:31:58.644451,1.25,-23.61166,-46.56207,DEV0259,M071,0
T000893,U122,2026-05-23T05:30:39.353163,72913.92,-23.521,-46.50628,DEV0104,U212,1
T000894,U353,2026-05-22T19:16:45.878025,938.0,-30.00765,-51.18952,DEV0255,M061,1
T000895,U085,2026-05-23T06:31:23.087652,314.03,-25.39945,-49.2503,DEV0144,M040,0
T000896,U178,2026-05-22T17:34:03.907485,471.75,-15.73618,-47.97992,DEV0736,M076,0
T000897,U150,2026-05-22T16:50:20.366629,6.02,-19.9033,-44.06823,DEV0086,M082,0
T000898,U314,2026-05-23T02:46:29.602651,59.57,-19.88033,-43.95478,DEV0724,U493,0
T000899,U308,2026-05-22T21:04:23.202097,13.86,-19.93133,-44.00464,DEV0004,M083,0
T000900,U152,2026-05-23T00:09:06.343577,600.3,-23.46737,-46.64535,DEV0094,M014,0
T000901,U170,2026-05-22T18:00:05.051081,45.99,-12.97249,-38.46604,DEV0602,M057,0
T000902,U304,2026-05-22T18:00:17.270299,70.49,-30.00944,-51.21943,DEV0664,U047,0
T000903,U072,2026-05-22T16:24:18.943278,83.41,-30.02666,-51.1599,DEV0203,M070,0
T000904,U041,2026-05-22T18:20:49.993914,529.3,-19.89858,-43.95495,DEV0213,M052,1
T000905,U388,2026-05-22T17:04:54.385788,80.94,-15.75424,-47.86586,DEV0144,M065,0
T000906,U479,2026-05-23T05:36:55.307396,192.05,-25.52041,-49.20689,DEV0697,M027,0
T000907,U423,2026-05-22T15:45:50.156029,132.97,-22.88219,-43.22265,DEV0727,U222,0
T000908,U022,2026-05-22T23:56:23.813129,71.1,-25.46889,-49.26391,DEV0562,M006,0
T000909,U083,2026-05-23T04:30:05.848259,71.12,-19.88113,-43.85223,DEV0473,M024,0
T000910,U325,2026-05-22T15:07:48.251036,443.84,-15.72562,-47.81093,DEV0531,M006,1
T000911,U471,2026-05-22T17:54:38.615235,128.84,-25.3917,-49.23503,DEV0349,U252,0
T000912,U363,2026-05-22T21:16:34.837047,25.35,-25.50681,-49.25044,DEV0799,M070,0
T000913,U484,2026-05-22T15:09:14.865994,367.7,-25.56364,-49.27803,DEV0146,M100,1
T000914,U207,2026-05-22T14:05:31.798739,50.27,-15.82902,-47.83928,DEV0058,M097,0
T000915,U136,2026-05-22T20:38:48.479434,7.48,-12.94433,-38.51652,DEV0103,M055,0
T000916,U440,2026-05-22T15:09:12.449391,214.98,-15.75678,-47.93523,DEV0406,M087,0
T000917,U040,2026-05-23T00:33:49.421313,265.0,-19.87409,-44.06988,DEV0684,M006,0
T000918,U300,2026-05-22T19:03:44.638626,245.48,-19.91197,-43.93919,DEV0741,U218,0
T000919,U487,2026-05-22T21:06:07.388516,149.67,-23.54331,-46.63754,DEV0327,U013,1
T000920,U200,2026-05-22T19:32:55.805383,69.84,-23.52666,-46.65779,DEV0342,M040,0
T000921,U382,2026-05-22T14:51:30.650236,1167.28,-25.42759,-49.26613,DEV0630,M003,0
T000922,U335,2026-05-22T16:25:21.348252,212.9,-29.97207,-51.1636,DEV0616,U273,0
T000923,U406,2026-05-22T22:17:00.403788,412.26,-30.04086,-51.16749,DEV0007,U039,0
T000924,U048,2026-05-22T15:20:22.691946,22.47,-25.46832,-49.33907,DEV0734,M076,0
T000925,U469,2026-05-22T16:06:55.148287,11.01,-22.81075,-43.17893,DEV0183,M021,0
T000926,U488,2026-05-23T07:00:15.031108,6.48,-19.98946,-44.01948,DEV0061,M042,0
T000927,U317,2026-05-22T17:38:03.800071,1290.65,-12.92873,-38.43962,DEV0139,U487,0
T000928,U235,2026-05-22T19:21:14.878702,56.66,-19.892,-43.90809,DEV0795,U221,0
T000929,U143,2026-05-22T20:17:10.845760,84.42,-30.03359,-51.20981,DEV0127,M068,0
T000930,U093,2026-05-23T02:07:25.567525,96.6,-25.46184,-49.22619,DEV0422,M004,0
T000931,U459,2026-05-23T03:18:01.568830,1218.07,-22.97031,-43.18384,DEV0016,M067,0
T000932,U198,2026-05-22T16:52:35.682762,5.42,-12.99671,-38.51038,DEV0029,M083,0
T000933,U100,2026-05-22T17:58:39.464518,107.35,-29.98107,-51.22195,DEV0195,U326,0
T000934,U259,2026-05-23T01:06:48.073037,3.95,-29.99361,-51.22747,DEV0106,U251,0
T000935,U193,2026-05-22T16:22:21.789747,390.13,-19.96489,-43.84393,DEV0658,U280,0
T000936,U328,2026-05-22T20:35:15.812406,106.8,-23.60534,-46.5922,DEV0296,M020,0
T000937,U087,2026-05-22T20:46:06.232683,2566.89,-23.56298,-46.65172,DEV0304,U141,0
T000938,U029,2026-05-22T15:27:42.321884,23.2,-12.9113,-38.50096,DEV0338,M034,0
T000939,U089,2026-05-22T18:09:38.590800,20.68,-29.97869,-51.15777,DEV0009,M033,0
T000940,U237,2026-05-22T17:19:27.878262,20.97,-30.04461,-51.14774,DEV0385,M090,0
T000941,U333,2026-05-23T01:46:42.760892,54.01,-15.79014,-47.78011,DEV0132,M048,0
T000942,U060,2026-05-22T18:26:52.996079,116.31,-19.96768,-43.93456,DEV0649,M004,0
T000943,U375,2026-05-22T14:54:02.053535,1183.88,-19.89421,-43.93522,DEV0418,M053,0
T000944,U264,2026-05-22T20:00:07.364960,1.67,-19.89325,-43.98585,DEV0043,M083,0
T000945,U266,2026-05-22T21:03:21.047747,69.44,-29.9053,-51.21811,DEV0095,M019,0
T000946,U020,2026-05-23T05:07:38.661933,491.58,-30.04745,-51.17114,DEV0428,M083,0
T000947,U470,2026-05-22T05:02:08.683300,1520.73,-30.0567,-51.2166,DEV0527,U130,1
T000948,U455,2026-05-22T15:10:35.523938,104.27,-12.93436,-38.49505,DEV0374,U102,0
T000949,U214,2026-05-23T04:37:21.365899,916.44,-12.95135,-38.45953,DEV0203,M098,0
T000950,U482,2026-05-22T16:29:09.010286,16.33,-23.45383,-46.62046,DEV0689,U345,0
T000951,U344,2026-05-22T20:58:18.026589,9.62,-25.37885,-49.2884,DEV0157,U121,0
T000952,U152,2026-05-23T01:02:54.397372,101.31,-23.52295,-46.66997,DEV0094,M064,0
T000953,U329,2026-05-23T00:50:01.772453,17.16,-25.34381,-49.19604,DEV0349,M015,0
T000954,U115,2026-05-22T21:17:43.553717,80.7,-30.04054,-51.13738,DEV0253,U340,0
T000955,U485,2026-05-22T17:53:20.904940,20.08,-23.5726,-46.58039,DEV0432,M063,0
T000956,U304,2026-05-22T20:41:24.075166,43.27,-30.06538,-51.17953,DEV0664,M022,0
T000957,U165,2026-05-22T15:31:37.015069,5000.0,-25.45481,-49.30882,DEV0577,U310,1
T000958,U310,2026-05-22T15:31:47.015069,4950.0,-19.9173,-43.9345,DEV0574,U144,1
T000959,U144,2026-05-22T15:31:57.015069,4900.0,-12.9714,-38.5014,DEV0641,U165,1
T000960,U346,2026-05-22T17:20:39.018425,45.59,-15.81335,-47.86849,DEV0196,U116,0
T000961,U365,2026-05-22T23:21:51.500782,225.14,-23.55463,-46.63666,DEV0726,M016,0
T000962,U358,2026-05-22T21:42:10.205364,63.73,-25.61323,-49.26954,DEV0218,M093,0
T000963,U232,2026-05-22T20:48:30.138778,18.19,-15.70047,-47.91277,DEV0065,M014,0
T000964,U296,2026-05-22T18:07:14.584312,157.63,-30.07334,-51.20782,DEV0470,M044,0
T000965,U300,2026-05-22T19:15:35.608780,595.14,-19.93817,-44.03055,DEV0741,M024,0
T000966,U368,2026-05-22T22:28:25.431109,384.47,-23.56262,-46.68613,DEV0001,M061,0
T000967,U481,2026-05-22T15:41:50.212195,8.68,-15.74663,-47.87296,DEV0359,M077,0
T000968,U414,2026-05-22T05:17:03.572429,2148.94,-22.88022,-43.26223,DEV0053,M066,1
T000969,U254,2026-05-22T18:31:18.698753,8.07,-30.03752,-51.17638,DEV0422,M009,0
T000970,U462,2026-05-22T13:55:13.991340,16.18,-12.96548,-38.53608,DEV0519,M071,0
T000971,U282,2026-05-22T20:08:41.194264,105.6,-29.95659,-51.31528,DEV0056,M087,0
T000972,U333,2026-05-23T02:18:11.098524,7.94,-15.77418,-47.88819,DEV0132,M047,0
T000973,U141,2026-05-22T20:44:50.006438,61.23,-25.5325,-49.23969,DEV0058,M006,0
T000974,U399,2026-05-22T20:27:31.400172,77627.94,-30.09334,-51.23657,DEV0443,U493,1
T000975,U200,2026-05-22T03:11:37.599054,3623.52,-23.55852,-46.60693,DEV0342,U252,1
T000976,U041,2026-05-22T18:41:01.065511,60.16,-19.92973,-43.92295,DEV0547,U269,0
T000977,U147,2026-05-22T21:31:06.273277,236.9,-12.94905,-38.45185,DEV0272,M043,0
T000978,U087,2026-05-22T22:34:48.729277,968.57,-23.59051,-46.64792,DEV0304,M098,0
T000979,U294,2026-05-22T21:31:15.363512,252.19,-25.50697,-49.31992,DEV0394,M060,0
T000980,U430,2026-05-23T01:34:26.569683,59.0,-22.88916,-43.15009,DEV0268,U028,0
T000981,U481,2026-05-22T16:21:21.092964,5000.0,-15.77949,-47.93384,DEV0359,U133,1
T000982,U133,2026-05-22T16:21:31.092964,4950.0,-25.4284,-49.2733,DEV0682,U449,1
T000983,U449,2026-05-22T16:21:41.092964,4900.0,-25.4284,-49.2733,DEV0172,U481,1
T000984,U178,2026-05-22T18:25:05.258027,467.03,-15.75442,-47.98636,DEV0736,M053,0
T000985,U125,2026-05-22T18:44:00.826029,286.7,-19.93264,-43.99905,DEV0408,M068,0
T000986,U321,2026-05-22T18:18:11.926536,17.67,-22.88091,-43.21721,DEV0596,M077,0
T000987,U412,2026-05-22T14:01:16.727029,224.57,-25.4407,-49.19749,DEV0532,M012,0
T000988,U078,2026-05-22T19:08:44.406110,210.53,-25.5781,-49.22774,DEV0764,M064,0
T000989,U343,2026-05-22T19:25:39.709800,36.2,-23.50031,-46.73404,DEV0478,M079,0
T000990,U369,2026-05-22T18:58:25.994828,144.39,-30.09865,-51.26905,DEV0371,M059,0
T000991,U161,2026-05-22T15:12:17.449788,7.41,-30.0456,-51.22407,DEV0258,M097,0
T000992,U483,2026-05-23T03:48:56.461413,20.35,-15.7823,-47.87483,DEV0376,M042,0
T000993,U226,2026-05-22T01:16:19.374866,4018.45,-23.4848,-46.68074,DEV0724,M009,1
T000994,U150,2026-05-22T19:31:01.683930,3.9,-19.93909,-43.97657,DEV0086,U195,0
T000995,U265,2026-05-22T17:25:31.559707,16.54,-19.8883,-43.92993,DEV0111,M010,0
T000996,U363,2026-05-22T21:22:34.645417,57.75,-25.39878,-49.26833,DEV0799,U358,0
T000997,U046,2026-05-22T19:51:48.409058,893.97,-19.89675,-43.90814,DEV0575,M016,0
T000998,U326,2026-05-22T15:32:50.817097,504.11,-12.95591,-38.47761,DEV0376,M086,0
T000999,U152,2026-05-23T03:45:54.956413,461.2,-23.51114,-46.58674,DEV0094,M087,0
T001000,U429,2026-05-23T02:09:13.854023,451.83,-23.59322,-46.65345,DEV0287,M005,0
T001001,U243,2026-05-22T16:11:43.476216,268.81,-15.7812,-47.96828,DEV0001,U111,0
T001002,U116,2026-05-22T21:42:27.084483,7.06,-30.04302,-51.18752,DEV0161,M028,0
T001003,U167,2026-05-22T16:50:15.599762,4.77,-13.00932,-38.52368,DEV0012,U069,0
T001004,U316,2026-05-23T08:49:30.412811,46.83,-23.01007,-43.06682,DEV0654,M048,0
T001005,U300,2026-05-23T03:48:45.901007,1158.98,-19.81291,-43.95582,DEV0741,U450,0
T001006,U267,2026-05-22T16:10:10.152603,174.56,-25.42142,-49.27005,DEV0360,M005,0
T001007,U430,2026-05-23T02:12:58.270149,241.41,-22.8078,-43.14078,DEV0268,M029,0
T001008,U360,2026-05-22T15:52:15.691948,71.42,-30.0339,-51.18951,DEV0616,U388,0
T001009,U446,2026-05-22T20:48:30.392432,60.27,-23.44916,-46.5303,DEV0641,M042,0
T001010,U068,2026-05-23T04:19:24.867452,3.03,-25.42037,-49.24019,DEV0566,M037,0
T001011,U454,2026-05-22T16:56:21.992866,328.62,-30.0144,-51.22347,DEV0661,U466,0
T001012,U328,2026-05-22T21:14:11.236174,68.88,-23.51609,-46.65548,DEV0296,M017,0
T001013,U003,2026-05-22T15:27:16.432460,32.62,-30.05437,-51.23833,DEV0122,M009,0
T001014,U115,2026-05-22T21:49:36.320024,31.88,-29.90836,-51.28753,DEV0253,U378,0
T001015,U155,2026-05-22T20:55:34.466567,30.73,-30.03363,-51.27813,DEV0612,M015,0
T001016,U398,2026-05-22T18:12:29.378690,39.72,-23.60767,-46.64947,DEV0759,U086,0
T001017,U460,2026-05-22T18:01:58.544489,110.98,-29.97192,-51.13238,DEV0794,M035,0
T001018,U168,2026-05-22T20:11:35.952475,26.04,-23.0237,-43.13732,DEV0253,M036,0
T001019,U147,2026-05-22T22:55:37.806049,88.6,-13.05301,-38.51868,DEV0272,M003,0
T001020,U156,2026-05-22T17:31:57.202689,5.94,-15.80303,-47.90948,DEV0357,M096,0
T001021,U277,2026-05-22T18:14:57.893299,1.34,-23.54806,-46.57156,DEV0214,M018,0
T001022,U125,2026-05-22T19:56:48.724896,84.77,-19.92509,-43.93777,DEV0408,M095,0
T001023,U413,2026-05-22T16:48:07.093241,52.71,-15.81315,-47.95495,DEV0256,U487,0
T001024,U221,2026-05-23T00:15:07.693147,181.45,-15.72261,-47.90454,DEV0408,M011,0
T001025,U325,2026-05-22T15:27:44.726980,31.3,-15.7689,-48.02653,DEV0236,M055,0
T001026,U056,2026-05-22T20:38:20.047501,27.09,-30.0557,-51.21588,DEV0348,M093,0
T001027,U357,2026-05-23T00:31:26.001151,42.65,-30.01087,-51.18232,DEV0346,M044,0
T001028,U255,2026-05-22T20:41:35.318127,104.11,-22.81764,-43.05927,DEV0306,M079,0
T001029,U069,2026-05-22T23:05:15.932460,83.57,-23.55233,-46.72019,DEV0385,U073,0
T001030,U190,2026-05-22T16:58:40.260953,33.67,-13.00859,-38.47569,DEV0693,M037,0
T001031,U395,2026-05-22T15:09:55.099656,591.99,-22.91539,-43.04727,DEV0380,U008,0
T001032,U027,2026-05-22T15:41:10.826613,131.96,-30.01981,-51.21773,DEV0456,M081,0
T001033,U115,2026-05-22T22:18:35.539313,35.18,-30.00481,-51.17055,DEV0253,U043,0
T001034,U128,2026-05-23T08:09:18.842834,4.37,-15.76966,-47.92629,DEV0471,M043,0
T001035,U477,2026-05-22T18:18:28.174964,8.3,-19.98726,-43.96742,DEV0039,M096,0
T001036,U181,2026-05-22T22:01:21.148809,143.33,-15.85479,-47.91248,DEV0596,U347,0
T001037,U442,2026-05-22T15:41:39.103729,129.38,-25.40005,-49.31195,DEV0467,M039,0
T001038,U294,2026-05-23T00:00:30.629594,13.5,-25.45837,-49.23694,DEV0394,M092,0
T001039,U168,2026-05-23T00:11:01.586418,3.07,-22.90872,-43.09633,DEV0253,M051,0
T001040,U210,2026-05-22T14:32:37.325812,2.81,-29.99473,-51.14289,DEV0508,M007,0
T001041,U067,2026-05-22T23:43:34.528721,238.48,-19.91057,-43.97061,DEV0113,U186,0
T001042,U214,2026-05-23T05:18:50.538966,560.5,-13.02521,-38.49565,DEV0203,M083,0
T001043,U091,2026-05-22T19:01:16.021460,4.75,-15.79435,-47.95756,DEV0120,M087,0
T001044,U345,2026-05-23T00:55:12.223420,12.59,-23.55829,-46.65093,DEV0411,U269,0
T001045,U016,2026-05-22T15:47:59.450030,820.31,-30.11055,-51.14702,DEV0274,U026,0
T001046,U059,2026-05-23T06:30:14.317547,10.04,-23.5549,-46.64186,DEV0259,U428,0
T001047,U459,2026-05-23T18:30:15.703440,122.81,-22.8201,-43.13932,DEV0016,M054,0
T001048,U366,2026-05-22T15:34:14.981121,800.58,-23.54871,-46.64188,DEV0613,M053,0
T001049,U377,2026-05-22T16:54:00.381689,90.98,-23.56665,-46.65166,DEV0180,U060,0
T001050,U031,2026-05-23T01:48:16.825676,36.67,-25.36396,-49.32883,DEV0493,M065,0
T001051,U346,2026-05-22T20:42:57.890968,423.38,-15.89238,-47.91943,DEV0196,M072,0
T001052,U481,2026-05-22T16:50:10.879417,303.62,-15.79811,-47.89807,DEV0359,M047,0
T001053,U476,2026-05-22T18:17:50.268599,135.85,-12.95887,-38.46097,DEV0141,M071,0
T001054,U309,2026-05-22T17:53:43.800889,27.52,-15.78628,-47.94784,DEV0606,M069,0
T001055,U358,2026-05-22T22:50:08.364088,445.76,-25.42404,-49.34797,DEV0218,U240,0
T001056,U209,2026-05-22T22:12:34.631077,313.26,-19.90703,-43.97328,DEV0348,M044,0
T001057,U077,2026-05-23T01:00:20.704291,6.9,-15.80603,-47.89947,DEV0464,M029,0
T001058,U465,2026-05-22T17:17:26.049235,81.6,-22.88035,-43.17343,DEV0443,U053,0
T001059,U077,2026-05-23T05:27:07.229908,2.61,-15.7293,-47.94937,DEV0464,M075,0
T001060,U255,2026-05-22T22:33:18.221579,11.63,-22.85959,-43.20745,DEV0306,M060,0
T001061,U215,2026-05-22T15:41:09.971598,113.89,-25.47864,-49.21008,DEV0227,M066,0
T001062,U353,2026-05-22T19:31:20.046570,132.83,-29.9976,-51.13371,DEV0627,U008,0
T001063,U268,2026-05-22T19:05:47.375906,154.06,-23.49279,-46.70958,DEV0195,U168,0
T001064,U271,2026-05-23T03:47:30.667061,8.94,-13.04803,-38.55783,DEV0005,U209,0
T001065,U227,2026-05-22T23:36:49.780464,8.02,-13.02853,-38.49375,DEV0558,M018,0
T001066,U060,2026-05-22T18:51:47.595495,58.13,-19.85847,-43.96369,DEV0649,M040,0
T001067,U274,2026-05-22T21:29:36.651628,24.78,-22.90892,-43.29078,DEV0046,M013,0
T001068,U196,2026-05-22T18:03:53.791525,9.95,-22.9068,-43.1729,DEV0653,U307,1
T001069,U008,2026-05-22T18:26:23.928152,19.21,-12.95158,-38.49291,DEV0161,U040,0
T001070,U094,2026-05-22T17:51:55.498798,40.42,-15.8138,-47.85751,DEV0227,M014,0
T001071,U337,2026-05-22T14:46:10.803876,56.89,-30.01033,-51.26016,DEV0575,M075,0
T001072,U458,2026-05-22T14:01:10.276361,45.16,-12.9736,-38.51843,DEV0538,M024,0
T001073,U296,2026-05-22T18:54:48.978365,21.21,-29.95935,-51.2717,DEV0470,U370,0
T001074,U221,2026-05-23T00:42:59.876195,53.57,-15.80482,-47.96253,DEV0408,M024,0
T001075,U234,2026-05-23T08:04:51.359839,212.73,-22.91412,-43.15916,DEV0063,M036,0
T001076,U233,2026-05-22T18:06:18.597254,11.17,-30.04076,-51.24874,DEV0177,M086,0
T001077,U339,2026-05-22T15:28:30.508860,57.73,-30.08184,-51.12444,DEV0616,M002,0
T001078,U414,2026-05-23T00:08:13.711261,41.33,-22.84731,-43.21968,DEV0053,M014,0
T001079,U013,2026-05-22T21:24:17.170957,52.07,-15.8565,-47.9566,DEV0563,M024,0
T001080,U014,2026-05-22T22:51:00.159973,7.58,-25.46397,-49.24087,DEV0505,U453,0
T001081,U235,2026-05-22T20:23:42.973172,32.57,-19.91579,-44.00587,DEV0795,M027,0
T001082,U086,2026-05-22T20:42:57.285874,158.21,-23.5505,-46.57722,DEV0572,M086,0
T001083,U230,2026-05-22T16:40:25.172559,21.69,-15.79867,-47.93001,DEV0242,U328,0
T001084,U395,2026-05-22T18:19:55.720888,36.86,-22.83075,-43.16782,DEV0380,M069,0
T001085,U088,2026-05-22T19:19:34.154563,284.76,-12.97762,-38.55553,DEV0037,M063,0
T001086,U446,2026-05-23T00:28:26.917314,64.03,-23.54656,-46.54448,DEV0641,M003,0
T001087,U072,2026-05-22T17:31:45.688795,49.44,-29.97077,-51.2143,DEV0203,M064,0
T001088,U383,2026-05-22T14:33:09.564562,110.57,-30.07269,-51.23268,DEV0701,M044,0
T001089,U358,2026-05-22T23:28:49.253564,40.58,-25.39073,-49.26661,DEV0218,M012,0
T001090,U399,2026-05-23T00:47:36.979269,28.93,-29.96964,-51.18432,DEV0443,U355,0
T001091,U113,2026-05-22T17:06:48.767630,101.45,-23.4824,-46.65152,DEV0302,M040,0
T001092,U124,2026-05-22T14:41:52.568712,248.11,-13.03568,-38.58219,DEV0682,M092,0
T001093,U105,2026-05-22T14:59:58.066552,59.72,-19.93751,-43.93441,DEV0027,M045,0
T001094,U032,2026-05-22T15:50:36.005441,9.92,-29.99692,-51.21123,DEV0065,M063,0
T001095,U321,2026-05-22T21:23:35.253112,13.07,-22.88751,-43.21339,DEV0596,M074,0
T001096,U135,2026-05-22T21:52:43.475539,200.64,-13.02148,-38.49705,DEV0572,U072,0
T001097,U128,2026-05-23T14:28:11.994732,17.95,-15.8279,-47.81332,DEV0471,M100,0
T001098,U349,2026-05-22T17:32:28.180535,116.29,-30.03602,-51.28877,DEV0228,U018,0
T001099,U016,2026-05-22T16:43:22.233034,6.56,-29.99267,-51.26577,DEV0274,M022,0
T001100,U238,2026-05-22T14:40:50.882484,291.4,-30.07713,-51.23347,DEV0518,U079,0
T001101,U436,2026-05-22T20:32:54.849502,323.05,-12.94245,-38.47476,DEV0149,M055,0
T001102,U498,2026-05-22T15:34:50.568649,780.93,-29.9489,-51.20769,DEV0727,U079,0
T001103,U398,2026-05-22T19:32:43.646699,23.08,-23.56641,-46.68846,DEV0759,M006,0
T001104,U382,2026-05-22T17:28:54.943204,316.41,-25.43889,-49.27702,DEV0630,M092,0
T001105,U313,2026-05-22T21:17:15.803846,17.17,-15.8199,-47.91961,DEV0410,M058,0
T001106,U344,2026-05-22T22:36:24.603837,20.06,-25.52705,-49.22509,DEV0157,U296,0
T001107,U141,2026-05-23T01:12:06.835385,37.26,-25.45735,-49.31812,DEV0058,U335,0
T001108,U411,2026-05-22T16:43:02.605148,189.14,-22.89215,-43.1998,DEV0707,M028,0
T001109,U164,2026-05-22T15:45:07.954074,172.8,-12.93608,-38.50869,DEV0691,M067,0
T001110,U310,2026-05-22T17:32:15.779732,354.38,-19.92189,-43.93574,DEV0574,M072,0
T001111,U249,2026-05-22T16:05:26.311258,162.26,-25.43582,-49.2483,DEV0054,U305,0
T001112,U469,2026-05-22T16:10:24.113735,65.75,-22.97056,-43.14004,DEV0183,M098,0
T001113,U041,2026-05-22T21:41:46.027554,40.49,-19.90081,-43.93218,DEV0547,U445,0
T001114,U463,2026-05-23T04:10:41.823303,240.86,-22.95842,-43.14254,DEV0727,M024,0
T001115,U404,2026-05-22T20:09:55.442415,179.18,-19.91293,-44.02239,DEV0452,M094,0
T001116,U047,2026-05-22T15:14:06.830837,215.2,-23.64425,-46.66281,DEV0564,U408,0
T001117,U308,2026-05-23T04:41:37.759847,17.68,-19.89084,-43.91452,DEV0004,M028,0
T001118,U493,2026-05-22T17:43:17.293914,10.64,-25.48083,-49.33635,DEV0575,M059,0
T001119,U231,2026-05-22T22:04:28.928744,166.62,-13.08868,-38.53322,DEV0119,M087,0
T001120,U280,2026-05-23T00:34:15.293205,82.12,-23.64522,-46.60182,DEV0008,M064,0
T001121,U121,2026-05-22T16:33:50.447595,960.44,-19.8718,-43.93617,DEV0490,U014,0
T001122,U306,2026-05-22T15:27:21.932246,258.69,-12.91595,-38.45868,DEV0548,M014,0
T001123,U083,2026-05-23T08:32:01.191522,2.47,-19.85454,-43.90016,DEV0473,U075,0
T001124,U465,2026-05-22T22:33:50.922361,112.16,-22.92369,-43.17279,DEV0443,M038,0
T001125,U110,2026-05-23T02:37:06.521235,92.9,-25.41336,-49.23492,DEV0158,M027,0
T001126,U109,2026-05-22T23:18:20.768448,126.71,-23.58324,-46.68392,DEV0512,U238,0
T001127,U189,2026-05-23T00:32:25.691318,3.84,-29.98913,-51.29168,DEV0144,M046,0
T001128,U419,2026-05-22T14:59:38.487458,196.59,-23.56658,-46.53959,DEV0552,M036,0
T001129,U109,2026-05-22T23:44:17.793258,68.55,-23.54671,-46.59069,DEV0512,U184,0
T001130,U072,2026-05-22T19:58:21.591037,48.76,-30.00963,-51.23469,DEV0203,U484,0
T001131,U147,2026-05-23T08:13:49.797428,26.41,-12.98402,-38.53339,DEV0272,M100,0
T001132,U263,2026-05-22T13:57:54.036496,268.96,-12.9038,-38.39643,DEV0450,M015,0
T001133,U182,2026-05-22T20:02:32.415192,440.3,-15.70551,-47.95333,DEV0397,M040,0
T001134,U288,2026-05-22T19:52:22.179850,142.89,-22.92704,-43.11626,DEV0506,M017,0
T001135,U484,2026-05-22T15:32:20.331468,179.62,-25.41923,-49.27106,DEV0146,M054,0
T001136,U495,2026-05-23T03:23:10.941320,60.31,-19.96375,-43.95971,DEV0226,M019,0
T001137,U015,2026-05-22T16:57:01.901628,4.77,-19.95723,-43.92342,DEV0647,U028,0
T001138,U464,2026-05-23T00:54:43.111070,367.65,-29.97414,-51.21891,DEV0372,M028,0
T001139,U210,2026-05-22T15:05:21.024172,60.14,-30.06251,-51.2201,DEV0508,M030,0
T001140,U046,2026-05-22T21:33:17.647790,282.48,-19.91895,-43.95968,DEV0575,U173,0
T001141,U276,2026-05-22T17:14:35.168526,385.53,-23.4929,-46.6302,DEV0794,M018,0
T001142,U053,2026-05-22T14:54:12.698378,6.54,-15.79897,-47.86196,DEV0646,M016,0
T001143,U201,2026-05-22T21:40:09.377304,525.41,-30.06047,-51.10069,DEV0327,M049,0
T001144,U385,2026-05-22T21:42:50.112585,194.39,-15.80007,-47.93079,DEV0215,M077,0
T001145,U207,2026-05-22T18:02:46.872144,167.1,-15.79572,-47.83265,DEV0058,M066,0
T001146,U039,2026-05-23T00:07:27.842486,20.89,-30.0504,-51.18067,DEV0574,M047,0
T001147,U095,2026-05-22T14:57:42.882715,116.42,-23.54963,-46.65411,DEV0099,M048,0
T001148,U244,2026-05-22T18:23:57.409520,71.39,-13.00286,-38.53674,DEV0772,M099,0
T001149,U051,2026-05-22T14:44:17.576299,33.7,-30.00393,-51.24904,DEV0699,M088,0
T001150,U436,2026-05-23T04:01:23.637530,114.52,-12.96225,-38.55098,DEV0149,U472,0
T001151,U125,2026-05-22T20:43:13.341127,295.06,-19.90377,-43.96541,DEV0408,U478,0
T001152,U342,2026-05-22T18:40:05.215220,210.02,-25.37817,-49.19267,DEV0015,M020,0
T001153,U293,2026-05-23T05:19:44.050583,152.32,-23.52626,-46.6358,DEV0525,M018,0
T001154,U281,2026-05-22T18:27:36.191743,36.73,-12.97775,-38.57563,DEV0692,M006,0
T001155,U265,2026-05-22T17:47:27.539312,48.52,-19.96982,-43.89219,DEV0111,M098,0
T001156,U386,2026-05-22T15:39:11.996260,100.95,-19.94409,-43.96398,DEV0318,M013,0
T001157,U481,2026-05-22T19:21:09.928475,316.09,-15.72401,-47.95422,DEV0359,M083,0
T001158,U133,2026-05-22T17:44:55.391872,12.34,-25.45707,-49.26795,DEV0682,M092,0
T001159,U058,2026-05-22T19:37:11.000265,690.79,-19.92592,-43.98136,DEV0633,M030,0
T001160,U087,2026-05-23T00:04:28.994594,4.73,-23.49349,-46.69231,DEV0304,M099,0
T001161,U401,2026-05-22T18:28:37.342102,8.85,-19.92743,-43.92577,DEV0051,U322,0
T001162,U297,2026-05-22T18:01:06.994925,9.19,-23.56415,-46.60405,DEV0748,U009,0
T001163,U048,2026-05-22T15:27:58.918632,41.16,-25.51902,-49.14177,DEV0734,M033,0
T001164,U054,2026-05-22T19:15:38.637740,27.59,-25.3587,-49.29216,DEV0556,U091,0
T001165,U416,2026-05-22T21:01:40.267337,109.13,-23.5096,-46.70897,DEV0714,M030,0
T001166,U111,2026-05-22T15:09:49.739770,198.55,-13.00761,-38.58054,DEV0518,U298,0
T001167,U164,2026-05-22T20:28:41.802164,153.68,-12.93186,-38.5025,DEV0691,M066,0
T001168,U193,2026-05-22T18:43:36.439409,60.84,-19.93011,-43.87073,DEV0658,M026,0
T001169,U422,2026-05-22T16:47:17.837258,756.73,-22.84874,-43.19473,DEV0442,M038,0
T001170,U405,2026-05-22T18:05:44.900149,208.2,-15.94218,-47.91434,DEV0469,U047,0
T001171,U194,2026-05-22T16:53:10.583766,475.47,-23.5164,-46.60058,DEV0074,U369,0
T001172,U171,2026-05-22T18:37:29.424746,25.35,-19.91192,-43.88459,DEV0617,M072,0
T001173,U226,2026-05-22T22:13:32.334143,105.52,-23.54853,-46.5229,DEV0724,M097,0
T001174,U185,2026-05-22T15:04:24.340097,40.06,-25.39779,-49.35127,DEV0718,M047,0
T001175,U487,2026-05-23T00:11:41.429645,9.11,-23.53549,-46.64054,DEV0344,U386,0
T001176,U023,2026-05-22T21:42:02.693026,37.85,-22.91784,-43.23953,DEV0390,M094,0
T001177,U254,2026-05-22T22:12:33.544943,61.24,-30.04736,-51.20529,DEV0422,M025,0
T001178,U157,2026-05-23T01:36:21.978482,73.75,-22.90648,-43.26531,DEV0758,M039,0
T001179,U122,2026-05-23T08:22:41.457926,5000.0,-23.58809,-46.55647,DEV0104,U147,1
T001180,U147,2026-05-23T08:22:51.457926,4950.0,-12.9714,-38.5014,DEV0272,U012,1
T001181,U012,2026-05-23T08:23:01.457926,4900.0,-30.0346,-51.2177,DEV0190,U122,1
T001182,U087,2026-05-23T00:45:34.943425,1094.59,-23.61076,-46.68281,DEV0304,M054,0
T001183,U425,2026-05-23T03:06:16.200117,63.68,-22.92637,-43.17449,DEV0356,M040,0
T001184,U439,2026-05-23T00:34:59.553162,35.24,-22.80633,-43.22508,DEV0055,U185,0
T001185,U307,2026-05-22T18:36:06.360636,335.52,-15.78085,-48.03214,DEV0322,U249,0
T001186,U435,2026-05-22T16:31:49.179689,124.78,-12.96188,-38.53873,DEV0292,M008,0
T001187,U042,2026-05-22T22:34:32.354561,45.66,-12.89257,-38.46398,DEV0462,M098,0
T001188,U488,2026-05-23T08:51:37.283599,86.7,-19.95327,-43.93189,DEV0061,U469,0
T001189,U055,2026-05-22T21:55:18.662399,5.79,-15.74215,-47.95962,DEV0331,M045,0
T001190,U167,2026-05-22T17:39:20.239752,11.09,-12.91622,-38.49257,DEV0012,M028,0
T001191,U134,2026-05-23T04:47:08.659562,7.51,-15.7743,-47.93583,DEV0444,U191,0
T001192,U030,2026-05-23T00:37:31.600939,3469.29,-22.90038,-43.20247,DEV0217,M017,1
T001193,U140,2026-05-22T16:11:58.406864,77.84,-23.53621,-46.62388,DEV0120,M063,0
T001194,U393,2026-05-22T16:11:07.909398,78.75,-13.07191,-38.5676,DEV0055,M091,0
T001195,U356,2026-05-22T01:44:51.923089,4793.31,-22.92824,-43.13251,DEV0550,U148,1
T001196,U041,2026-05-23T00:09:18.405072,202.04,-19.87998,-43.94024,DEV0547,M066,0
T001197,U251,2026-05-22T20:25:10.944673,48.28,-23.54306,-46.64186,DEV0624,M071,0
T001198,U386,2026-05-22T17:17:02.892099,34.53,-19.94363,-43.94555,DEV0318,U380,0
T001199,U478,2026-05-22T19:32:08.473460,16.48,-13.04676,-38.52924,DEV0477,U443,0
T001200,U286,2026-05-22T22:06:35.605779,28.61,-19.98679,-43.94042,DEV0623,M065,0
T001201,U463,2026-05-23T09:19:58.321374,134.94,-22.85339,-43.23514,DEV0727,U019,0
T001202,U101,2026-05-23T03:36:31.717018,40.96,-23.61657,-46.6569,DEV0688,U018,0
T001203,U196,2026-05-22T18:05:40.708168,6.55,-15.79914,-47.92628,DEV0653,M017,0
T001204,U214,2026-05-23T05:26:42.255784,260.76,-12.87825,-38.43857,DEV0203,M016,0
T001205,U384,2026-05-22T18:24:52.222833,78.65,-30.02641,-51.20141,DEV0769,U043,0
T001206,U221,2026-05-23T02:03:38.486119,46.95,-15.8721,-47.91665,DEV0408,M076,0
T001207,U178,2026-05-23T02:39:39.366839,152.1,-15.85073,-47.98282,DEV0736,U253,0
T001208,U180,2026-05-22T16:26:23.962081,1796.33,-23.50313,-46.67959,DEV0718,U379,1
T001209,U258,2026-05-22T17:13:47.135722,48.12,-23.61405,-46.59335,DEV0335,M086,0
T001210,U240,2026-05-22T14:08:18.388578,299.93,-12.99144,-38.42217,DEV0023,U301,0
T001211,U135,2026-05-22T23:43:01.202711,1.7,-13.01841,-38.52078,DEV0572,U369,0
T001212,U062,2026-05-22T15:00:30.748010,89.21,-30.00237,-51.24622,DEV0374,U313,0
T001213,U220,2026-05-22T22:09:17.654917,70.85,-19.92623,-43.96413,DEV0012,U367,0
T001214,U433,2026-05-22T18:24:57.492624,82.33,-15.72431,-47.97013,DEV0576,M089,0
T001215,U078,2026-05-22T20:02:00.884364,540.22,-25.5217,-49.21875,DEV0764,U251,0
T001216,U189,2026-05-23T12:04:37.690079,77.02,-30.04663,-51.20507,DEV0144,U194,0
T001217,U452,2026-05-22T17:28:45.891144,2.03,-30.08736,-51.20225,DEV0497,U441,0
T001218,U384,2026-05-22T21:29:20.151532,11.29,-30.15867,-51.22697,DEV0769,M097,0
T001219,U264,2026-05-22T20:11:00.901511,55.7,-19.91418,-43.9999,DEV0043,M042,0
T001220,U458,2026-05-22T16:36:55.137708,80.17,-12.97198,-38.59284,DEV0104,M046,1
T001221,U192,2026-05-22T15:15:37.927603,537.11,-12.91159,-38.41206,DEV0163,M026,0
T001222,U224,2026-05-22T16:45:09.514534,67.1,-25.49702,-49.28858,DEV0041,M006,0
T001223,U189,2026-05-23T14:51:27.904809,386.41,-29.99199,-51.21745,DEV0144,U410,0
T001224,U174,2026-05-22T16:25:15.735550,1195.32,-23.54908,-46.57671,DEV0277,M064,0
T001225,U203,2026-05-22T20:43:09.488928,18.74,-19.97584,-43.89396,DEV0445,M005,0
T001226,U474,2026-05-22T17:25:55.722763,77.8,-22.90057,-43.14364,DEV0311,M031,0
T001227,U108,2026-05-22T20:20:48.593479,11.61,-19.95237,-43.88023,DEV0516,M035,0
T001228,U470,2026-05-22T21:21:56.180610,257.75,-30.01038,-51.25521,DEV0527,U106,0
T001229,U018,2026-05-23T02:07:08.411481,3.87,-23.52449,-46.58023,DEV0346,M041,0
T001230,U041,2026-05-23T00:23:48.767144,369.56,-19.91443,-43.90742,DEV0547,U266,0
T001231,U398,2026-05-22T20:34:40.142738,80.73,-23.55551,-46.65681,DEV0759,U241,0
T001232,U222,2026-05-22T18:52:08.070046,24.58,-22.84808,-43.11352,DEV0348,U288,0
T001233,U297,2026-05-22T21:55:46.876345,4.36,-23.63892,-46.65436,DEV0748,M096,0
T001234,U275,2026-05-22T15:45:33.419281,556.1,-15.81783,-47.94465,DEV0730,M092,0
T001235,U210,2026-05-22T15:11:05.086469,85.68,-30.14739,-51.19615,DEV0508,M080,0
T001236,U135,2026-05-23T00:23:35.270146,113.01,-12.99505,-38.59355,DEV0572,M070,0
T001237,U493,2026-05-22T18:40:35.978503,5.15,-25.35566,-49.35512,DEV0575,M044,0
T001238,U120,2026-05-22T19:02:16.074145,56.83,-29.97096,-51.29665,DEV0663,M074,0
T001239,U275,2026-05-22T22:00:55.462590,300.48,-15.75721,-47.82854,DEV0730,U260,0
T001240,U005,2026-05-22T13:58:07.702104,176.06,-25.44165,-49.33715,DEV0664,U282,0
T001241,U466,2026-05-22T17:18:35.293789,113.03,-23.5767,-46.52587,DEV0526,U030,0
T001242,U236,2026-05-22T15:24:27.695285,9.36,-23.58051,-46.59939,DEV0610,M084,0
T001243,U008,2026-05-22T20:12:49.605882,36.18,-12.91818,-38.48782,DEV0161,M045,0
T001244,U366,2026-05-22T16:22:11.768788,2159.5,-23.57446,-46.58069,DEV0613,U235,0
T001245,U348,2026-05-22T15:30:11.146514,213.38,-23.56627,-46.69097,DEV0118,U194,0
T001246,U243,2026-05-22T18:56:18.847527,1074.16,-15.78961,-47.89575,DEV0001,M050,0
T001247,U183,2026-05-22T21:39:39.791705,2.76,-23.62064,-46.72102,DEV0612,M036,0
T001248,U250,2026-05-22T22:17:16.528200,328.44,-15.6648,-47.99917,DEV0734,M009,0
T001249,U332,2026-05-22T16:28:03.628491,58.28,-12.91409,-38.43771,DEV0379,M009,0
T001250,U249,2026-05-22T20:11:38.690834,235.37,-25.41803,-49.25102,DEV0054,M006,0
T001251,U313,2026-05-22T21:36:04.158847,62.43,-15.79652,-47.93599,DEV0410,U107,0
T001252,U062,2026-05-22T17:16:46.477368,21.77,-29.93274,-51.21035,DEV0374,U336,0
T001253,U149,2026-05-22T19:09:07.237463,151.08,-30.0426,-51.18391,DEV0076,U050,0
T001254,U132,2026-05-22T19:26:59.680840,10.7,-22.78952,-43.2429,DEV0570,M057,0
T001255,U135,2026-05-23T00:26:27.615807,15.81,-12.92899,-38.46899,DEV0572,U343,0
T001256,U172,2026-05-22T18:41:52.954431,111.84,-22.81958,-43.13972,DEV0501,U120,0
T001257,U295,2026-05-22T17:21:20.735434,1.97,-13.04175,-38.5867,DEV0146,M018,0
T001258,U352,2026-05-22T18:00:43.486928,326.75,-25.39618,-49.26598,DEV0685,M024,0
T001259,U071,2026-05-22T14:22:56.240502,286.85,-15.7742,-48.03418,DEV0416,M032,0
T001260,U428,2026-05-22T15:03:28.638284,2.5,-12.95676,-38.59542,DEV0342,M009,0
T001261,U333,2026-05-23T05:44:24.304533,373.49,-15.83359,-48.00622,DEV0132,M087,0
T001262,U373,2026-05-23T01:45:43.336475,104.14,-29.93204,-51.25239,DEV0244,U361,0
T001263,U142,2026-05-22T17:38:42.863435,320.93,-12.91432,-38.55429,DEV0474,U191,0
T001264,U068,2026-05-23T04:58:35.956250,32.28,-25.4612,-49.20984,DEV0566,U208,0
T001265,U459,2026-05-23T20:02:27.657709,138.96,-22.84424,-43.10408,DEV0016,M100,0
T001266,U140,2026-05-22T17:54:06.822655,121.06,-23.54788,-46.59431,DEV0120,U486,0
T001267,U149,2026-05-22T19:37:37.214961,63.7,-29.9958,-51.19198,DEV0076,M058,0
T001268,U065,2026-05-22T19:04:09.384681,67.91,-15.72092,-47.98743,DEV0386,M020,0
T001269,U218,2026-05-22T18:39:28.955295,221.32,-23.56871,-46.53205,DEV0373,M022,0
T001270,U105,2026-05-22T15:03:40.456419,233.8,-19.97523,-44.02528,DEV0027,U208,0
T001271,U463,2026-05-23T01:13:43.953667,2651.84,-22.96518,-43.13236,DEV0727,M044,1
T001272,U447,2026-05-23T00:24:10.075413,7.41,-19.97761,-43.84316,DEV0616,M055,0
T001273,U010,2026-05-22T23:26:48.585063,179.78,-23.62161,-46.67458,DEV0475,M073,1
T001274,U484,2026-05-22T18:43:50.906028,44.75,-25.41514,-49.30575,DEV0146,M073,0
T001275,U446,2026-05-23T00:49:26.394711,27.09,-23.59759,-46.61789,DEV0641,M100,0
T001276,U261,2026-05-22T15:54:06.051407,651.78,-23.5778,-46.70078,DEV0330,M086,0
T001277,U069,2026-05-23T04:02:44.858139,77.57,-23.60109,-46.6497,DEV0385,U163,0
T001278,U192,2026-05-22T18:54:00.842989,97.67,-12.87795,-38.53911,DEV0163,M095,0
T001279,U189,2026-05-23T15:54:03.192763,353.94,-30.04288,-51.17798,DEV0144,M045,0
T001280,U102,2026-05-22T18:12:34.066829,33.61,-19.89373,-43.87091,DEV0470,M059,0
T001281,U307,2026-05-22T20:02:45.653437,105.46,-15.78534,-47.87659,DEV0322,M067,0
T001282,U137,2026-05-22T16:37:06.962617,71.3,-12.94307,-38.53382,DEV0350,M021,0
T001283,U046,2026-05-23T01:23:43.985844,282.75,-19.88972,-43.91937,DEV0575,U328,0
T001284,U405,2026-05-22T18:09:46.271861,42.73,-15.79521,-47.90266,DEV0469,M019,0
T001285,U439,2026-05-23T01:10:39.435997,157.26,-22.93876,-43.22588,DEV0055,M048,0
T001286,U239,2026-05-22T20:12:36.525893,1245.45,-13.03089,-38.46293,DEV0645,U254,0
T001287,U207,2026-05-22T18:37:26.649563,309.41,-15.74749,-47.91307,DEV0058,M032,0
T001288,U423,2026-05-22T17:41:25.009678,9.86,-22.97363,-43.14545,DEV0727,U066,0
T001289,U299,2026-05-22T21:24:32.672101,41.11,-22.86281,-43.19835,DEV0320,M054,0
T001290,U132,2026-05-22T19:42:50.689243,1.58,-22.86385,-43.10645,DEV0570,M089,0
T001291,U136,2026-05-23T05:27:18.321428,16.0,-12.93975,-38.46095,DEV0103,M040,0
T001292,U104,2026-05-22T20:35:56.524429,452.84,-13.01352,-38.48266,DEV0563,M066,0
T001293,U031,2026-05-23T02:20:56.450682,2.57,-25.43567,-49.25593,DEV0493,M003,0
T001294,U206,2026-05-22T23:55:00.108876,158.9,-13.00893,-38.47568,DEV0653,M008,0
T001295,U018,2026-05-23T06:03:22.488095,14.13,-23.60865,-46.65117,DEV0346,M012,0
T001296,U179,2026-05-23T01:35:51.130972,639.91,-23.56415,-46.64832,DEV0695,U194,0
T001297,U260,2026-05-23T04:16:08.962033,31.83,-12.98957,-38.48657,DEV0797,M031,0
T001298,U456,2026-05-22T15:26:46.893208,163.5,-23.47438,-46.65425,DEV0466,M079,0
T001299,U038,2026-05-22T15:06:03.273416,80.07,-25.39712,-49.28446,DEV0033,U295,0
T001300,U293,2026-05-23T06:28:50.247764,362.96,-23.46877,-46.64999,DEV0525,M082,0
T001301,U258,2026-05-22T17:59:54.500339,42.08,-23.61732,-46.68707,DEV0335,M031,0
T001302,U066,2026-05-22T16:51:38.915201,172.92,-12.91304,-38.42198,DEV0625,U245,0
T001303,U410,2026-05-22T18:06:06.588444,22.46,-13.02929,-38.49393,DEV0523,M018,0
T001304,U411,2026-05-22T20:23:37.719832,129.34,-22.88971,-43.23782,DEV0707,M084,0
T001305,U410,2026-05-22T19:11:47.881633,5.16,-12.98054,-38.54501,DEV0523,M007,0
T001306,U355,2026-05-22T20:08:10.972343,31.27,-13.02318,-38.45735,DEV0660,U308,0
T001307,U285,2026-05-22T22:09:07.127944,4.32,-19.98664,-43.94008,DEV0312,M087,0
T001308,U113,2026-05-22T20:31:55.935610,369.69,-23.5118,-46.63367,DEV0302,U037,0
T001309,U342,2026-05-22T20:15:35.044985,83.72,-25.46813,-49.41443,DEV0015,U366,0
T001310,U248,2026-05-22T15:26:18.364001,238.75,-15.75898,-47.98563,DEV0771,M014,0
T001311,U404,2026-05-22T20:42:22.419485,282.38,-19.97319,-43.92497,DEV0452,M064,0
T001312,U137,2026-05-22T17:17:25.376417,340.47,-13.02797,-38.45774,DEV0350,M006,0
T001313,U116,2026-05-22T22:12:34.421815,440.53,-29.94704,-51.24657,DEV0161,M081,0
T001314,U102,2026-05-22T19:56:16.326034,7.88,-19.99578,-43.96172,DEV0470,M056,0
T001315,U483,2026-05-23T06:05:02.059776,18.46,-15.74784,-47.92384,DEV0376,U157,0
T001316,U178,2026-05-23T05:53:06.872832,45.55,-15.76623,-47.93374,DEV0736,M018,0
T001317,U320,2026-05-22T17:12:11.536112,264.26,-22.89867,-43.27458,DEV0172,U214,0
T001318,U174,2026-05-22T22:23:13.381749,352.47,-23.4315,-46.63057,DEV0277,M066,0
T001319,U499,2026-05-22T16:27:01.411589,154.42,-19.85691,-43.95871,DEV0020,U421,0
T001320,U228,2026-05-22T18:25:03.041185,65.29,-15.74879,-47.88442,DEV0594,M062,0
T001321,U184,2026-05-22T16:13:51.825870,252.49,-23.5368,-46.65172,DEV0076,M051,0
T001322,U260,2026-05-23T06:21:32.264529,27.8,-13.01183,-38.4402,DEV0797,M071,0
T001323,U495,2026-05-23T04:38:37.614395,30.69,-19.94115,-43.92861,DEV0226,M026,0
T001324,U120,2026-05-22T21:32:39.960168,61.22,-29.95534,-51.22868,DEV0663,M037,0
T001325,U117,2026-05-22T20:36:55.788223,33.51,-22.96853,-43.23534,DEV0793,M095,0
T001326,U260,2026-05-23T06:36:39.048209,15.26,-13.0341,-38.48253,DEV0797,U174,0
T001327,U199,2026-05-22T15:53:19.732406,37.65,-20.00531,-43.90196,DEV0648,M058,0
T001328,U391,2026-05-22T14:25:27.675490,153.27,-23.63226,-46.63008,DEV0114,M036,0
T001329,U424,2026-05-22T20:26:46.655976,284.26,-15.8428,-47.97915,DEV0146,U004,0
T001330,U298,2026-05-22T15:06:34.074757,19.81,-23.60817,-46.55492,DEV0613,U107,0
T001331,U283,2026-05-22T18:30:35.132969,123.87,-22.95813,-43.19581,DEV0028,M021,0
T001332,U476,2026-05-22T18:51:36.619536,20.12,-13.00469,-38.44814,DEV0141,M096,0
T001333,U040,2026-05-23T04:00:01.262645,12.78,-19.89436,-43.8689,DEV0684,M010,0
T001334,U288,2026-05-22T21:08:13.196094,46.19,-22.98818,-43.1417,DEV0506,M075,0
T001335,U190,2026-05-22T17:57:15.012754,107.82,-12.98864,-38.38492,DEV0693,M032,0
T001336,U296,2026-05-22T20:04:19.418768,186.27,-30.05913,-51.23184,DEV0470,M036,0
T001337,U114,2026-05-23T04:02:00.313198,133.44,-19.9544,-43.9275,DEV0700,M068,0
T001338,U285,2026-05-23T04:10:17.420166,211.08,-19.98986,-43.98071,DEV0312,U406,0
T001339,U314,2026-05-23T05:57:44.712956,177.98,-19.86889,-44.02878,DEV0724,U307,0
T001340,U270,2026-05-22T19:46:32.740439,8.49,-12.95708,-38.51083,DEV0634,M014,0
T001341,U187,2026-05-22T19:38:51.241241,48.4,-12.9992,-38.52473,DEV0069,M009,0
T001342,U021,2026-05-22T22:37:36.809469,231.69,-30.03115,-51.22433,DEV0035,M026,0
T001343,U272,2026-05-22T16:20:58.478132,48.88,-22.98308,-43.04934,DEV0534,U331,0
T001344,U399,2026-05-23T01:37:10.252509,56.67,-30.06938,-51.21007,DEV0443,M034,0
T001345,U145,2026-05-22T16:07:07.972766,44.8,-23.62304,-46.6697,DEV0751,M066,0
T001346,U093,2026-05-23T05:03:47.192935,32.56,-25.3879,-49.23397,DEV0422,M052,0
T001347,U447,2026-05-23T00:50:57.397882,166.07,-19.99934,-43.91296,DEV0616,M084,0
T001348,U213,2026-05-22T14:54:07.795442,10.94,-12.92806,-38.42816,DEV0149,M056,0
T001349,U447,2026-05-23T01:38:38.915882,56.09,-19.93853,-43.91462,DEV0616,M050,0
T001350,U487,2026-05-23T00:27:15.273107,23.81,-23.52895,-46.60071,DEV0344,M071,0
T001351,U336,2026-05-22T19:37:13.846226,117.56,-19.91629,-43.88991,DEV0637,M043,0
T001352,U359,2026-05-22T22:07:24.164759,2338.21,-15.74961,-47.91317,DEV0210,U364,1
T001353,U239,2026-05-22T20:57:26.629126,118.8,-12.91475,-38.49419,DEV0645,M062,0
T001354,U241,2026-05-22T16:29:19.582984,384.17,-12.92989,-38.48276,DEV0714,U445,0
T001355,U286,2026-05-23T00:10:42.969368,493.91,-19.92357,-44.00136,DEV0623,U368,0
T001356,U258,2026-05-22T18:17:58.588767,44.11,-23.57369,-46.68821,DEV0335,M088,0
T001357,U422,2026-05-22T17:02:55.705683,462.17,-22.93109,-43.20457,DEV0442,M040,0
T001358,U159,2026-05-22T19:17:16.045192,43.57,-22.89554,-43.14256,DEV0659,M087,0
T001359,U269,2026-05-22T23:56:01.236595,230.29,-19.92018,-43.96318,DEV0093,U106,0
T001360,U330,2026-05-22T20:25:31.686567,5.62,-23.48066,-46.61105,DEV0229,M025,0
T001361,U074,2026-05-22T19:29:58.965612,350.74,-12.99997,-38.45309,DEV0610,U480,0
T001362,U367,2026-05-22T17:49:56.257463,43.48,-15.83046,-47.92079,DEV0420,M092,0
T001363,U318,2026-05-23T00:22:35.811727,44.42,-12.96912,-38.50989,DEV0259,M020,0
T001364,U433,2026-05-22T19:14:21.445751,74.95,-15.79625,-47.86242,DEV0576,M081,0
T001365,U169,2026-05-22T18:03:47.466010,4.92,-19.93197,-43.95677,DEV0727,M034,0
T001366,U088,2026-05-22T19:27:26.328715,44.85,-13.07726,-38.50191,DEV0037,M003,0
T001367,U491,2026-05-22T16:11:00.184677,5.85,-15.81989,-47.84188,DEV0226,U435,0
T001368,U308,2026-05-23T06:00:36.699086,7.07,-19.98165,-43.91211,DEV0004,U058,0
T001369,U187,2026-05-22T23:48:29.082425,380.28,-12.93955,-38.52516,DEV0069,U087,0
T001370,U446,2026-05-23T08:36:27.310375,40.53,-23.55193,-46.65336,DEV0641,M035,0
T001371,U160,2026-05-22T17:26:46.072951,33.44,-23.6104,-46.65463,DEV0325,U042,0
T001372,U202,2026-05-22T15:41:13.960272,19.55,-25.44638,-49.29893,DEV0070,U052,0
T001373,U361,2026-05-22T17:58:11.848524,5000.0,-25.3417,-49.25409,DEV0356,U163,1
T001374,U163,2026-05-22T17:58:21.848524,4950.0,-19.9173,-43.9345,DEV0380,U053,1
T001375,U053,2026-05-22T17:58:31.848524,4900.0,-15.7801,-47.9292,DEV0646,U361,1
T001376,U418,2026-05-22T18:33:24.492084,48.03,-23.53767,-46.65908,DEV0115,M076,0
T001377,U421,2026-05-22T14:16:09.270895,82.96,-15.77378,-47.92062,DEV0235,M088,0
T001378,U330,2026-05-22T21:00:25.646117,50.77,-23.56621,-46.58717,DEV0229,U145,0
T001379,U198,2026-05-22T16:57:02.562028,28.69,-12.94316,-38.44831,DEV0029,M095,0
T001380,U264,2026-05-22T21:13:37.064081,29.7,-19.93202,-43.9372,DEV0043,M011,0
T001381,U448,2026-05-23T05:00:13.242952,12.53,-30.03308,-51.20275,DEV0131,M028,0
T001382,U423,2026-05-22T19:59:08.610502,233.2,-22.83392,-43.16644,DEV0727,M001,0
T001383,U207,2026-05-22T19:08:59.682923,441.75,-15.82137,-47.96233,DEV0058,M045,0
T001384,U398,2026-05-22T21:23:32.797622,66.92,-23.49939,-46.604,DEV0759,M006,0
T001385,U066,2026-05-22T18:32:35.130046,549.8,-12.97017,-38.59956,DEV0625,M001,0
T001386,U037,2026-05-22T22:30:37.040604,242.77,-23.52131,-46.65506,DEV0028,M066,0
T001387,U032,2026-05-22T16:44:43.631896,24.0,-29.94859,-51.23544,DEV0065,M100,0
T001388,U259,2026-05-23T04:26:07.225946,54.59,-30.08091,-51.27817,DEV0106,M010,0
T001389,U302,2026-05-22T17:55:46.779159,184.75,-15.83143,-47.93779,DEV0503,M026,0
T001390,U419,2026-05-22T16:44:22.251319,198.76,-23.55655,-46.59694,DEV0552,M082,0
T001391,U391,2026-05-22T15:13:16.743878,71.47,-23.60596,-46.64672,DEV0114,U227,0
T001392,U116,2026-05-22T22:38:45.893093,54.32,-29.94221,-51.15817,DEV0161,M050,0
T001393,U483,2026-05-23T06:46:56.988654,61.02,-15.68021,-47.87025,DEV0376,M009,0
T001394,U307,2026-05-22T20:21:27.003626,263.28,-15.83955,-47.90711,DEV0322,M074,0
T001395,U474,2026-05-22T19:36:10.438190,54.78,-22.93897,-43.12467,DEV0311,U292,0
T001396,U499,2026-05-22T17:34:45.256043,166.0,-19.90087,-43.96319,DEV0020,M007,0
T001397,U178,2026-05-23T06:03:40.815264,195.25,-15.75085,-47.89862,DEV0736,U375,0
T001398,U021,2026-05-23T00:27:04.098080,1350.76,-30.00681,-51.22903,DEV0035,M083,0
T001399,U056,2026-05-22T23:49:52.774253,76.98,-30.08907,-51.25476,DEV0348,U038,0
T001400,U318,2026-05-23T00:27:56.844502,30.35,-13.01273,-38.48944,DEV0259,M012,0
T001401,U149,2026-05-22T20:06:46.079911,82.62,-29.9984,-51.17507,DEV0076,M021,0
T001402,U111,2026-05-22T17:25:06.491640,72.94,-12.98059,-38.53724,DEV0518,M033,0
T001403,U270,2026-05-22T20:19:05.570416,21.23,-12.92108,-38.4855,DEV0634,U474,0
T001404,U434,2026-05-22T18:06:05.585251,86.82,-15.71748,-47.87238,DEV0363,M055,0
T001405,U392,2026-05-22T20:15:51.080225,76.23,-19.79451,-43.91256,DEV0644,M067,0
T001406,U029,2026-05-22T17:31:01.125915,218.27,-13.00132,-38.53963,DEV0338,M077,0
T001407,U328,2026-05-23T00:31:46.806374,36.57,-23.49973,-46.69189,DEV0296,M097,0
T001408,U005,2026-05-22T16:51:43.979341,12.88,-25.51969,-49.22319,DEV0664,M031,0
T001409,U442,2026-05-23T01:16:09.767019,596.15,-25.47156,-49.17129,DEV0467,M047,0
T001410,U478,2026-05-22T20:20:54.224625,2.23,-12.89656,-38.50528,DEV0477,M008,0
T001411,U296,2026-05-22T21:41:13.404105,46.12,-30.02138,-51.21451,DEV0470,M054,0
T001412,U139,2026-05-23T06:05:40.492660,102.22,-25.44318,-49.23789,DEV0106,U074,0
T001413,U016,2026-05-22T20:36:35.574002,81811.34,-29.97843,-51.18385,DEV0274,U494,1
T001414,U478,2026-05-22T22:03:37.463501,50.45,-13.03701,-38.46763,DEV0477,M052,0
T001415,U065,2026-05-22T19:09:58.730715,89.86,-15.82635,-47.91576,DEV0386,U219,0
T001416,U095,2026-05-22T17:26:04.858012,223.24,-23.47782,-46.66627,DEV0099,M075,0
T001417,U368,2026-05-22T23:49:42.709383,1451.68,-23.57038,-46.70253,DEV0001,M004,0
T001418,U262,2026-05-22T16:47:20.822813,51.69,-25.43002,-49.28424,DEV0069,M096,0
T001419,U067,2026-05-23T07:45:50.775148,695.04,-20.05771,-43.94238,DEV0113,U454,0
T001420,U304,2026-05-22T21:26:32.738316,120.59,-30.02055,-51.2186,DEV0664,U192,0
T001421,U324,2026-05-22T17:40:42.932264,8.06,-15.77391,-47.92398,DEV0095,U126,0
T001422,U079,2026-05-22T17:12:53.905113,60.98,-19.87266,-43.93884,DEV0346,U265,0
T001423,U002,2026-05-22T17:42:08.292372,151.72,-19.92457,-43.9483,DEV0072,M087,0
T001424,U437,2026-05-22T18:06:14.414121,42.64,-19.88993,-43.98123,DEV0512,U248,0
T001425,U423,2026-05-22T20:26:55.390424,661.77,-22.85805,-43.19404,DEV0727,U255,0
T001426,U417,2026-05-22T17:19:27.139375,393.14,-19.87115,-43.9142,DEV0727,M042,0
T001427,U031,2026-05-23T02:50:28.000210,55.65,-25.45464,-49.25306,DEV0493,M094,0
T001428,U404,2026-05-22T22:43:41.748197,23.85,-19.97108,-43.91767,DEV0452,U105,0
T001429,U319,2026-05-22T17:54:05.374711,7.65,-22.98896,-43.23825,DEV0010,M080,0
T001430,U474,2026-05-22T19:45:06.053748,130.14,-22.86015,-43.16972,DEV0311,M015,0
T001431,U216,2026-05-22T22:38:53.459751,1.59,-23.54627,-46.62968,DEV0402,M065,0
T001432,U427,2026-05-22T20:44:21.394188,5000.0,-15.7952,-47.97671,DEV0378,U290,1
T001433,U290,2026-05-22T20:44:31.394188,4950.0,-30.0346,-51.2177,DEV0485,U048,1
T001434,U048,2026-05-22T20:44:41.394188,4900.0,-25.4284,-49.2733,DEV0734,U427,1
T001435,U317,2026-05-22T19:10:24.120129,2066.34,-12.95205,-38.59507,DEV0404,M019,1
T001436,U107,2026-05-22T14:14:08.978174,7.45,-23.63315,-46.60982,DEV0453,M076,0
T001437,U307,2026-05-22T20:22:36.475214,267.08,-15.73073,-47.87349,DEV0322,M093,0
T001438,U473,2026-05-22T16:28:13.897762,100.77,-13.05397,-38.40038,DEV0426,M087,0
T001439,U267,2026-05-22T18:17:45.998153,40.51,-25.43431,-49.30743,DEV0360,M100,0
T001440,U399,2026-05-23T02:34:41.065666,449.66,-30.0884,-51.26264,DEV0443,M004,0
T001441,U209,2026-05-23T00:08:31.370692,85.51,-19.85573,-43.92003,DEV0348,M056,0
T001442,U450,2026-05-23T10:45:51.494368,49.69,-15.71023,-47.913,DEV0524,M036,0
T001443,U143,2026-05-22T22:55:15.796136,387.44,-30.00662,-51.15969,DEV0127,U456,0
T001444,U374,2026-05-22T19:49:27.477757,42.15,-19.93155,-43.85509,DEV0386,M061,0
T001445,U274,2026-05-22T23:46:30.365094,62.56,-22.97504,-43.27061,DEV0046,M072,0
T001446,U434,2026-05-22T19:06:00.791770,20.63,-15.78156,-47.94592,DEV0363,M030,0
T001447,U227,2026-05-23T03:17:44.749465,20.08,-12.96208,-38.60279,DEV0558,M098,0
T001448,U055,2026-05-23T02:54:26.501886,25.46,-15.72351,-47.9069,DEV0331,M043,0
T001449,U487,2026-05-23T01:12:05.919454,33.97,-23.53361,-46.62536,DEV0344,M043,0
T001450,U301,2026-05-22T13:52:46.373581,25.93,-13.04192,-38.54008,DEV0662,M063,0
T001451,U078,2026-05-22T23:06:20.060250,14.32,-25.41209,-49.22772,DEV0764,U318,0
T001452,U339,2026-05-22T20:01:22.468932,16.6,-30.0714,-51.2752,DEV0616,U173,0
T001453,U208,2026-05-23T00:54:28.486147,109.23,-12.96307,-38.57031,DEV0361,U213,0
T001454,U183,2026-05-22T23:52:04.062288,12.16,-23.62348,-46.5882,DEV0612,M013,0
T001455,U025,2026-05-22T14:37:56.702813,9.54,-22.93466,-43.09384,DEV0556,M061,0
T001456,U026,2026-05-22T19:06:51.837025,236.37,-15.73699,-47.91367,DEV0270,M034,0
T001457,U087,2026-05-23T03:02:38.094100,1197.49,-23.4847,-46.66024,DEV0304,U454,0
T001458,U422,2026-05-22T17:20:39.959766,1219.71,-22.90975,-43.17055,DEV0442,M095,0
T001459,U331,2026-05-22T16:12:41.946121,29.8,-15.82182,-47.94093,DEV0291,U137,0
T001460,U224,2026-05-22T20:13:33.613480,14.46,-25.47,-49.30704,DEV0041,U409,0
T001461,U413,2026-05-22T21:05:01.538868,133.81,-15.84325,-48.02476,DEV0256,M057,0
T001462,U486,2026-05-22T15:22:59.826190,23.01,-15.86541,-47.9071,DEV0585,M004,0
T001463,U042,2026-05-22T23:33:59.781440,222.8,-12.93871,-38.49399,DEV0462,U027,0
T001464,U216,2026-05-22T22:52:36.014626,50.94,-23.48552,-46.62892,DEV0402,M024,0
T001465,U492,2026-05-22T15:36:19.106267,42.24,-25.45769,-49.19201,DEV0772,M073,0
T001466,U069,2026-05-23T05:46:27.561400,69.45,-23.57483,-46.63381,DEV0385,M100,0
T001467,U293,2026-05-23T06:58:56.195233,186.65,-23.56854,-46.56969,DEV0525,U427,0
T001468,U196,2026-05-22T20:59:56.867160,231.19,-15.83073,-48.0172,DEV0653,M082,0
T001469,U320,2026-05-22T22:11:55.677640,22.98,-22.93521,-43.21522,DEV0172,M095,0
T001470,U396,2026-05-22T20:11:20.501436,3.24,-29.96292,-51.20813,DEV0476,M039,0
T001471,U224,2026-05-22T21:46:32.683250,149.1,-25.43133,-49.33508,DEV0041,M034,0
T001472,U294,2026-05-23T00:58:52.572882,485.58,-25.36532,-49.22773,DEV0394,M072,0
T001473,U250,2026-05-22T22:48:31.203352,34.63,-15.73141,-47.93669,DEV0734,M081,0
T001474,U032,2026-05-22T18:41:08.960726,18.22,-29.99982,-51.26365,DEV0065,M009,0
T001475,U073,2026-05-22T18:43:46.373196,39.2,-23.62638,-46.67191,DEV0767,U016,0
T001476,U136,2026-05-23T05:33:55.153608,6.28,-12.93786,-38.46106,DEV0103,M091,0
T001477,U302,2026-05-22T18:59:25.868440,43.0,-15.82474,-47.83031,DEV0503,M081,0
T001478,U285,2026-05-23T06:54:41.440191,86420.48,-19.91271,-43.96811,DEV0312,M004,1
T001479,U387,2026-05-22T19:21:12.307631,3.01,-13.00562,-38.55661,DEV0305,M024,0
T001480,U416,2026-05-22T23:21:16.136737,449.36,-23.54458,-46.59693,DEV0714,U085,0
T001481,U235,2026-05-22T20:25:23.658176,5.12,-19.84107,-43.91613,DEV0795,M042,0
T001482,U424,2026-05-22T23:14:08.412551,24.78,-15.79463,-47.93314,DEV0146,M052,0
T001483,U325,2026-05-22T17:37:01.708457,162.03,-15.73421,-47.94472,DEV0236,M001,0
T001484,U435,2026-05-22T17:15:23.326020,181.92,-13.05511,-38.52637,DEV0292,U052,0
T001485,U145,2026-05-22T16:29:16.937186,93.12,-23.46153,-46.56515,DEV0751,U311,0
T001486,U498,2026-05-22T16:02:22.864779,440.05,-30.09795,-51.19308,DEV0727,M047,0
T001487,U151,2026-05-23T02:42:21.899567,14.35,-15.78166,-47.91249,DEV0220,M006,0
T001488,U006,2026-05-22T17:50:14.958090,629.35,-12.94325,-38.50677,DEV0770,U172,0
T001489,U372,2026-05-22T16:52:53.681879,58.97,-12.96398,-38.5181,DEV0666,M056,0
T001490,U251,2026-05-22T20:58:39.254212,43.27,-23.42534,-46.6575,DEV0624,M087,0
T001491,U465,2026-05-22T23:59:46.592909,1508.11,-22.96762,-43.19803,DEV0443,M096,0
T001492,U145,2026-05-22T17:11:37.475741,103.57,-23.53138,-46.6562,DEV0751,M058,0
T001493,U109,2026-05-22T23:55:02.892440,39.53,-23.4735,-46.73673,DEV0512,M078,0
T001494,U179,2026-05-23T02:50:26.713361,162.7,-23.52991,-46.64697,DEV0695,U180,0
T001495,U113,2026-05-23T02:49:57.192824,87.89,-23.41474,-46.71095,DEV0302,M007,0
T001496,U259,2026-05-23T05:18:09.661260,128.33,-30.12136,-51.1904,DEV0106,M081,0
T001497,U406,2026-05-23T03:39:54.409664,578.07,-30.05824,-51.19925,DEV0007,U136,0
T001498,U299,2026-05-22T22:56:28.285715,242.41,-22.94062,-43.17865,DEV0320,M033,0
T001499,U300,2026-05-23T05:19:35.690029,337.3,-19.90558,-43.8962,DEV0741,M080,0
T001500,U098,2026-05-22T21:08:37.800236,21.17,-25.44632,-49.28319,DEV0161,U319,0
T001501,U107,2026-05-22T15:54:07.453667,27.11,-23.55603,-46.54172,DEV0453,M050,0
T001502,U003,2026-05-22T19:50:13.643796,1.39,-30.05133,-51.18942,DEV0122,M009,0
T001503,U389,2026-05-23T03:13:47.377343,367.26,-22.81783,-43.12986,DEV0769,M076,0
T001504,U496,2026-05-22T15:54:26.200241,915.71,-23.67266,-46.63349,DEV0753,M038,0
T001505,U221,2026-05-23T06:10:17.569686,38.26,-15.74663,-47.93481,DEV0408,M052,0
T001506,U216,2026-05-23T00:21:32.388860,38.25,-23.56158,-46.56375,DEV0402,U224,0
T001507,U320,2026-05-22T22:53:20.213411,21.01,-22.93747,-43.16432,DEV0172,M092,0
T001508,U460,2026-05-22T18:05:11.881910,192.49,-30.07929,-51.2729,DEV0794,M077,0
T001509,U205,2026-05-22T19:01:35.623428,181.8,-19.99259,-43.8925,DEV0039,M090,0
T001510,U177,2026-05-23T02:18:33.060727,31.4,-25.44945,-49.34818,DEV0096,U488,0
T001511,U257,2026-05-22T15:59:08.178840,262.22,-30.01813,-51.26365,DEV0308,U065,0
T001512,U260,2026-05-23T06:59:46.823838,45.07,-12.96895,-38.56899,DEV0797,M025,0
T001513,U407,2026-05-22T23:05:21.041020,2.8,-23.57229,-46.63494,DEV0151,U347,0
T001514,U014,2026-05-22T23:06:01.442499,9.29,-25.42043,-49.2551,DEV0505,U078,0
T001515,U137,2026-05-23T00:37:51.422143,3.19,-12.97881,-38.47614,DEV0350,M058,0
T001516,U451,2026-05-22T20:42:12.521310,81.73,-25.4152,-49.33749,DEV0017,M004,0
T001517,U236,2026-05-22T21:48:47.059026,16.91,-23.54363,-46.57382,DEV0610,M064,0
T001518,U031,2026-05-23T06:53:26.484108,101.45,-25.40138,-49.17649,DEV0493,M044,0
T001519,U378,2026-05-22T20:51:29.639338,88875.68,-23.60043,-46.7029,DEV0177,M009,1
T001520,U485,2026-05-22T19:04:49.078839,13.79,-23.56411,-46.57163,DEV0432,M064,0
T001521,U232,2026-05-22T21:56:07.055300,112.97,-15.76816,-47.99289,DEV0065,U174,0
T001522,U061,2026-05-23T00:30:22.211106,486.53,-15.7801,-47.9292,DEV0234,M060,1
T001523,U304,2026-05-22T21:49:18.023240,59.63,-29.99747,-51.25398,DEV0664,M031,0
T001524,U413,2026-05-22T21:43:35.107930,99.38,-15.79442,-47.95427,DEV0256,U002,0
T001525,U094,2026-05-22T18:28:00.041755,36.18,-15.76177,-47.94508,DEV0227,U335,0
T001526,U251,2026-05-22T21:52:52.767038,12.27,-23.52347,-46.56098,DEV0624,M078,0
T001527,U205,2026-05-22T23:00:41.423739,159.49,-19.89915,-43.96095,DEV0039,M024,0
T001528,U365,2026-05-22T23:50:21.656853,134.56,-23.51963,-46.66697,DEV0726,U170,0
T001529,U102,2026-05-23T00:44:57.215637,197.28,-19.9428,-43.96455,DEV0470,M003,0
T001530,U065,2026-05-22T20:55:35.507868,146.34,-15.75511,-48.02876,DEV0386,U100,0
T001531,U327,2026-05-22T19:12:05.458092,6.6,-22.95404,-43.1667,DEV0588,M018,0
T001532,U152,2026-05-23T06:12:44.193334,68.9,-23.60128,-46.60639,DEV0094,M002,0
T001533,U225,2026-05-23T01:04:42.754102,42.46,-19.95712,-44.00815,DEV0502,M079,0
T001534,U482,2026-05-22T22:16:45.159362,27.0,-23.50247,-46.59373,DEV0689,M068,0
T001535,U017,2026-05-22T17:38:12.644593,72.26,-25.42248,-49.32989,DEV0014,M007,0
T001536,U241,2026-05-22T17:16:23.640846,16.48,-13.03287,-38.522,DEV0714,M013,0
T001537,U119,2026-05-22T21:03:25.251311,23.12,-15.80235,-47.90211,DEV0792,U134,0
T001538,U183,2026-05-23T00:35:24.410017,8.4,-23.55367,-46.63723,DEV0612,M093,0
T001539,U177,2026-05-23T07:47:51.278600,225.71,-25.45982,-49.28331,DEV0096,M070,0
T001540,U272,2026-05-23T03:24:16.906436,17.98,-22.96033,-43.19928,DEV0534,M038,0
T001541,U327,2026-05-22T20:37:22.329644,203.37,-22.85399,-43.15302,DEV0588,M013,0
T001542,U027,2026-05-22T16:04:34.421346,29.78,-30.13097,-51.23706,DEV0456,M002,0
T001543,U272,2026-05-23T04:32:05.137073,97.04,-22.89425,-43.16393,DEV0534,M019,0
T001544,U184,2026-05-22T18:45:57.380052,9.78,-23.48838,-46.64613,DEV0076,M042,0
T001545,U344,2026-05-22T23:09:51.503322,42.02,-25.44542,-49.28459,DEV0157,M017,0
T001546,U261,2026-05-22T18:09:41.454840,95.1,-23.53574,-46.69363,DEV0330,M008,0
T001547,U352,2026-05-22T19:09:28.847570,410.7,-25.49337,-49.29152,DEV0685,M068,0
T001548,U259,2026-05-23T07:37:42.301265,64.57,-30.01929,-51.21634,DEV0106,M082,0
T001549,U457,2026-05-22T14:37:31.490063,364.0,-30.08723,-51.20276,DEV0571,U422,0
T001550,U461,2026-05-22T22:22:01.082406,10.0,-22.87646,-43.14376,DEV0391,U397,0
T001551,U243,2026-05-22T21:42:28.323686,278.61,-15.80804,-47.92038,DEV0001,M072,0
T001552,U375,2026-05-22T18:33:33.090367,146.0,-19.82187,-43.88943,DEV0418,M061,0
T001553,U310,2026-05-22T19:33:48.496704,318.39,-20.01422,-43.92815,DEV0574,M085,0
T001554,U318,2026-05-23T00:41:26.681117,11.22,-12.9801,-38.55329,DEV0259,U176,0
T001555,U297,2026-05-23T00:11:11.810806,81.05,-23.61643,-46.69213,DEV0748,M041,0
T001556,U360,2026-05-22T22:22:18.658813,65.26,-30.02944,-51.31619,DEV0616,U494,0
T001557,U077,2026-05-23T09:20:59.141409,7.03,-15.86125,-47.98987,DEV0464,U231,0
T001558,U265,2026-05-22T20:04:58.170980,26.58,-19.84418,-44.05111,DEV0111,M080,0
T001559,U462,2026-05-22T18:33:58.733906,20.02,-12.95368,-38.45622,DEV0519,M020,0
T001560,U274,2026-05-23T03:54:47.488252,389.74,-22.94127,-43.24342,DEV0024,M002,1
T001561,U253,2026-05-22T05:14:17.443836,4499.84,-15.71877,-47.84032,DEV0578,M002,1
T001562,U489,2026-05-22T20:50:16.022176,2157.37,-25.36394,-49.24048,DEV0710,M018,0
T001563,U330,2026-05-22T22:09:10.170890,26.85,-23.50611,-46.71245,DEV0229,M091,0
T001564,U450,2026-05-23T10:54:46.362876,31.95,-15.76067,-47.94263,DEV0524,M019,0
T001565,U401,2026-05-22T19:48:20.404340,8.92,-19.97781,-43.86309,DEV0051,M098,0
T001566,U039,2026-05-23T04:39:34.460140,31.21,-30.0276,-51.19468,DEV0574,U098,0
T001567,U262,2026-05-22T16:57:14.476290,774.58,-25.33347,-49.26811,DEV0069,M047,0
T001568,U325,2026-05-22T21:15:14.739331,104.96,-15.76569,-47.91126,DEV0236,M002,0
T001569,U302,2026-05-22T19:48:14.193798,13.6,-15.78823,-47.91227,DEV0503,M022,0
T001570,U301,2026-05-22T14:42:44.277294,73.81,-12.98157,-38.44529,DEV0662,M042,0
T001571,U198,2026-05-22T16:59:00.816741,34.12,-12.91407,-38.47869,DEV0029,M026,0
T001572,U032,2026-05-22T18:44:42.315549,4.62,-23.5505,-46.6333,DEV0065,M070,1
T001573,U243,2026-05-22T21:46:49.044509,32.57,-15.82426,-47.87122,DEV0001,M018,0
T001574,U144,2026-05-22T15:39:21.450774,14.77,-13.0939,-38.40472,DEV0641,U154,0
T001575,U280,2026-05-23T01:59:17.716126,346.68,-23.54077,-46.58264,DEV0008,M072,1
T001576,U078,2026-05-23T00:51:19.886227,22.21,-25.46348,-49.31858,DEV0764,M064,0
T001577,U071,2026-05-22T15:34:24.782050,157.8,-15.74203,-47.90988,DEV0416,M049,0
T001578,U082,2026-05-23T06:55:15.922930,742.35,-30.08583,-51.17693,DEV0338,M068,0
T001579,U110,2026-05-23T07:57:11.628508,379.44,-25.4589,-49.21929,DEV0158,M082,0
T001580,U091,2026-05-22T21:47:27.827029,444.34,-15.77681,-47.95924,DEV0120,M019,0
T001581,U028,2026-05-22T14:45:52.985603,37.58,-25.45482,-49.29158,DEV0702,U458,0
T001582,U499,2026-05-22T21:09:11.567079,266.74,-19.95892,-43.92973,DEV0020,U228,0
T001583,U042,2026-05-23T07:52:16.097661,5000.0,-12.9864,-38.45145,DEV0462,U307,1
T001584,U307,2026-05-23T07:52:26.097661,4950.0,-15.7801,-47.9292,DEV0322,U209,1
T001585,U209,2026-05-23T07:52:36.097661,4900.0,-19.9173,-43.9345,DEV0348,U042,1
T001586,U450,2026-05-23T16:05:36.253886,84.64,-15.76313,-47.89901,DEV0524,M001,0
T001587,U451,2026-05-22T21:34:32.878646,55.41,-25.37621,-49.22665,DEV0017,U283,0
T001588,U160,2026-05-22T19:17:11.913293,177.44,-23.55512,-46.65418,DEV0325,M078,0
T001589,U154,2026-05-23T06:08:16.696875,188.54,-22.82988,-43.20957,DEV0474,M051,0
T001590,U343,2026-05-22T21:34:33.847810,312.01,-23.46631,-46.69394,DEV0478,U110,0
T001591,U338,2026-05-23T08:51:36.651340,158.73,-23.50887,-46.64302,DEV0145,M091,0
T001592,U172,2026-05-22T22:09:43.449205,267.99,-22.8911,-43.20668,DEV0501,M093,0
T001593,U051,2026-05-22T16:47:46.708134,159.73,-30.0028,-51.25701,DEV0699,U278,0
T001594,U450,2026-05-23T16:51:00.075104,168.41,-15.72812,-47.9718,DEV0524,U268,0
T001595,U396,2026-05-22T23:42:34.176588,1319.25,-30.10306,-51.25235,DEV0476,M049,0
T001596,U448,2026-05-23T06:47:50.360477,46.82,-30.00235,-51.16397,DEV0131,M040,0
T001597,U431,2026-05-22T22:32:05.412250,114.02,-12.9665,-38.45577,DEV0455,M016,0
T001598,U218,2026-05-22T19:10:35.581502,212.93,-23.556,-46.68069,DEV0373,M084,0
T001599,U252,2026-05-22T15:05:26.071687,99.98,-29.93205,-51.21813,DEV0207,U048,0
T001600,U458,2026-05-22T17:18:02.268685,15.35,-12.86443,-38.41361,DEV0538,U314,0
T001601,U283,2026-05-22T22:21:31.758371,20.65,-22.90208,-43.24655,DEV0028,M026,0
T001602,U357,2026-05-23T04:29:42.915444,81.88,-30.13715,-51.17035,DEV0346,U009,0
T001603,U130,2026-05-23T02:50:15.356092,197.95,-15.77791,-47.86806,DEV0051,U023,0
T001604,U088,2026-05-23T03:43:30.524918,114.94,-12.97375,-38.42868,DEV0037,M062,0
T001605,U334,2026-05-22T18:31:11.914967,17.33,-22.91181,-43.16215,DEV0089,M079,0
T001606,U491,2026-05-22T18:41:20.301192,51.64,-15.95281,-47.93327,DEV0226,M079,0
T001607,U073,2026-05-22T20:06:35.052201,702.38,-23.60646,-46.68939,DEV0767,M064,0
T001608,U379,2026-05-22T21:01:21.776360,109.42,-19.93166,-43.88305,DEV0662,M085,0
T001609,U415,2026-05-22T14:22:26.491141,289.73,-25.46772,-49.26041,DEV0506,U302,0
T001610,U163,2026-05-22T18:27:05.332280,5.48,-19.97051,-43.9455,DEV0380,M024,0
T001611,U418,2026-05-22T21:38:59.845768,94.9,-23.52909,-46.62451,DEV0115,M038,0
T001612,U192,2026-05-22T22:51:23.917977,48.35,-12.93159,-38.59117,DEV0163,M001,0
T001613,U042,2026-05-23T09:35:52.755955,117.7,-12.99419,-38.4783,DEV0462,M033,0
T001614,U489,2026-05-22T21:09:35.376411,290.95,-25.39303,-49.29465,DEV0710,M030,0
T001615,U135,2026-05-23T01:26:31.198985,36.2,-12.986,-38.47777,DEV0572,M050,0
T001616,U200,2026-05-22T22:59:33.602627,409.68,-23.59909,-46.67806,DEV0342,M087,0
T001617,U411,2026-05-22T23:07:01.340834,171.07,-22.94869,-43.21514,DEV0707,M066,0
T001618,U015,2026-05-22T20:47:24.604062,128.41,-19.87543,-43.92616,DEV0647,U484,0
T001619,U368,2026-05-23T06:36:08.237966,203.68,-23.5673,-46.61986,DEV0001,M053,0
T001620,U166,2026-05-22T19:31:05.150539,70.95,-22.89027,-43.23336,DEV0043,M028,0
T001621,U179,2026-05-23T04:58:20.963634,29.25,-23.57765,-46.66815,DEV0695,U349,0
T001622,U367,2026-05-22T18:24:06.833728,21.21,-15.89909,-47.96591,DEV0420,M060,0
T001623,U046,2026-05-23T02:25:09.880779,343.06,-19.83268,-43.94749,DEV0575,M099,0
T001624,U242,2026-05-22T17:09:49.874553,56.46,-23.53058,-46.67025,DEV0085,M048,0
T001625,U367,2026-05-22T18:43:10.847113,27.25,-15.74576,-47.94912,DEV0420,M099,0
T001626,U484,2026-05-22T19:47:48.741545,19.5,-25.48092,-49.32816,DEV0146,U247,0
T001627,U221,2026-05-23T09:23:40.632250,47.12,-15.81787,-47.81754,DEV0408,U143,0
T001628,U246,2026-05-22T21:55:17.979108,15.45,-25.427,-49.311,DEV0095,M040,0
T001629,U444,2026-05-22T14:05:46.528665,164.54,-22.85101,-43.14071,DEV0201,U112,0
T001630,U422,2026-05-22T17:26:23.282433,7.4,-22.98674,-43.19227,DEV0442,M025,0
T001631,U354,2026-05-22T23:47:37.585423,3.65,-25.49863,-49.31302,DEV0794,M044,0
T001632,U050,2026-05-22T16:57:27.666130,801.04,-13.08852,-38.48642,DEV0036,U257,0
T001633,U258,2026-05-22T18:50:28.065955,162.98,-23.53857,-46.68696,DEV0335,U227,0
T001634,U422,2026-05-22T20:43:21.408939,476.12,-22.91167,-43.13396,DEV0442,M011,0
T001635,U143,2026-05-22T23:14:48.540631,154.96,-30.12219,-51.16126,DEV0127,U424,0
T001636,U169,2026-05-22T19:59:44.150787,5.27,-19.86176,-43.89674,DEV0727,M082,0
T001637,U229,2026-05-22T19:38:51.600280,3.25,-13.00487,-38.53844,DEV0450,U289,0
T001638,U050,2026-05-22T18:29:40.668672,1006.87,-12.98012,-38.53877,DEV0036,M042,0
T001639,U459,2026-05-23T21:46:49.215274,1082.62,-22.97893,-43.16792,DEV0016,M034,0
T001640,U146,2026-05-22T17:09:52.101283,44.03,-15.86348,-47.87967,DEV0118,M095,0
T001641,U216,2026-05-23T00:35:39.993233,68.62,-23.45729,-46.60875,DEV0402,M007,0
T001642,U206,2026-05-23T02:05:21.783712,76.27,-12.98591,-38.50929,DEV0653,M068,0
T001643,U090,2026-05-22T16:20:00.005631,119.77,-19.917,-43.89009,DEV0208,M050,0
T001644,U378,2026-05-22T21:01:46.260121,6.02,-23.54453,-46.62243,DEV0177,M041,0
T001645,U137,2026-05-23T02:21:10.609062,109.78,-12.97523,-38.47124,DEV0350,M069,0
T001646,U211,2026-05-22T14:38:26.526674,446.14,-23.48508,-46.69644,DEV0117,M067,0
T001647,U234,2026-05-23T09:11:00.914144,144.14,-22.9217,-43.15024,DEV0063,M073,0
T001648,U315,2026-05-22T16:41:44.509668,1.43,-23.65719,-46.71307,DEV0140,M054,0
T001649,U254,2026-05-22T22:26:12.486940,419.74,-30.02025,-51.25924,DEV0422,M008,0
T001650,U248,2026-05-22T17:41:18.758753,107.74,-15.7531,-47.9507,DEV0771,M089,0
T001651,U050,2026-05-22T22:11:16.996228,70.45,-12.97762,-38.45314,DEV0036,M045,0
T001652,U088,2026-05-23T04:08:35.431493,196.56,-12.96257,-38.58247,DEV0037,M063,0
T001653,U149,2026-05-22T20:07:47.812942,222.38,-30.0956,-51.27531,DEV0076,M018,0
T001654,U488,2026-05-23T10:51:29.397278,9.72,-19.87513,-43.98149,DEV0061,M017,0
T001655,U389,2026-05-23T09:31:16.001568,117.21,-22.88478,-43.17665,DEV0769,M051,0
T001656,U397,2026-05-23T00:10:23.231514,104.48,-30.01885,-51.1865,DEV0349,U196,0
T001657,U330,2026-05-23T01:13:30.238648,16.41,-23.62932,-46.61356,DEV0229,U270,0
T001658,U299,2026-05-23T00:48:14.883826,29.32,-22.99539,-43.15578,DEV0320,M074,0
T001659,U061,2026-05-23T00:54:30.879083,11.92,-23.55715,-46.686,DEV0234,M100,0
T001660,U424,2026-05-22T23:50:54.664649,76.62,-15.78171,-48.00444,DEV0146,U278,0
T001661,U078,2026-05-23T01:26:35.821023,256.77,-25.44335,-49.31718,DEV0764,M038,0
T001662,U228,2026-05-22T22:47:27.206439,120.59,-15.85394,-47.91287,DEV0594,M038,0
T001663,U083,2026-05-23T08:40:27.346726,164.03,-19.87798,-43.93769,DEV0473,M051,0
T001664,U073,2026-05-22T23:07:35.739006,98.92,-15.7801,-47.9292,DEV0767,M063,1
T001665,U145,2026-05-22T21:45:51.769717,5000.0,-23.59478,-46.65146,DEV0751,U244,1
T001666,U244,2026-05-22T21:46:01.769717,4950.0,-12.9714,-38.5014,DEV0772,U202,1
T001667,U202,2026-05-22T21:46:11.769717,4900.0,-25.4284,-49.2733,DEV0070,U145,1
T001668,U236,2026-05-22T22:19:02.173877,3.37,-23.48609,-46.62925,DEV0610,M055,0
T001669,U299,2026-05-23T08:32:30.237762,63.17,-22.82605,-43.18633,DEV0320,U473,0
T001670,U365,2026-05-23T03:53:49.923496,7.84,-23.55107,-46.68781,DEV0726,M099,0
T001671,U204,2026-05-22T22:00:43.371573,77.47,-30.01026,-51.13384,DEV0091,M017,0
T001672,U278,2026-05-22T18:40:32.492650,656.29,-15.81117,-47.82357,DEV0107,U125,0
T001673,U311,2026-05-22T21:08:41.327523,7.5,-30.09086,-51.2139,DEV0715,M020,0
T001674,U184,2026-05-22T21:12:02.023905,326.56,-23.50748,-46.77167,DEV0076,M057,0
T001675,U034,2026-05-22T18:26:44.922121,1.07,-30.08183,-51.18491,DEV0139,U240,0
T001676,U426,2026-05-23T01:13:04.438515,28.9,-22.97248,-43.17092,DEV0017,U143,0
T001677,U262,2026-05-22T18:06:24.388486,849.77,-25.45099,-49.19665,DEV0069,U250,0
T001678,U058,2026-05-22T20:56:39.036357,467.17,-19.90658,-43.93932,DEV0633,M025,0
T001679,U343,2026-05-23T02:13:28.379512,270.68,-23.59699,-46.59627,DEV0478,M007,0
T001680,U179,2026-05-23T06:12:11.574866,7.2,-23.48326,-46.66167,DEV0695,U001,0
T001681,U375,2026-05-22T19:59:14.160783,299.33,-19.96032,-43.89319,DEV0418,M039,0
T001682,U173,2026-05-22T19:42:16.494311,22.42,-20.02351,-43.90673,DEV0413,U137,0
T001683,U099,2026-05-22T16:23:31.882078,11.64,-15.83752,-47.95196,DEV0277,M074,0
T001684,U067,2026-05-23T09:10:19.208031,700.61,-19.89599,-43.98352,DEV0113,M016,0
T001685,U269,2026-05-23T02:04:13.672259,88.1,-19.94352,-43.96242,DEV0093,M076,0
T001686,U073,2026-05-23T01:15:52.841956,147.26,-23.51372,-46.587,DEV0767,M100,0
T001687,U074,2026-05-22T19:40:57.991230,26.78,-12.96875,-38.51127,DEV0610,M094,0
T001688,U176,2026-05-22T20:56:32.291965,82.25,-19.86854,-43.81783,DEV0689,M001,0
T001689,U006,2026-05-22T20:55:56.317831,124.83,-12.97187,-38.52932,DEV0770,U369,0
T001690,U304,2026-05-23T01:08:08.302158,434.81,-29.99209,-51.13117,DEV0664,U164,0
T001691,U484,2026-05-22T22:11:50.178466,90554.93,-25.40188,-49.35116,DEV0146,M058,1
T001692,U112,2026-05-22T16:32:43.963251,1171.88,-23.57754,-46.66982,DEV0037,U224,0
T001693,U160,2026-05-22T23:27:37.096926,225.09,-23.54337,-46.55311,DEV0325,U032,0
T001694,U179,2026-05-23T08:27:19.900035,80.36,-23.63396,-46.59769,DEV0695,M088,0
T001695,U391,2026-05-22T18:36:26.896018,118.13,-23.62175,-46.68202,DEV0114,M032,0
T001696,U252,2026-05-22T17:05:59.394919,169.56,-29.99511,-51.21523,DEV0207,M039,0
T001697,U332,2026-05-22T17:12:29.366861,58543.0,-13.0379,-38.48014,DEV0379,M043,1
T001698,U238,2026-05-22T15:50:57.339349,151.84,-30.01146,-51.15492,DEV0518,M080,0
T001699,U112,2026-05-22T19:12:41.524142,394.12,-23.54783,-46.60189,DEV0037,M046,0
T001700,U343,2026-05-23T05:10:30.637266,426.25,-23.54767,-46.66119,DEV0478,M066,0
T001701,U204,2026-05-22T22:52:56.903194,53.37,-30.13164,-51.26311,DEV0091,M068,0
T001702,U269,2026-05-23T02:39:32.214831,1001.0,-20.00402,-43.9503,DEV0093,U475,0
T001703,U359,2026-05-22T17:17:30.060402,24.57,-15.66689,-47.92644,DEV0210,M047,0
T001704,U085,2026-05-23T07:35:53.546136,245.11,-25.44934,-49.26712,DEV0144,U329,0
T001705,U327,2026-05-23T00:27:53.978488,405.7,-22.88934,-43.1572,DEV0588,M022,0
T001706,U083,2026-05-23T18:43:13.705825,5.1,-19.93257,-43.88398,DEV0473,M050,0
T001707,U421,2026-05-22T14:53:38.312670,23.06,-15.77418,-47.96937,DEV0235,M052,0
T001708,U037,2026-05-22T23:33:57.969174,13.56,-23.57318,-46.6071,DEV0028,M046,0
T001709,U358,2026-05-22T23:59:29.304157,11.62,-25.46693,-49.19727,DEV0218,U158,0
T001710,U112,2026-05-22T20:25:41.747754,560.58,-23.57627,-46.63197,DEV0037,M062,0
T001711,U136,2026-05-23T10:58:18.386435,24.29,-12.98299,-38.5185,DEV0103,M092,0
T001712,U323,2026-05-23T06:54:39.078305,250.67,-19.96591,-44.00852,DEV0550,M077,0
T001713,U445,2026-05-22T20:16:44.154348,14.61,-12.9184,-38.45253,DEV0073,M017,0
T001714,U191,2026-05-22T18:08:25.642871,132.75,-30.10599,-51.19447,DEV0398,M030,0
T001715,U485,2026-05-22T21:13:04.735363,5.14,-23.4904,-46.63799,DEV0432,M100,0
T001716,U070,2026-05-22T18:48:04.246059,93.3,-22.98902,-43.07157,DEV0053,M087,0
T001717,U121,2026-05-22T17:48:25.753183,614.21,-19.88931,-43.86313,DEV0490,M056,0
T001718,U396,2026-05-23T02:00:13.696373,87.89,-30.13079,-51.27981,DEV0476,U112,0
T001719,U422,2026-05-22T21:34:30.620597,203.25,-22.91777,-43.18469,DEV0442,M027,0
T001720,U333,2026-05-23T06:12:35.172666,8.95,-15.72583,-47.94082,DEV0132,M057,0
T001721,U365,2026-05-23T09:16:11.415579,778.37,-23.49303,-46.56884,DEV0726,M059,0
T001722,U093,2026-05-23T05:29:34.048708,20.0,-25.38961,-49.29457,DEV0422,M017,0
T001723,U064,2026-05-22T18:09:50.996809,101.65,-23.5464,-46.60915,DEV0442,M075,0
T001724,U060,2026-05-22T19:22:33.236888,48.37,-19.87743,-44.01967,DEV0649,M077,0
T001725,U317,2026-05-22T19:58:39.000217,25.08,-13.03733,-38.44705,DEV0139,M079,0
T001726,U141,2026-05-23T01:58:33.551770,17.01,-25.39999,-49.29312,DEV0058,M092,0
T001727,U280,2026-05-23T02:02:25.509466,68.67,-23.5061,-46.64777,DEV0008,U406,0
T001728,U346,2026-05-22T22:46:46.221675,73.98,-15.76969,-47.93384,DEV0196,M064,0
T001729,U296,2026-05-23T00:16:19.993182,5.21,-30.03385,-51.2393,DEV0470,M044,0
T001730,U321,2026-05-23T06:02:26.092023,18.17,-23.03471,-43.1863,DEV0596,M033,0
T001731,U262,2026-05-22T22:01:52.468799,133.51,-25.44224,-49.25542,DEV0069,M080,0
T001732,U175,2026-05-22T16:52:44.400012,49.1,-25.42482,-49.21937,DEV0394,M001,0
T001733,U202,2026-05-23T00:54:07.195150,36.84,-25.3676,-49.30927,DEV0070,U387,0
T001734,U366,2026-05-22T16:48:36.006020,1051.77,-23.60465,-46.60554,DEV0613,M061,0
T001735,U263,2026-05-22T14:26:13.582947,73.08,-12.85475,-38.4366,DEV0450,U193,0
T001736,U020,2026-05-23T06:25:12.273728,36.25,-30.04091,-51.24838,DEV0428,M011,0
T001737,U202,2026-05-23T02:26:38.756060,29.08,-25.45561,-49.32719,DEV0070,M048,0
T001738,U226,2026-05-22T22:49:14.330944,367.95,-23.53792,-46.57774,DEV0724,M034,0
T001739,U370,2026-05-22T21:06:53.520294,3.47,-12.94752,-38.54726,DEV0431,M069,0
T001740,U119,2026-05-22T21:29:26.002397,5.9,-15.87393,-47.96915,DEV0792,M010,0
T001741,U044,2026-05-22T21:50:51.357707,307.19,-15.76465,-47.87267,DEV0795,M056,0
T001742,U428,2026-05-22T15:47:31.095577,94788.75,-12.95995,-38.51398,DEV0342,U357,1
T001743,U182,2026-05-22T21:44:19.386895,178.27,-15.77976,-47.90795,DEV0397,M095,0
T001744,U110,2026-05-23T08:28:42.846154,364.45,-25.43462,-49.24261,DEV0158,M089,0
T001745,U028,2026-05-22T16:55:59.990510,92.93,-25.42396,-49.25673,DEV0702,M072,0
T001746,U289,2026-05-22T21:52:21.171251,59.7,-19.7859,-43.8505,DEV0015,M009,0
T001747,U063,2026-05-22T19:36:19.015669,17.2,-23.62635,-46.62202,DEV0692,U273,0
T001748,U087,2026-05-23T03:34:18.466945,108.95,-23.48518,-46.60597,DEV0304,M088,0
T001749,U394,2026-05-22T16:41:36.308125,50.38,-22.84207,-43.23065,DEV0458,M011,0
T001750,U162,2026-05-23T13:58:29.817730,88.91,-19.93118,-43.90722,DEV0664,U156,0
T001751,U121,2026-05-22T17:49:35.262517,120.55,-19.95386,-44.01046,DEV0490,M056,0
T001752,U150,2026-05-22T21:31:23.912277,20.83,-19.86161,-44.0745,DEV0086,U256,0
T001753,U404,2026-05-22T23:53:07.375564,240.84,-19.95068,-43.90778,DEV0452,M056,0
T001754,U368,2026-05-23T07:08:33.569954,274.61,-23.52031,-46.6019,DEV0001,M067,0
T001755,U303,2026-05-22T15:32:10.586957,76.65,-15.82853,-47.86136,DEV0446,U372,0
T001756,U145,2026-05-22T22:15:05.129859,29.74,-23.56788,-46.61136,DEV0751,M048,0
T001757,U010,2026-05-23T02:05:48.452820,73700.18,-23.59282,-46.54609,DEV0475,M060,1
T001758,U249,2026-05-22T20:27:12.784562,1133.38,-25.40245,-49.2975,DEV0054,M074,0
T001759,U120,2026-05-22T23:22:32.025444,14.77,-30.05303,-51.22714,DEV0663,U283,0
T001760,U220,2026-05-23T02:13:54.490383,160.53,-19.95012,-43.97891,DEV0012,M056,0
T001761,U481,2026-05-22T23:53:28.412390,26.2,-15.83051,-48.01112,DEV0359,M024,0
T001762,U316,2026-05-23T08:59:06.366132,27.12,-22.88002,-43.22759,DEV0654,M034,0
T001763,U196,2026-05-22T21:39:55.487732,39.25,-15.75852,-47.93987,DEV0653,M084,0
T001764,U309,2026-05-22T20:07:41.131421,15.91,-15.67752,-47.92379,DEV0606,M037,0
T001765,U471,2026-05-22T19:21:36.932338,54.29,-25.4319,-49.23703,DEV0349,M080,0
T001766,U157,2026-05-23T03:01:09.187044,133.82,-22.93448,-43.18339,DEV0758,U054,0
T001767,U309,2026-05-22T21:03:32.085609,55.52,-15.85166,-47.9327,DEV0606,M016,0
T001768,U064,2026-05-22T23:12:26.459852,360.91,-23.60855,-46.54108,DEV0442,M094,0
T001769,U343,2026-05-23T07:25:49.554970,190.93,-23.56896,-46.59225,DEV0478,M076,0
T001770,U380,2026-05-23T05:51:34.420900,61.95,-22.89924,-43.14197,DEV0469,M006,0
T001771,U229,2026-05-22T21:53:26.700070,43.42,-12.94763,-38.51667,DEV0450,U393,0
T001772,U218,2026-05-22T23:33:56.279509,193.1,-23.56991,-46.58419,DEV0373,M062,0
T001773,U021,2026-05-23T01:59:32.648905,265.6,-29.97418,-51.20956,DEV0035,M075,0
T001774,U263,2026-05-22T16:05:52.144721,62.11,-12.83506,-38.56247,DEV0450,M001,0
T001775,U219,2026-05-22T17:37:20.072651,10.56,-19.93979,-43.87011,DEV0656,M022,0
T001776,U013,2026-05-23T02:29:31.815666,48.98,-15.76415,-47.84682,DEV0563,M086,0
T001777,U453,2026-05-22T16:55:55.616127,296.95,-15.73845,-47.90263,DEV0592,M033,0
T001778,U239,2026-05-22T21:54:04.202954,173.83,-13.06701,-38.4793,DEV0645,M068,0
T001779,U235,2026-05-23T01:24:08.978306,71.99,-19.85883,-43.88896,DEV0795,M097,0
T001780,U264,2026-05-22T21:25:24.951662,3.92,-19.86343,-43.98948,DEV0043,M003,0
T001781,U469,2026-05-22T16:19:34.851423,56.46,-22.84815,-43.13705,DEV0183,M100,0
T001782,U021,2026-05-23T02:06:59.457192,245.46,-29.97994,-51.225,DEV0035,M058,1
T001783,U197,2026-05-22T19:53:34.593885,21.42,-23.60074,-46.61684,DEV0795,U196,0
T001784,U309,2026-05-22T22:58:53.757262,2.08,-15.77807,-47.89114,DEV0606,M088,0
T001785,U233,2026-05-22T19:07:12.368958,90.69,-30.15021,-51.24764,DEV0177,M084,0
T001786,U324,2026-05-22T20:59:26.030527,60.27,-15.86561,-47.87734,DEV0095,M035,0
T001787,U282,2026-05-22T21:11:00.884574,99.3,-30.13109,-51.22199,DEV0056,M064,0
T001788,U342,2026-05-22T21:31:50.303663,20.39,-25.41572,-49.33904,DEV0015,U388,0
T001789,U320,2026-05-22T23:59:31.148362,39.31,-22.88562,-43.20106,DEV0172,U324,0
T001790,U482,2026-05-22T22:47:03.539041,49.38,-23.51477,-46.61785,DEV0689,M085,0
T001791,U358,2026-05-23T00:14:41.600439,83.81,-25.48894,-49.30527,DEV0218,M035,0
T001792,U161,2026-05-22T16:03:35.190882,5.35,-30.08176,-51.26397,DEV0258,U483,0
T001793,U239,2026-05-23T00:24:14.558300,469.17,-12.92217,-38.46187,DEV0645,U480,0
T001794,U169,2026-05-22T23:49:02.204965,66.07,-19.91629,-44.00852,DEV0727,M001,0
T001795,U183,2026-05-23T01:12:08.847349,5.72,-23.4868,-46.76093,DEV0612,M066,0
T001796,U355,2026-05-22T20:29:57.451568,2.94,-12.9537,-38.56706,DEV0660,U378,0
T001797,U324,2026-05-22T23:46:26.941263,149.5,-15.77921,-47.92732,DEV0095,M048,0
T001798,U215,2026-05-22T15:52:03.628392,24.58,-25.40232,-49.30408,DEV0227,M081,0
T001799,U423,2026-05-22T20:48:14.193512,268.2,-22.89266,-43.24229,DEV0727,M057,0
T001800,U158,2026-05-22T20:39:02.582232,35.9,-22.94602,-43.16277,DEV0180,M050,0
T001801,U159,2026-05-22T19:49:19.918152,20.67,-22.89746,-43.23773,DEV0659,M011,0
T001802,U395,2026-05-22T22:33:42.690311,84.86,-22.93515,-43.14305,DEV0380,M095,0
T001803,U282,2026-05-23T00:48:08.059603,5000.0,-30.01521,-51.22157,DEV0056,U214,1
T001804,U214,2026-05-23T00:48:18.059603,4950.0,-12.9714,-38.5014,DEV0203,U016,1
T001805,U016,2026-05-23T00:48:28.059603,4900.0,-30.0346,-51.2177,DEV0274,U282,1
T001806,U029,2026-05-22T19:06:35.622034,70.51,-12.83909,-38.43929,DEV0338,M084,0
T001807,U483,2026-05-23T07:44:30.177887,53.4,-15.79649,-47.93128,DEV0376,U482,0
T001808,U289,2026-05-23T04:04:28.077583,5.51,-19.89159,-43.96044,DEV0015,M081,0
T001809,U180,2026-05-22T16:31:26.968098,262.46,-23.51958,-46.66967,DEV0798,M098,0
T001810,U143,2026-05-22T23:39:44.203878,304.68,-29.96529,-51.15955,DEV0127,U084,0
T001811,U336,2026-05-22T21:39:42.867386,23.57,-19.89574,-43.99321,DEV0637,M019,0
T001812,U020,2026-05-23T08:18:40.895438,51.6,-30.06821,-51.14976,DEV0428,M028,0
T001813,U228,2026-05-22T23:41:17.169636,302.4,-15.785,-47.88871,DEV0594,M061,0
T001814,U405,2026-05-22T22:36:23.205975,112.17,-15.7543,-47.88572,DEV0469,M063,0
T001815,U292,2026-05-22T19:25:43.872827,8.18,-22.97534,-43.09315,DEV0126,U401,0
T001816,U297,2026-05-23T01:09:55.273377,33.33,-23.54174,-46.66913,DEV0748,U048,0
T001817,U208,2026-05-23T10:57:46.389765,258.36,-12.95406,-38.51825,DEV0361,M033,0
T001818,U075,2026-05-22T21:15:07.167200,37.94,-19.92938,-43.91712,DEV0511,M007,0
T001819,U140,2026-05-23T01:23:50.386506,74433.38,-23.46668,-46.597,DEV0120,M009,1
T001820,U349,2026-05-22T17:43:01.996669,125.34,-30.1098,-51.25288,DEV0228,M014,0
T001821,U431,2026-05-22T23:33:24.087785,115.42,-12.94199,-38.56693,DEV0455,M038,0
T001822,U106,2026-05-23T02:30:02.506133,67.76,-15.75399,-47.85832,DEV0609,U074,0
T001823,U335,2026-05-22T20:48:09.047360,5.09,-30.04209,-51.16209,DEV0616,M029,0
T001824,U232,2026-05-23T00:13:36.569347,73.33,-15.77454,-47.94557,DEV0065,U486,0
T001825,U164,2026-05-22T20:56:33.022906,589.31,-13.03116,-38.46679,DEV0691,M048,0
T001826,U033,2026-05-22T16:19:38.633651,33.83,-23.54203,-46.69011,DEV0344,M027,0
T001827,U096,2026-05-22T16:48:29.025043,74.42,-22.9244,-43.18593,DEV0338,M046,0
T001828,U247,2026-05-22T14:35:58.616722,69.98,-22.92049,-43.15782,DEV0250,M007,0
T001829,U021,2026-05-23T03:45:23.272999,8.76,-30.04908,-51.25537,DEV0035,M006,0
T001830,U050,2026-05-22T23:03:57.227597,689.06,-13.01645,-38.39714,DEV0036,M012,0
T001831,U076,2026-05-22T18:32:01.393911,75.19,-23.55464,-46.59004,DEV0201,M087,0
T001832,U277,2026-05-22T19:26:41.308482,2.42,-23.55429,-46.62928,DEV0214,M084,0
T001833,U127,2026-05-22T18:26:35.075566,121.84,-23.58047,-46.72463,DEV0776,M032,0
T001834,U168,2026-05-23T09:09:31.216055,18.29,-22.91203,-43.24261,DEV0253,U346,0
T001835,U004,2026-05-22T17:30:24.055116,457.18,-19.87933,-43.94591,DEV0459,U014,0
T001836,U183,2026-05-23T02:07:52.168535,11.98,-23.58935,-46.62749,DEV0612,M074,0
T001837,U226,2026-05-23T03:06:56.701060,63.43,-23.47162,-46.68479,DEV0724,M057,0
T001838,U119,2026-05-23T00:04:19.814904,58.85,-15.7627,-47.9137,DEV0792,M063,0
T001839,U131,2026-05-22T16:08:49.442730,13.83,-30.14266,-51.15617,DEV0190,M008,0
T001840,U381,2026-05-22T19:34:21.701909,7.11,-23.60167,-46.56221,DEV0084,U138,0
T001841,U232,2026-05-23T03:08:49.552268,52.57,-15.84801,-47.93381,DEV0065,M089,0
T001842,U239,2026-05-23T02:59:55.531146,541.85,-13.00344,-38.61269,DEV0645,M009,0
T001843,U456,2026-05-22T16:22:04.609708,209.86,-23.60483,-46.62816,DEV0466,U063,0
T001844,U124,2026-05-22T16:09:35.903240,24.67,-12.9379,-38.48871,DEV0682,M002,0
T001845,U496,2026-05-22T16:35:35.000189,513.46,-23.43208,-46.5905,DEV0753,M061,0
T001846,U212,2026-05-22T17:34:28.662570,734.89,-25.37057,-49.20456,DEV0685,M066,0
T001847,U186,2026-05-22T17:03:42.161783,59.6,-25.3728,-49.30088,DEV0506,U325,0
T001848,U391,2026-05-22T23:23:24.393408,85.71,-23.51793,-46.66396,DEV0114,M054,0
T001849,U394,2026-05-22T18:09:26.012900,137.54,-22.91485,-43.23232,DEV0458,U111,0
T001850,U003,2026-05-22T20:17:23.222546,7.47,-30.0929,-51.09754,DEV0122,M078,0
T001851,U146,2026-05-22T22:53:05.244390,101.61,-15.76781,-48.00008,DEV0118,M036,0
T001852,U354,2026-05-23T00:49:14.412147,7.31,-25.42483,-49.28396,DEV0794,M041,0
T001853,U336,2026-05-22T21:57:00.940692,23.42,-19.82278,-43.89248,DEV0637,M051,0
T001854,U490,2026-05-22T14:36:21.315685,7.69,-29.94266,-51.20173,DEV0302,M045,0
T001855,U423,2026-05-23T05:33:35.769903,231.57,-22.86467,-43.07874,DEV0727,U338,0
T001856,U419,2026-05-22T17:58:14.854217,118.83,-23.49584,-46.75804,DEV0552,M010,0
T001857,U227,2026-05-23T04:33:24.480789,9.57,-12.92391,-38.48768,DEV0558,U056,0
T001858,U452,2026-05-22T18:44:45.667649,155.67,-30.07875,-51.13298,DEV0497,M100,0
T001859,U211,2026-05-22T18:15:15.595327,706.79,-23.6683,-46.69901,DEV0117,U018,0
T001860,U049,2026-05-23T00:15:55.838730,89838.57,-30.05871,-51.19234,DEV0749,M099,1
T001861,U111,2026-05-22T17:52:46.259355,18.85,-12.99731,-38.44426,DEV0518,M065,0
T001862,U456,2026-05-22T18:54:41.080865,66.73,-23.54805,-46.57947,DEV0466,M081,0
T001863,U059,2026-05-23T12:00:29.376265,6.49,-23.46538,-46.68814,DEV0259,M024,0
T001864,U392,2026-05-22T22:02:51.874741,99.81,-19.86876,-43.9617,DEV0644,M031,0
T001865,U326,2026-05-22T18:25:49.613819,1114.03,-12.95666,-38.51119,DEV0376,M067,0
T001866,U472,2026-05-22T14:20:10.689761,600.74,-12.91248,-38.49799,DEV0443,U055,1
T001867,U371,2026-05-22T14:26:59.529627,134.4,-23.64643,-46.71287,DEV0202,M043,0
T001868,U197,2026-05-22T20:26:21.788257,7.86,-23.52889,-46.56723,DEV0795,M061,0
T001869,U020,2026-05-23T09:13:33.209375,151.82,-30.06939,-51.22567,DEV0428,U442,0
T001870,U107,2026-05-22T16:01:24.151340,33.14,-23.58673,-46.55761,DEV0453,M026,0
T001871,U206,2026-05-23T07:13:33.758043,42.49,-13.08506,-38.49621,DEV0653,M050,0
T001872,U258,2026-05-22T19:58:31.984560,45.34,-23.52788,-46.62179,DEV0335,M014,0
T001873,U027,2026-05-22T18:08:29.763065,9.55,-29.9704,-51.22621,DEV0456,M067,0
T001874,U105,2026-05-22T18:42:17.029252,271.79,-19.9455,-43.95167,DEV0027,M054,0
T001875,U170,2026-05-22T19:37:23.004628,5.79,-12.98337,-38.51506,DEV0602,M005,0
T001876,U148,2026-05-22T15:15:16.359133,225.2,-30.04725,-51.18373,DEV0581,M100,0
T001877,U150,2026-05-23T03:15:26.929113,9.74,-19.90315,-43.97737,DEV0086,U284,0
T001878,U156,2026-05-22T18:20:05.219600,135.23,-15.84172,-47.96935,DEV0357,U259,0
T001879,U180,2026-05-22T22:00:36.848902,422.76,-23.52353,-46.69901,DEV0798,U447,0
T001880,U357,2026-05-23T06:36:17.982109,436.79,-30.05648,-51.19588,DEV0346,M031,0
T001881,U268,2026-05-23T01:34:22.429994,62.53,-23.51265,-46.7195,DEV0195,U302,0
T001882,U324,2026-05-23T04:22:53.813350,529.89,-15.82171,-47.85481,DEV0095,U234,0
T001883,U334,2026-05-22T19:26:32.858865,192.48,-22.88226,-43.14828,DEV0089,M069,0
T001884,U365,2026-05-23T09:39:29.398119,740.58,-23.63278,-46.6339,DEV0726,M067,0
T001885,U219,2026-05-22T18:29:32.360789,139.9,-19.92712,-44.00876,DEV0656,M003,0
T001886,U138,2026-05-22T14:03:57.494341,430.87,-30.05015,-51.07097,DEV0656,M031,0
T001887,U211,2026-05-22T18:30:57.311582,181.23,-23.55832,-46.60164,DEV0117,M040,0
T001888,U340,2026-05-22T14:02:54.492275,1573.52,-30.06505,-51.2173,DEV0198,M014,0
T001889,U206,2026-05-23T09:21:01.342502,68.31,-12.92698,-38.50583,DEV0653,M026,0
T001890,U301,2026-05-22T15:14:04.387498,2.63,-13.07085,-38.49988,DEV0662,M029,0
T001891,U269,2026-05-23T05:00:09.322596,238.34,-19.8797,-43.93347,DEV0093,M046,0
T001892,U239,2026-05-23T04:47:19.551025,281.16,-12.88979,-38.54772,DEV0645,U377,0
T001893,U475,2026-05-23T02:43:25.508504,3.66,-22.94976,-43.20913,DEV0414,M032,0
T001894,U176,2026-05-22T21:16:13.377063,48.41,-19.87924,-43.90091,DEV0689,M028,0
T001895,U173,2026-05-22T20:53:46.832506,2.79,-19.84349,-43.86095,DEV0413,M051,0
T001896,U358,2026-05-23T01:51:35.082658,66534.07,-25.42996,-49.27662,DEV0218,M090,1
T001897,U082,2026-05-23T07:51:53.139411,54.59,-30.00793,-51.2352,DEV0338,M016,0
T001898,U483,2026-05-23T08:03:53.764000,19.25,-15.85822,-47.91544,DEV0376,M060,0
T001899,U245,2026-05-23T08:28:57.849839,20.0,-23.61282,-46.6904,DEV0488,M082,0
T001900,U296,2026-05-23T01:36:49.801731,111.03,-30.03029,-51.25191,DEV0470,U299,0
T001901,U253,2026-05-22T21:34:26.520224,115.51,-15.82124,-47.78072,DEV0578,M059,0
T001902,U016,2026-05-23T00:50:05.687891,1237.96,-29.93931,-51.21223,DEV0274,U391,0
T001903,U150,2026-05-23T03:39:54.906999,3.11,-19.87438,-43.91624,DEV0086,U178,0
T001904,U416,2026-05-23T00:10:34.561296,529.63,-23.49367,-46.67526,DEV0714,M003,0
T001905,U341,2026-05-22T20:19:25.653425,61.35,-29.9508,-51.18966,DEV0179,U131,0
T001906,U323,2026-05-23T06:55:41.455844,58.28,-19.92477,-44.01045,DEV0550,M022,0
T001907,U350,2026-05-22T19:03:20.927341,47.8,-25.41741,-49.34498,DEV0696,U337,0
T001908,U077,2026-05-23T16:16:09.116535,11.92,-15.81308,-47.91258,DEV0464,M089,0
T001909,U178,2026-05-23T08:30:14.489393,416.25,-15.75278,-47.94713,DEV0736,M039,0
T001910,U228,2026-05-23T02:28:47.492889,458.18,-15.72023,-47.95202,DEV0594,M092,1
T001911,U255,2026-05-22T22:54:53.541795,192.56,-22.96025,-43.13017,DEV0306,U339,0
T001912,U038,2026-05-22T15:57:15.035693,46.82,-25.45049,-49.21618,DEV0033,U026,0
T001913,U061,2026-05-23T02:33:51.297338,72.11,-23.55339,-46.62813,DEV0234,M028,0
T001914,U204,2026-05-23T05:35:09.838471,111.23,-30.04027,-51.21112,DEV0091,M038,0
T001915,U021,2026-05-23T03:55:04.359946,302.05,-30.07553,-51.25792,DEV0035,U081,0
T001916,U485,2026-05-22T22:55:54.595095,27.02,-23.52657,-46.6255,DEV0432,M031,0
T001917,U246,2026-05-22T22:56:11.666196,60.47,-25.42866,-49.25302,DEV0095,M020,0
T001918,U103,2026-05-22T17:57:00.613132,26.28,-15.79776,-47.92766,DEV0670,U030,0
T001919,U288,2026-05-23T00:09:58.380866,98.4,-22.8799,-43.08364,DEV0506,M056,0
T001920,U212,2026-05-22T21:53:52.559537,1481.58,-25.49245,-49.32351,DEV0685,M060,0
T001921,U223,2026-05-22T17:03:02.929825,67.93,-22.74259,-43.13373,DEV0316,U054,0
T001922,U090,2026-05-22T17:30:52.303220,482.69,-20.04909,-43.97897,DEV0208,M088,0
T001923,U355,2026-05-22T21:43:06.250796,9.56,-13.01947,-38.50399,DEV0660,U265,0
T001924,U011,2026-05-22T21:56:52.174406,2071.0,-22.80772,-43.08569,DEV0476,M004,0
T001925,U411,2026-05-22T23:51:11.972051,11.0,-22.94529,-43.2044,DEV0707,M096,0
T001926,U346,2026-05-22T23:53:23.539204,246.42,-15.76477,-47.92995,DEV0196,M072,0
T001927,U277,2026-05-22T21:34:49.064719,44.46,-23.52172,-46.71646,DEV0214,M058,0
T001928,U012,2026-05-23T12:16:42.122694,59.27,-30.12164,-51.23765,DEV0190,M037,0
T001929,U482,2026-05-23T03:36:23.927324,31.64,-23.5099,-46.53373,DEV0689,M091,0
T001930,U132,2026-05-23T00:21:11.114244,22.84,-22.9653,-43.16629,DEV0570,M075,0
T001931,U391,2026-05-23T00:01:57.254575,15.61,-23.6142,-46.62172,DEV0114,M042,0
T001932,U500,2026-05-22T16:46:29.090951,107.69,-13.05119,-38.48723,DEV0490,U392,0
T001933,U319,2026-05-22T19:45:51.546364,18.03,-22.87496,-43.17256,DEV0010,M070,0
T001934,U217,2026-05-22T21:39:43.030561,3.92,-23.56726,-46.61777,DEV0526,M038,0
T001935,U070,2026-05-22T19:30:24.959272,20.96,-22.86012,-43.10359,DEV0053,U372,0
T001936,U271,2026-05-23T03:58:35.160422,81.26,-19.9173,-43.9345,DEV0005,U045,1
T001937,U170,2026-05-22T22:16:36.225748,33.51,-13.03085,-38.55901,DEV0602,U180,0
T001938,U095,2026-05-22T19:47:03.184837,597.74,-23.62398,-46.54544,DEV0099,M064,0
T001939,U104,2026-05-23T00:47:15.881973,601.04,-12.92969,-38.59729,DEV0563,U320,0
T001940,U450,2026-05-23T17:02:21.833854,58.19,-15.77336,-47.87915,DEV0524,M044,0
T001941,U069,2026-05-23T07:33:23.846142,52.2,-23.51768,-46.5866,DEV0385,M034,0
T001942,U421,2026-05-22T17:51:13.521977,25.22,-15.74007,-47.98969,DEV0235,M051,0
T001943,U125,2026-05-22T21:42:43.519945,157.34,-19.85784,-43.84669,DEV0408,M048,0
T001944,U314,2026-05-23T07:03:07.378557,65908.72,-19.95365,-43.96492,DEV0724,M085,1
T001945,U371,2026-05-22T20:29:02.377412,404.94,-23.58107,-46.67763,DEV0202,U221,0
T001946,U055,2026-05-23T04:06:29.360103,138.33,-15.75507,-48.01795,DEV0331,U390,0
T001947,U406,2026-05-23T04:24:04.893381,354.2,-30.06659,-51.1526,DEV0007,M065,0
T001948,U216,2026-05-23T03:21:34.704247,16.77,-23.66137,-46.61565,DEV0402,M074,0
T001949,U130,2026-05-23T05:02:43.757459,74.46,-15.78815,-47.88159,DEV0051,M030,0
T001950,U327,2026-05-23T01:06:36.423543,9.38,-22.87975,-43.1485,DEV0588,M049,0
T001951,U046,2026-05-23T08:17:16.127513,166.69,-19.93121,-43.88582,DEV0575,M033,0
T001952,U328,2026-05-23T01:29:50.976795,586.74,-23.57564,-46.69604,DEV0296,M011,0
T001953,U133,2026-05-22T18:18:30.720208,151.96,-25.43434,-49.32526,DEV0682,M056,0
T001954,U322,2026-05-22T15:21:28.244152,64.08,-12.90581,-38.5706,DEV0329,M042,0
T001955,U181,2026-05-22T23:19:43.110590,49.32,-15.75576,-47.94221,DEV0596,M064,0
T001956,U468,2026-05-22T14:35:12.114252,78.88,-22.86942,-43.19294,DEV0131,M077,0
T001957,U184,2026-05-22T23:00:10.488675,13.46,-23.5916,-46.68384,DEV0076,M013,0
T001958,U357,2026-05-23T08:43:25.722767,1413.85,-30.06015,-51.14629,DEV0346,U127,0
T001959,U497,2026-05-22T19:45:30.130692,2.54,-15.79424,-47.90731,DEV0517,M043,0
T001960,U057,2026-05-22T18:28:53.133706,73.45,-15.81105,-47.88976,DEV0225,M074,0
T001961,U103,2026-05-22T23:09:23.521999,138.12,-15.80317,-47.9394,DEV0670,M090,0
T001962,U120,2026-05-22T23:40:00.509301,3.31,-30.09594,-51.22729,DEV0663,M075,0
T001963,U130,2026-05-23T06:56:40.956293,73.53,-15.81829,-47.90493,DEV0051,U116,0
T001964,U116,2026-05-22T22:55:32.963953,11.9,-30.01306,-51.14859,DEV0161,M078,0
T001965,U456,2026-05-22T20:14:30.062894,21.56,-23.59571,-46.59377,DEV0466,M071,0
T001966,U088,2026-05-23T04:31:45.745082,6.47,-12.95824,-38.44366,DEV0037,U240,0
T001967,U218,2026-05-23T00:27:22.046214,244.75,-23.4797,-46.66911,DEV0373,M059,0
T001968,U379,2026-05-22T21:11:40.174295,46.44,-19.92279,-43.92139,DEV0662,M042,0
T001969,U323,2026-05-23T09:10:52.075784,18.67,-20.03216,-43.94089,DEV0550,M020,0
T001970,U373,2026-05-23T02:19:30.056867,58.85,-30.1217,-51.16394,DEV0244,M039,0
T001971,U118,2026-05-22T15:42:48.016082,402.31,-15.72591,-47.93059,DEV0570,M047,0
T001972,U104,2026-05-23T03:20:53.257444,41.68,-12.9459,-38.53003,DEV0563,U071,0
T001973,U059,2026-05-23T14:01:25.705642,7.39,-23.58551,-46.61719,DEV0259,U416,0
T001974,U169,2026-05-23T00:35:40.136839,4.7,-19.8304,-43.98325,DEV0727,M071,0
T001975,U335,2026-05-23T00:10:49.772507,3.16,-29.95592,-51.23273,DEV0616,M030,0
T001976,U352,2026-05-23T04:48:00.672865,12.29,-25.4733,-49.27428,DEV0685,M057,0
T001977,U490,2026-05-22T21:15:13.520811,434.41,-29.97506,-51.28753,DEV0302,M022,0
T001978,U461,2026-05-23T01:15:52.187139,21.85,-22.86038,-43.17178,DEV0391,U344,0
T001979,U278,2026-05-23T06:00:53.986161,139.63,-15.82973,-47.95664,DEV0107,U134,0
T001980,U409,2026-05-23T07:19:29.822748,489.71,-22.81076,-43.1705,DEV0514,M010,0
T001981,U241,2026-05-22T18:13:40.033989,556.56,-12.99681,-38.53879,DEV0714,M081,0
T001982,U444,2026-05-22T17:23:06.768072,245.63,-22.80952,-43.21337,DEV0201,M099,0
T001983,U441,2026-05-22T16:22:27.995489,1.88,-23.57356,-46.7058,DEV0762,M025,0
T001984,U333,2026-05-23T06:38:33.513580,5000.0,-15.78415,-47.87951,DEV0132,U379,1
T001985,U379,2026-05-23T06:38:43.513580,4950.0,-19.9173,-43.9345,DEV0662,U124,1
T001986,U124,2026-05-23T06:38:53.513580,4900.0,-12.9714,-38.5014,DEV0682,U333,1
T001987,U080,2026-05-22T14:39:51.218125,65.76,-19.85376,-43.91812,DEV0148,M076,0
T001988,U430,2026-05-23T03:56:21.220792,109.57,-22.88344,-43.09114,DEV0268,M057,0
T001989,U030,2026-05-23T06:13:08.114007,7.0,-22.88931,-43.29643,DEV0217,U467,0
T001990,U310,2026-05-22T23:02:22.081980,427.03,-19.8779,-43.95847,DEV0574,M081,0
T001991,U438,2026-05-23T05:27:13.819003,61.09,-19.93798,-43.97713,DEV0744,M095,0
T001992,U296,2026-05-23T07:17:29.789591,405.82,-29.89456,-51.19313,DEV0470,M100,1
T001993,U338,2026-05-23T12:56:33.657926,366.72,-23.57946,-46.65619,DEV0145,M002,0
T001994,U143,2026-05-23T00:32:09.760216,167.95,-30.0022,-51.1472,DEV0127,M034,0
T001995,U418,2026-05-22T22:02:31.329016,209.37,-23.53449,-46.63159,DEV0115,U453,0
T001996,U383,2026-05-22T16:01:33.389217,75.13,-30.07416,-51.14825,DEV0701,M076,0
T001997,U432,2026-05-22T16:57:31.539422,51.26,-23.56982,-46.59915,DEV0476,M025,0
T001998,U105,2026-05-22T20:09:55.750771,58.82,-19.84202,-43.89785,DEV0027,M010,0
T001999,U360,2026-05-22T22:49:25.339025,418.04,-30.00671,-51.1612,DEV0616,M073,0
T002000,U487,2026-05-23T01:50:11.300586,16.7,-23.50821,-46.60982,DEV0344,M023,0
T002001,U188,2026-05-22T23:40:35.202300,370.49,-23.54215,-46.56027,DEV0469,M029,0
T002002,U109,2026-05-23T01:58:05.942522,77.92,-23.55046,-46.59069,DEV0512,M015,0
T002003,U306,2026-05-22T16:55:39.541721,2107.87,-12.96489,-38.57661,DEV0548,U268,0
T002004,U315,2026-05-22T17:06:59.511633,47.72,-23.61181,-46.61092,DEV0140,M079,0
T002005,U232,2026-05-23T04:16:42.119917,249.45,-15.72788,-47.75775,DEV0065,M056,0
T002006,U273,2026-05-22T17:20:59.956090,145.1,-23.49714,-46.66609,DEV0645,M050,0
T002007,U059,2026-05-23T18:32:22.784368,12.56,-23.53174,-46.54738,DEV0259,M083,0
T002008,U180,2026-05-23T04:39:28.282039,184.71,-23.48029,-46.68027,DEV0798,M018,0
T002009,U302,2026-05-22T21:39:39.163400,551.79,-15.72351,-47.92149,DEV0074,M100,1
T002010,U314,2026-05-23T07:53:15.190928,19.51,-19.9282,-43.9462,DEV0724,M041,0
T002011,U209,2026-05-23T10:18:03.727823,883.57,-19.90165,-43.92258,DEV0348,U156,0
T002012,U259,2026-05-23T10:12:52.753740,23.53,-29.97676,-51.16139,DEV0106,U229,0
T002013,U105,2026-05-22T20:12:24.040254,100.92,-19.91549,-43.97075,DEV0027,U439,0
T002014,U012,2026-05-23T12:45:04.924684,4.12,-30.07606,-51.21662,DEV0190,M080,0
T002015,U143,2026-05-23T02:08:58.975397,169.8,-30.03124,-51.23929,DEV0127,U132,0
T002016,U099,2026-05-22T18:12:14.977440,45.12,-15.75272,-47.89292,DEV0277,M087,0
T002017,U478,2026-05-23T00:14:57.996947,7.25,-12.93046,-38.51419,DEV0477,M088,0
T002018,U345,2026-05-23T03:23:11.877109,1094.52,-23.5777,-46.59201,DEV0411,M037,0
T002019,U162,2026-05-23T14:59:21.874816,391.65,-19.82609,-43.93044,DEV0664,M085,0
T002020,U151,2026-05-23T03:20:54.198709,15.28,-15.7668,-47.8621,DEV0220,U413,0
T002021,U058,2026-05-22T21:56:45.687073,294.22,-19.89633,-43.85967,DEV0633,U113,0
T002022,U322,2026-05-22T17:29:56.996284,5000.0,-12.97431,-38.49278,DEV0329,U017,1
T002023,U017,2026-05-22T17:30:06.996284,4950.0,-25.4284,-49.2733,DEV0014,U213,1
T002024,U213,2026-05-22T17:30:16.996284,4900.0,-12.9714,-38.5014,DEV0149,U322,1
T002025,U148,2026-05-22T17:26:22.631179,11.82,-30.00591,-51.22679,DEV0581,U414,0
T002026,U395,2026-05-22T23:46:15.187135,111.82,-22.93482,-43.18167,DEV0380,U199,0
T002027,U420,2026-05-22T16:49:05.743766,134.26,-23.69761,-46.66843,DEV0359,M016,0
T002028,U291,2026-05-22T20:29:18.013604,9.11,-29.98914,-51.17077,DEV0273,M008,0
T002029,U003,2026-05-22T04:45:40.918144,2812.64,-30.08404,-51.24097,DEV0122,M086,1
T002030,U378,2026-05-22T21:38:44.320455,495.88,-23.46251,-46.62749,DEV0177,M098,0
T002031,U490,2026-05-22T21:40:58.932300,19.92,-30.04585,-51.24907,DEV0302,U071,0
T002032,U306,2026-05-23T00:06:40.657436,3425.05,-13.03364,-38.50671,DEV0548,M078,0
T002033,U133,2026-05-22T20:11:51.262687,392.49,-25.38705,-49.21199,DEV0682,U237,0
T002034,U476,2026-05-22T19:25:03.787950,113.6,-13.06455,-38.51346,DEV0141,U160,0
T002035,U365,2026-05-23T10:02:11.536870,391.03,-23.5325,-46.64471,DEV0726,M078,0
T002036,U468,2026-05-22T15:28:48.432907,582.76,-22.9298,-43.13362,DEV0131,M026,0
T002037,U429,2026-05-23T06:35:03.917171,1095.79,-23.55308,-46.67189,DEV0287,M021,0
T002038,U352,2026-05-23T05:34:46.616759,155.34,-25.36494,-49.22303,DEV0685,M055,0
T002039,U262,2026-05-23T02:26:44.550464,357.22,-25.53032,-49.32612,DEV0069,U309,0
T002040,U334,2026-05-22T22:38:52.719339,172.35,-22.92429,-43.20513,DEV0089,U401,0
T002041,U004,2026-05-22T19:58:56.261021,413.76,-19.96715,-43.98736,DEV0459,M070,0
T002042,U264,2026-05-22T23:17:02.107433,83.63,-19.97624,-43.9141,DEV0043,M007,0
T002043,U153,2026-05-22T18:26:16.577863,164.39,-25.33995,-49.25585,DEV0453,U362,0
T002044,U071,2026-05-22T15:59:54.373008,207.57,-15.74729,-47.97842,DEV0416,M001,0
T002045,U169,2026-05-23T01:16:54.833722,22.96,-19.94173,-43.78802,DEV0727,M061,0
T002046,U089,2026-05-23T03:24:18.275973,104.23,-30.03016,-51.24064,DEV0009,M044,1
T002047,U492,2026-05-22T17:12:06.092926,5000.0,-25.39641,-49.25068,DEV0772,U313,1
T002048,U313,2026-05-22T17:12:16.092926,4950.0,-15.7801,-47.9292,DEV0410,U227,1
T002049,U227,2026-05-22T17:12:26.092926,4900.0,-12.9714,-38.5014,DEV0558,U492,1
T002050,U093,2026-05-23T06:02:58.377636,28.21,-25.35904,-49.30983,DEV0422,U401,0
T002051,U298,2026-05-22T15:20:37.008606,183.38,-23.47849,-46.61568,DEV0613,U303,0
T002052,U485,2026-05-23T05:24:37.378357,2.19,-23.54352,-46.63053,DEV0432,M082,0
T002053,U040,2026-05-23T06:45:59.150143,43.68,-19.9285,-43.9385,DEV0684,U121,0
T002054,U092,2026-05-22T16:00:59.416578,34.69,-25.38692,-49.22696,DEV0587,U401,0
T002055,U218,2026-05-23T03:12:47.791193,189.33,-23.50632,-46.64132,DEV0373,M084,0
T002056,U094,2026-05-22T19:10:13.123364,63.66,-15.82516,-47.96546,DEV0227,M006,0
T002057,U436,2026-05-23T05:21:52.645656,241.69,-12.99316,-38.54514,DEV0149,M063,0
T002058,U453,2026-05-22T17:27:12.074888,306.92,-15.77592,-47.89933,DEV0592,M061,0
T002059,U246,2026-05-23T01:21:36.160147,90.39,-25.34291,-49.21281,DEV0095,U465,0
T002060,U387,2026-05-22T19:54:13.219754,8.23,-12.97043,-38.56046,DEV0305,M019,0
T002061,U167,2026-05-22T18:35:07.201291,7.7,-12.95687,-38.52666,DEV0012,M017,0
T002062,U340,2026-05-22T14:08:45.193568,1447.85,-30.08615,-51.19881,DEV0198,M096,0
T002063,U101,2026-05-23T04:15:25.846474,14.8,-23.5786,-46.55033,DEV0688,M002,0
T002064,U070,2026-05-22T20:45:41.914505,289.82,-22.94087,-43.20585,DEV0053,M050,1
T002065,U149,2026-05-22T20:15:17.412929,47.87,-30.06793,-51.2355,DEV0076,M078,0
T002066,U258,2026-05-23T00:19:49.580381,187.25,-23.57629,-46.65555,DEV0335,M076,0
T002067,U167,2026-05-22T19:32:58.332598,25.97,-12.97822,-38.44983,DEV0012,M046,0
T002068,U204,2026-05-23T05:38:10.650548,63755.03,-30.04254,-51.16507,DEV0091,M055,1
T002069,U030,2026-05-23T08:03:00.537374,212.9,-22.89666,-43.22685,DEV0217,U080,0
T002070,U363,2026-05-22T23:08:30.294579,142.9,-25.38296,-49.23352,DEV0799,U500,0
T002071,U214,2026-05-23T01:51:27.013429,580.53,-13.06783,-38.48312,DEV0203,M010,0
T002072,U094,2026-05-22T19:12:23.829474,121.98,-15.762,-47.99032,DEV0227,M039,0
T002073,U224,2026-05-23T00:50:32.820557,2.29,-25.38746,-49.23381,DEV0041,M092,0
T002074,U178,2026-05-23T13:06:00.590676,60.15,-15.75798,-48.01865,DEV0736,M016,0
T002075,U259,2026-05-23T13:56:00.900217,272.57,-30.06918,-51.22822,DEV0106,M015,0
T002076,U441,2026-05-22T16:53:31.786665,8.04,-23.613,-46.71391,DEV0762,U126,0
T002077,U366,2026-05-22T18:46:57.022194,169.66,-23.53161,-46.54563,DEV0613,M010,0
T002078,U018,2026-05-23T10:22:01.510886,21.93,-23.5028,-46.61941,DEV0346,U210,0
T002079,U113,2026-05-23T03:59:06.502008,413.3,-23.52744,-46.65907,DEV0302,M097,0
T002080,U357,2026-05-23T10:33:01.577121,678.71,-29.86955,-51.11367,DEV0346,U089,0
T002081,U135,2026-05-23T06:01:11.302251,24.85,-12.98909,-38.49713,DEV0572,M055,0
T002082,U056,2026-05-23T01:09:48.997526,34.04,-30.10376,-51.21973,DEV0348,M016,0
T002083,U351,2026-05-23T05:59:02.206575,1.36,-13.01213,-38.53349,DEV0157,M021,0
T002084,U325,2026-05-22T21:45:11.491460,104.22,-15.86556,-47.86768,DEV0236,M099,0
T002085,U239,2026-05-23T06:51:32.094471,173.54,-13.08223,-38.41066,DEV0645,M013,0
T002086,U442,2026-05-23T04:42:01.621613,145.6,-25.43319,-49.18883,DEV0467,M081,0
T002087,U060,2026-05-22T19:29:03.891449,20.32,-19.95215,-44.00125,DEV0649,U389,0
T002088,U366,2026-05-22T20:50:23.724051,268.22,-23.59454,-46.65344,DEV0613,M070,0
T002089,U194,2026-05-22T17:45:54.457821,417.9,-23.57317,-46.5177,DEV0074,U468,0
T002090,U027,2026-05-22T22:10:07.613708,289.39,-30.05677,-51.14932,DEV0456,U131,0
T002091,U360,2026-05-22T23:11:29.896545,1254.23,-29.98353,-51.17658,DEV0616,M032,0
T002092,U170,2026-05-23T00:31:17.378570,26.02,-13.02131,-38.50272,DEV0602,M008,0
T002093,U042,2026-05-23T10:35:45.963531,238.94,-12.98739,-38.5523,DEV0462,M061,0
T002094,U348,2026-05-22T20:37:07.501350,53.81,-23.56065,-46.63604,DEV0118,M009,0
T002095,U389,2026-05-23T10:11:29.948185,602.88,-23.03301,-43.19767,DEV0769,M019,0
T002096,U440,2026-05-22T17:24:46.338536,361.92,-15.89445,-48.05522,DEV0406,M064,0
T002097,U484,2026-05-22T23:24:49.542677,28.13,-25.55303,-49.22965,DEV0146,U072,0
T002098,U341,2026-05-22T20:46:37.637691,329.85,-29.98625,-51.2863,DEV0179,M073,0
T002099,U212,2026-05-23T00:24:02.738360,254.9,-25.43255,-49.26231,DEV0685,U070,0
T002100,U394,2026-05-22T18:55:24.536073,763.2,-22.9628,-43.16954,DEV0458,M066,0
T002101,U052,2026-05-22T16:47:29.231625,216.63,-25.38117,-49.25861,DEV0578,M050,0
T002102,U259,2026-05-23T14:49:45.209057,173.08,-30.07218,-51.228,DEV0106,M060,0
T002103,U003,2026-05-22T21:49:06.119920,59.7,-29.94502,-51.15993,DEV0122,M045,0
T002104,U370,2026-05-23T00:55:20.349879,31.84,-12.95317,-38.56301,DEV0431,M015,0
T002105,U008,2026-05-22T20:25:02.082506,7.94,-12.95879,-38.46244,DEV0161,M030,0
T002106,U498,2026-05-22T18:48:30.253471,260.27,-22.9068,-43.1729,DEV0727,M090,1
T002107,U316,2026-05-23T10:37:13.516437,79.25,-22.79526,-43.16609,DEV0654,M081,0
T002108,U496,2026-05-22T17:39:15.269528,329.04,-23.53881,-46.62828,DEV0753,M069,0
T002109,U365,2026-05-23T10:20:00.840130,326.26,-23.55151,-46.67749,DEV0726,M005,0
T002110,U097,2026-05-22T17:02:06.609665,363.93,-19.9008,-43.83436,DEV0720,M077,0
T002111,U436,2026-05-23T08:19:30.774972,12.81,-12.96349,-38.43787,DEV0149,M080,0
T002112,U005,2026-05-22T22:35:45.289102,132.58,-25.39666,-49.25915,DEV0664,U394,0
T002113,U116,2026-05-22T23:12:31.687033,6.49,-30.07994,-51.22353,DEV0161,U386,0
T002114,U200,2026-05-22T23:32:43.924168,485.21,-23.52798,-46.59914,DEV0342,M052,0
T002115,U135,2026-05-23T06:56:11.740314,48.67,-12.92867,-38.53456,DEV0572,M073,0
T002116,U033,2026-05-22T18:48:19.182519,18.21,-23.58513,-46.57785,DEV0344,M081,0
T002117,U242,2026-05-22T17:13:06.011617,50.61,-23.55284,-46.67329,DEV0085,M013,0
T002118,U217,2026-05-22T22:34:34.504540,89.04,-23.4798,-46.67637,DEV0526,M022,0
T002119,U091,2026-05-23T03:49:35.974105,39.97,-15.77548,-47.94918,DEV0120,U222,0
T002120,U011,2026-05-22T23:13:37.284022,576.8,-22.80408,-43.13028,DEV0476,U480,0
T002121,U093,2026-05-23T07:18:19.820308,5000.0,-25.5284,-49.37821,DEV0422,U211,1
T002122,U211,2026-05-23T07:18:29.820308,4950.0,-23.5505,-46.6333,DEV0117,U019,1
T002123,U019,2026-05-23T07:18:39.820308,4900.0,-25.4284,-49.2733,DEV0092,U093,1
T002124,U294,2026-05-23T02:42:36.000814,40.28,-25.46739,-49.34007,DEV0394,M097,0
T002125,U124,2026-05-23T06:41:19.218068,17.37,-13.00259,-38.45775,DEV0682,U231,0
T002126,U161,2026-05-22T17:46:38.416643,63.82,-30.04286,-51.25314,DEV0258,M010,0
T002127,U360,2026-05-22T23:24:40.228635,620.14,-30.02133,-51.22952,DEV0616,M017,0
T002128,U205,2026-05-23T01:53:58.018736,110.02,-19.84963,-43.92515,DEV0039,M052,0
T002129,U092,2026-05-22T17:48:57.574099,862.86,-25.43214,-49.34805,DEV0587,U418,0
T002130,U069,2026-05-23T08:26:17.414432,111.51,-23.54587,-46.53747,DEV0385,M013,0
T002131,U217,2026-05-22T22:37:43.195155,132.18,-23.536,-46.56723,DEV0526,U102,0
T002132,U181,2026-05-23T00:35:40.904843,46.02,-15.84152,-47.9264,DEV0596,M031,0
T002133,U259,2026-05-23T17:30:27.138361,5.8,-30.01325,-51.25043,DEV0106,U415,0
T002134,U116,2026-05-23T00:05:27.910989,29.21,-30.09192,-51.25634,DEV0161,M028,0
T002135,U060,2026-05-22T19:54:51.758649,200.68,-19.90775,-43.92914,DEV0649,M033,0
T002136,U045,2026-05-22T15:51:42.687885,52.46,-30.02984,-51.2256,DEV0554,M023,0
T002137,U376,2026-05-22T15:31:19.435669,14.3,-19.95519,-44.01801,DEV0763,M038,0
T002138,U491,2026-05-22T19:34:53.375456,2.76,-15.79605,-47.97493,DEV0226,U060,0
T002139,U462,2026-05-22T19:43:23.474874,8.89,-22.9068,-43.1729,DEV0519,M073,1
T002140,U339,2026-05-22T20:53:58.287312,45.34,-30.06069,-51.26326,DEV0616,M030,0
T002141,U430,2026-05-23T07:20:34.436775,198.66,-22.93368,-43.13167,DEV0268,M021,0
T002142,U344,2026-05-23T02:46:22.862796,1.46,-25.36371,-49.31207,DEV0157,M001,0
T002143,U035,2026-05-22T13:52:53.274078,63.25,-19.9475,-43.95124,DEV0419,M020,0
T002144,U144,2026-05-22T20:14:34.346482,25.26,-12.89607,-38.5377,DEV0641,U025,0
T002145,U109,2026-05-23T03:52:19.963514,16.05,-23.62251,-46.64351,DEV0512,U290,0
T002146,U268,2026-05-23T06:21:47.215410,540.42,-23.55406,-46.61489,DEV0195,M049,0
T002147,U302,2026-05-23T01:27:18.056742,29.83,-15.80804,-47.89575,DEV0503,M018,0
T002148,U113,2026-05-23T06:30:25.834666,128.74,-23.57417,-46.68733,DEV0302,M091,0
T002149,U141,2026-05-23T03:16:07.031322,13.46,-25.35825,-49.29052,DEV0058,U467,0
T002150,U494,2026-05-23T03:39:15.658331,13.21,-20.02535,-43.95556,DEV0493,M056,0
T002151,U495,2026-05-23T14:21:19.071484,79.62,-19.96124,-43.93844,DEV0226,U238,0
T002152,U345,2026-05-23T04:26:51.188279,171.08,-23.58988,-46.6568,DEV0411,U180,0
T002153,U285,2026-05-23T07:38:14.027299,23.69,-19.94379,-43.93995,DEV0312,U474,0
T002154,U300,2026-05-23T07:58:23.688380,361.35,-19.95672,-43.97801,DEV0741,M037,0
T002155,U238,2026-05-22T19:09:40.918796,123.49,-30.08866,-51.19076,DEV0518,M070,0
T002156,U395,2026-05-23T02:49:23.984940,370.14,-22.83884,-43.2239,DEV0380,U359,0
T002157,U303,2026-05-22T17:49:47.960938,7.69,-15.77767,-47.87499,DEV0446,M045,0
T002158,U075,2026-05-22T21:27:11.818957,10.94,-19.87743,-43.94446,DEV0511,U258,0
T002159,U245,2026-05-23T13:57:42.806812,55.14,-23.50326,-46.68807,DEV0488,M011,0
T002160,U331,2026-05-22T16:28:19.029726,3.73,-15.7594,-47.9027,DEV0291,M031,0
T002161,U050,2026-05-22T23:10:58.296817,222.15,-12.94976,-38.47137,DEV0036,M026,0
T002162,U462,2026-05-22T23:24:48.794801,98.31,-12.99394,-38.39709,DEV0519,U325,0
T002163,U145,2026-05-22T23:11:52.397476,52.2,-23.64501,-46.56588,DEV0751,M087,0
T002164,U219,2026-05-22T18:47:54.514914,707.26,-19.85578,-43.91463,DEV0656,M004,0
T002165,U113,2026-05-23T07:17:45.343850,1343.24,-23.56767,-46.66959,DEV0302,M007,0
T002166,U417,2026-05-22T18:13:48.833154,195.65,-19.89359,-43.91395,DEV0727,M092,0
T002167,U155,2026-05-22T21:00:57.419598,7.21,-30.08223,-51.14644,DEV0612,M009,0
T002168,U249,2026-05-22T20:52:11.402285,25.22,-25.41671,-49.30448,DEV0054,M095,0
T002169,U153,2026-05-22T19:39:50.154677,203.91,-25.39262,-49.29296,DEV0453,M074,0
T002170,U453,2026-05-22T19:24:53.933981,457.63,-15.73323,-47.87411,DEV0592,U473,0
T002171,U127,2026-05-22T19:44:12.181028,242.65,-23.56903,-46.60268,DEV0776,M041,0
T002172,U270,2026-05-22T21:41:59.048188,48.67,-12.81148,-38.48015,DEV0634,M094,0
T002173,U250,2026-05-23T07:31:28.610098,86.98,-15.7956,-47.89771,DEV0734,M027,0
T002174,U349,2026-05-23T01:23:24.150167,114.97,-29.94537,-51.17771,DEV0228,M036,0
T002175,U297,2026-05-23T02:13:51.385678,28.36,-23.5515,-46.66046,DEV0748,U441,0
T002176,U058,2026-05-22T22:24:49.487175,421.02,-19.89699,-43.94078,DEV0633,U251,0
T002177,U374,2026-05-22T20:39:05.204797,302.96,-19.95321,-43.8016,DEV0386,M052,0
T002178,U422,2026-05-22T22:03:42.487988,291.28,-22.94734,-43.15227,DEV0442,M058,0
T002179,U040,2026-05-23T11:51:08.865271,205.11,-19.87607,-43.90125,DEV0684,M100,0
T002180,U253,2026-05-22T23:59:16.689089,138.62,-15.75322,-47.91469,DEV0578,M004,0
T002181,U165,2026-05-22T21:23:23.288494,330.21,-25.50032,-49.31484,DEV0577,M006,0
T002182,U351,2026-05-23T07:11:54.454190,25.07,-13.00391,-38.56771,DEV0157,M080,0
T002183,U432,2026-05-22T17:14:56.090624,101.53,-23.4662,-46.51272,DEV0476,M024,0
T002184,U425,2026-05-23T04:28:39.245037,26.38,-22.8912,-43.08217,DEV0356,U146,0
T002185,U146,2026-05-23T00:18:39.979638,276.0,-15.71136,-47.93801,DEV0118,M059,0
T002186,U105,2026-05-22T20:23:12.801954,217.31,-19.92016,-43.91981,DEV0027,M007,0
T002187,U404,2026-05-23T03:13:48.168323,391.97,-19.88285,-43.89156,DEV0452,M063,0
T002188,U455,2026-05-22T15:16:43.976020,11.56,-12.9852,-38.53531,DEV0374,M037,0
T002189,U201,2026-05-22T23:37:39.929026,505.86,-30.08466,-51.1595,DEV0327,M030,0
T002190,U397,2026-05-23T04:57:29.245667,33.28,-30.01633,-51.1832,DEV0349,M085,0
T002191,U174,2026-05-22T22:29:07.754348,592.35,-23.53363,-46.62818,DEV0277,U238,0
T002192,U136,2026-05-23T11:17:35.684288,2.61,-12.88152,-38.53322,DEV0103,M070,0
T002193,U329,2026-05-23T01:47:52.178395,36.17,-25.38873,-49.29119,DEV0349,M047,0
T002194,U111,2026-05-22T19:43:29.865095,58.18,-12.95853,-38.56477,DEV0518,M037,0
T002195,U159,2026-05-22T20:11:53.069960,151.75,-22.90826,-43.15012,DEV0659,M013,0
T002196,U438,2026-05-23T06:39:46.872712,300.54,-19.88104,-44.025,DEV0744,U084,0
T002197,U076,2026-05-22T19:12:53.228817,5000.0,-23.54535,-46.66463,DEV0201,U311,1
T002198,U311,2026-05-22T19:13:03.228817,4950.0,-30.0346,-51.2177,DEV0715,U329,1
T002199,U329,2026-05-22T19:13:13.228817,4900.0,-25.4284,-49.2733,DEV0349,U076,1
T002200,U341,2026-05-22T23:12:48.480068,33.67,-29.98658,-51.1929,DEV0179,U473,0
T002201,U077,2026-05-23T18:56:01.797973,25.16,-15.81388,-47.89383,DEV0464,M022,0
T002202,U156,2026-05-22T19:07:12.884210,10.54,-15.82938,-47.87587,DEV0357,M013,0
T002203,U443,2026-05-22T16:43:53.559910,65.91,-19.86877,-43.99816,DEV0507,M055,0
T002204,U187,2026-05-23T00:18:01.020269,12.73,-12.96155,-38.52628,DEV0069,M023,0
T002205,U278,2026-05-23T06:20:39.644962,143.9,-15.81823,-47.87701,DEV0107,M033,0
T002206,U095,2026-05-23T01:24:32.095524,442.79,-23.51926,-46.57652,DEV0099,M042,0
T002207,U021,2026-05-23T04:18:46.720774,266.83,-30.07005,-51.18326,DEV0035,M099,0
T002208,U339,2026-05-22T21:28:35.709123,66.98,-30.06928,-51.21684,DEV0616,M033,0
T002209,U077,2026-05-23T22:23:21.695383,14.98,-15.83414,-47.92134,DEV0464,M040,0
T002210,U286,2026-05-23T00:21:57.600628,320.31,-19.85049,-43.92346,DEV0623,M091,0
T002211,U109,2026-05-23T04:04:01.513702,31.01,-23.5486,-46.58313,DEV0512,U355,0
T002212,U017,2026-05-22T18:18:12.671665,30.84,-25.35509,-49.29633,DEV0014,M062,0
T002213,U332,2026-05-22T18:00:15.166987,257.6,-13.03254,-38.54178,DEV0379,M029,0
T002214,U059,2026-05-23T22:55:33.951913,3.9,-23.56313,-46.66143,DEV0259,M064,0
T002215,U497,2026-05-22T22:30:09.273373,10.94,-15.76506,-47.95253,DEV0517,U336,0
T002216,U491,2026-05-23T00:56:23.603652,5.76,-15.74935,-47.87634,DEV0226,M040,0
T002217,U173,2026-05-22T21:44:11.383124,10.86,-19.86418,-43.86643,DEV0413,U013,0
T002218,U205,2026-05-23T03:13:48.172889,107.07,-19.87352,-43.93498,DEV0039,M057,0
T002219,U398,2026-05-23T00:12:35.499634,68.85,-23.45737,-46.57929,DEV0759,M044,0
T002220,U239,2026-05-23T12:13:54.329952,214.84,-12.96465,-38.41452,DEV0645,M038,0
T002221,U362,2026-05-22T16:28:37.568272,1.37,-12.93992,-38.53505,DEV0127,M059,0
T002222,U257,2026-05-22T22:16:46.684366,33.68,-30.08477,-51.2232,DEV0308,M001,0
T002223,U244,2026-05-23T01:17:32.945974,1.47,-12.95508,-38.43335,DEV0772,U044,0
T002224,U024,2026-05-22T18:03:23.109431,1147.27,-25.45054,-49.22428,DEV0477,M002,0
T002225,U316,2026-05-23T13:54:06.409914,36.87,-22.87344,-43.20943,DEV0654,U366,0
T002226,U152,2026-05-23T06:47:48.184476,705.6,-23.55736,-46.5906,DEV0094,M017,0
T002227,U242,2026-05-22T20:24:13.702716,18.84,-23.51874,-46.47785,DEV0085,M080,0
T002228,U285,2026-05-23T08:54:14.050678,59.17,-19.87231,-43.97354,DEV0312,M098,0
T002229,U233,2026-05-22T19:55:10.850865,187.66,-30.13474,-51.21474,DEV0177,U034,0
T002230,U364,2026-05-22T20:07:14.122457,335.64,-15.79228,-47.92191,DEV0051,U200,0
T002231,U459,2026-05-23T22:35:42.964551,473.45,-22.92337,-43.12301,DEV0016,U339,0
T002232,U123,2026-05-22T23:20:00.683311,269.52,-19.95268,-43.9554,DEV0246,U257,0
T002233,U486,2026-05-22T17:24:46.920382,40.43,-15.71192,-48.00133,DEV0585,M100,0
T002234,U363,2026-05-23T09:37:27.608157,162.39,-25.45822,-49.22703,DEV0799,M046,0
T002235,U301,2026-05-22T15:34:16.851592,35.29,-12.95883,-38.39176,DEV0662,U242,0
T002236,U252,2026-05-22T17:23:41.708606,34.56,-30.08649,-51.14386,DEV0207,U103,0
T002237,U119,2026-05-23T03:01:37.038220,36.88,-15.82344,-47.92504,DEV0792,M045,0
T002238,U303,2026-05-22T22:28:03.098924,144.02,-15.80208,-47.87245,DEV0446,U457,0
T002239,U425,2026-05-23T07:12:30.347084,214.59,-22.79085,-43.22186,DEV0356,U493,0
T002240,U175,2026-05-22T20:16:14.731026,80.44,-25.3948,-49.28069,DEV0394,M054,0
T002241,U208,2026-05-23T19:33:52.579543,71.97,-12.93983,-38.51587,DEV0361,M056,0
T002242,U482,2026-05-23T04:15:28.453050,77.82,-23.56837,-46.62676,DEV0689,M026,0
T002243,U441,2026-05-22T19:31:57.072466,2.37,-23.5162,-46.64576,DEV0762,M062,0
T002244,U351,2026-05-23T07:46:31.403414,116.53,-12.92438,-38.45726,DEV0157,U212,0
T002245,U091,2026-05-23T07:27:41.256290,152.14,-15.73468,-47.94084,DEV0120,M088,0
T002246,U476,2026-05-22T21:14:06.221890,3.6,-12.97057,-38.59147,DEV0141,M077,0
T002247,U361,2026-05-22T20:07:19.954050,730.65,-25.38084,-49.342,DEV0356,M059,0
T002248,U052,2026-05-22T17:46:01.399137,69.7,-25.43109,-49.30869,DEV0578,U208,0
T002249,U199,2026-05-22T17:29:33.687853,32.6,-19.91964,-43.93787,DEV0648,U461,0
T002250,U469,2026-05-22T17:08:52.255754,77.97,-22.94917,-43.09636,DEV0183,M024,0
T002251,U455,2026-05-22T16:18:09.318827,144.47,-12.89339,-38.47955,DEV0374,M029,0
T002252,U309,2026-05-23T01:38:20.587028,4.75,-15.777,-47.89703,DEV0606,M100,0
T002253,U350,2026-05-22T20:23:50.337129,77.3,-25.41327,-49.28846,DEV0696,U087,0
T002254,U399,2026-05-23T02:48:23.098652,219.3,-30.06683,-51.31154,DEV0443,M078,0
T002255,U090,2026-05-22T18:59:23.780044,377.33,-19.94149,-43.9339,DEV0208,M042,0
T002256,U420,2026-05-22T18:10:56.669232,14.26,-23.60823,-46.63212,DEV0359,M064,0
T002257,U477,2026-05-22T20:57:22.355473,3.23,-19.81775,-43.98935,DEV0039,M013,0
T002258,U432,2026-05-22T18:49:36.843634,428.66,-23.57753,-46.63186,DEV0476,M001,0
T002259,U432,2026-05-22T20:32:38.215582,42.29,-23.52606,-46.61454,DEV0476,U288,0
T002260,U255,2026-05-22T23:35:09.201311,207.75,-22.8907,-43.19615,DEV0306,M007,0
T002261,U213,2026-05-22T18:27:58.549993,39.95,-12.95694,-38.49314,DEV0149,M099,0
T002262,U237,2026-05-22T21:10:21.769470,18.58,-30.11197,-51.20155,DEV0385,U186,0
T002263,U470,2026-05-23T01:12:27.130102,196.24,-29.97664,-51.25297,DEV0527,M061,0
T002264,U182,2026-05-23T01:21:52.896382,34.49,-15.7881,-47.95515,DEV0397,U498,0
T002265,U101,2026-05-23T04:35:44.451301,11.78,-23.49124,-46.67049,DEV0688,M072,0
T002266,U366,2026-05-22T22:35:00.822186,1145.5,-23.57333,-46.65385,DEV0613,U318,0
T002267,U359,2026-05-22T22:10:05.815155,149.06,-15.69505,-47.94995,DEV0210,M080,0
T002268,U389,2026-05-23T11:11:24.549985,164.87,-22.84711,-43.23563,DEV0769,U085,0
T002269,U319,2026-05-22T19:47:19.869610,59.57,-22.88112,-43.20597,DEV0010,M001,0
T002270,U438,2026-05-23T06:57:59.998321,200.99,-19.9512,-43.96917,DEV0744,M051,0
T002271,U192,2026-05-22T22:54:31.784869,94.59,-13.06448,-38.53964,DEV0163,U390,0
T002272,U390,2026-05-22T14:48:21.490978,151.39,-30.01913,-51.16163,DEV0194,U422,0
T002273,U107,2026-05-22T16:47:18.627356,68.44,-23.51884,-46.66651,DEV0453,U047,0
T002274,U277,2026-05-22T22:01:28.341251,3.39,-23.52498,-46.61722,DEV0214,M072,0
T002275,U035,2026-05-22T14:13:37.743726,115.04,-19.96067,-43.92997,DEV0419,M018,0
T002276,U402,2026-05-23T02:41:00.676746,8.58,-29.99144,-51.28418,DEV0264,M026,0
T002277,U056,2026-05-23T05:17:33.766150,76.35,-30.07375,-51.14812,DEV0348,M002,0
T002278,U453,2026-05-22T20:00:46.773560,24.54,-15.82337,-47.92999,DEV0592,M086,0
T002279,U457,2026-05-22T14:51:59.411574,2060.59,-30.05634,-51.3035,DEV0571,U142,0
T002280,U398,2026-05-23T02:40:18.873878,96.19,-23.53416,-46.59003,DEV0759,U366,0
T002281,U281,2026-05-22T19:17:02.308412,51.03,-12.92745,-38.54809,DEV0692,M010,0
T002282,U256,2026-05-22T19:12:26.450271,7.61,-15.80549,-47.98523,DEV0335,M061,0
T002283,U140,2026-05-23T06:01:58.081961,2.81,-23.50385,-46.67941,DEV0120,M042,0
T002284,U449,2026-05-22T19:32:07.757159,18.82,-25.47686,-49.23075,DEV0172,U237,0
T002285,U140,2026-05-23T07:04:57.312020,195.55,-23.59656,-46.58011,DEV0120,M068,0
T002286,U017,2026-05-22T18:42:51.282047,207.92,-25.49106,-49.29296,DEV0014,U180,0
T002287,U495,2026-05-23T14:43:28.807500,79.12,-19.85569,-43.8741,DEV0226,M007,0
T002288,U046,2026-05-23T09:10:33.160179,83.64,-19.9487,-43.90805,DEV0575,M054,0
T002289,U442,2026-05-23T05:46:24.667461,10.66,-25.4264,-49.21895,DEV0467,M078,0
T002290,U028,2026-05-22T18:04:49.788107,99.89,-25.40189,-49.22371,DEV0702,M082,0
T002291,U061,2026-05-23T02:49:02.566145,9.88,-23.57923,-46.59747,DEV0234,M065,0
T002292,U238,2026-05-22T21:31:11.415264,147.08,-30.08127,-51.2099,DEV0518,M051,0
T002293,U346,2026-05-23T00:02:50.583138,157.7,-15.71524,-47.96881,DEV0196,M067,0
T002294,U165,2026-05-22T21:24:54.135936,365.82,-25.5071,-49.31364,DEV0577,U464,0
T002295,U018,2026-05-23T14:08:07.501764,61.86,-23.50999,-46.63268,DEV0346,M036,0
T002296,U382,2026-05-22T18:53:13.378452,1081.35,-25.48299,-49.22998,DEV0630,U400,0
T002297,U090,2026-05-22T19:59:28.993728,669.29,-19.9653,-43.91623,DEV0208,M079,0
T002298,U301,2026-05-22T15:38:13.425369,122.24,-12.98049,-38.49573,DEV0662,M035,0
T002299,U255,2026-05-23T00:11:43.791122,357.09,-22.80278,-43.17291,DEV0306,M075,0
T002300,U247,2026-05-22T15:23:27.457124,35.09,-22.81991,-43.22231,DEV0250,M087,0
T002301,U288,2026-05-23T01:29:29.521033,7.72,-22.87719,-43.12557,DEV0506,U384,0
T002302,U180,2026-05-23T08:26:01.094510,179.06,-23.476,-46.61908,DEV0798,M035,0
T002303,U328,2026-05-23T04:06:17.053422,232.39,-23.5095,-46.58599,DEV0296,M023,0
T002304,U194,2026-05-22T18:27:41.722172,3.61,-23.57215,-46.70589,DEV0074,M004,0
T002305,U236,2026-05-22T23:05:54.832176,4807.29,-23.5502,-46.65072,DEV0610,M089,1
T002306,U095,2026-05-23T02:13:11.781730,285.38,-23.52265,-46.5461,DEV0099,U382,0
T002307,U285,2026-05-23T09:43:21.011457,7.25,-19.83231,-43.76002,DEV0312,M046,0
T002308,U277,2026-05-22T23:05:32.806787,9.71,-23.54081,-46.63362,DEV0214,M081,0
T002309,U327,2026-05-23T06:04:59.887777,82.06,-22.9375,-43.17644,DEV0588,M017,0
T002310,U390,2026-05-22T16:58:08.773766,57.46,-29.98245,-51.15986,DEV0194,M080,0
T002311,U266,2026-05-22T22:04:14.825377,270.76,-29.94965,-51.24143,DEV0095,M032,0
T002312,U474,2026-05-22T21:00:50.812684,52.71,-22.90391,-43.13143,DEV0311,U174,0
T002313,U183,2026-05-23T02:31:09.115771,1.83,-23.55477,-46.62764,DEV0612,M013,0
T002314,U420,2026-05-22T20:24:16.861229,145.49,-23.59684,-46.71887,DEV0359,U268,0
T002315,U316,2026-05-23T15:19:03.559312,27.1,-22.91015,-43.15164,DEV0654,M036,0
T002316,U295,2026-05-22T18:20:25.868990,19.32,-13.04728,-38.56634,DEV0146,M042,0
T002317,U358,2026-05-23T01:58:07.792884,12.41,-25.40024,-49.24816,DEV0218,M050,0
T002318,U357,2026-05-23T15:06:42.797647,74.58,-30.07121,-51.3322,DEV0346,M003,0
T002319,U221,2026-05-23T10:28:29.943137,441.65,-15.644,-47.82784,DEV0408,M058,0
T002320,U102,2026-05-23T02:22:38.457525,161.07,-19.98625,-43.87555,DEV0470,M055,0
T002321,U362,2026-05-22T22:04:15.771815,28.76,-12.89398,-38.46287,DEV0127,M015,0
T002322,U343,2026-05-23T13:48:43.629434,108.22,-23.59715,-46.66469,DEV0478,M082,0
T002323,U073,2026-05-23T02:29:47.882014,205.78,-23.5391,-46.64755,DEV0767,U133,0
T002324,U280,2026-05-23T02:11:58.506820,341.7,-23.52792,-46.61997,DEV0008,M012,0
T002325,U475,2026-05-23T03:40:06.291201,8.41,-22.90275,-43.18131,DEV0414,M043,0
T002326,U342,2026-05-22T22:34:52.642870,306.95,-25.38699,-49.22864,DEV0015,M005,0
T002327,U456,2026-05-22T21:44:36.253335,92.41,-23.51273,-46.60689,DEV0466,M037,0
T002328,U031,2026-05-23T07:12:14.667045,105.38,-25.30965,-49.34173,DEV0493,U374,0
T002329,U175,2026-05-22T23:28:36.399108,138.91,-25.42725,-49.29411,DEV0394,M044,0
T002330,U478,2026-05-23T00:31:33.551570,19.69,-12.90444,-38.51225,DEV0477,M005,0
T002331,U368,2026-05-23T11:42:53.448988,191.52,-23.575,-46.63832,DEV0001,M006,0
T002332,U236,2026-05-22T23:16:52.188466,9.33,-23.47784,-46.60527,DEV0610,U317,0
T002333,U454,2026-05-22T17:01:19.479259,828.05,-30.04972,-51.16982,DEV0661,U080,0
T002334,U403,2026-05-22T19:34:46.867008,315.11,-15.77314,-47.90985,DEV0288,M053,0
T002335,U023,2026-05-22T23:41:11.358754,84244.42,-22.93357,-43.08807,DEV0390,U013,1
T002336,U329,2026-05-22T20:16:08.174735,190.14,-25.44246,-49.28625,DEV0349,U020,0
T002337,U228,2026-05-23T05:16:58.112342,97.8,-15.78172,-47.8502,DEV0594,U240,0
T002338,U430,2026-05-23T08:26:45.509692,88.78,-23.01167,-43.24377,DEV0268,M060,0
T002339,U006,2026-05-22T21:18:06.311507,41.35,-13.06529,-38.45833,DEV0770,M044,0
T002340,U283,2026-05-23T01:30:07.430527,22.17,-22.90797,-43.1688,DEV0028,M027,0
T002341,U469,2026-05-22T17:20:18.247153,89.27,-22.9283,-43.14059,DEV0183,M008,0
T002342,U418,2026-05-22T22:39:33.269129,157.59,-23.64433,-46.60751,DEV0115,M043,0
T002343,U424,2026-05-23T03:21:01.322051,5000.0,-15.81318,-47.98623,DEV0146,U477,1
T002344,U477,2026-05-23T03:21:11.322051,4950.0,-19.9173,-43.9345,DEV0039,U106,1
T002345,U106,2026-05-23T03:21:21.322051,4900.0,-15.7801,-47.9292,DEV0609,U424,1
T002346,U171,2026-05-22T18:45:21.353821,215.24,-19.96954,-43.92518,DEV0617,M029,0
T002347,U337,2026-05-22T15:27:00.346828,231.8,-30.03883,-51.32972,DEV0575,M073,0
T002348,U240,2026-05-22T16:49:14.563007,64.92,-12.90403,-38.50059,DEV0023,M001,0
T002349,U222,2026-05-22T22:37:35.949769,172.83,-22.87719,-43.14175,DEV0348,M015,0
T002350,U312,2026-05-22T15:41:48.457477,261.37,-19.85747,-43.95341,DEV0173,U463,0
T002351,U293,2026-05-23T07:46:43.310715,14.39,-23.50448,-46.57991,DEV0525,M091,0
T002352,U300,2026-05-23T10:57:43.133028,155.52,-19.85656,-43.98074,DEV0741,U236,0
T002353,U041,2026-05-23T01:40:12.593113,4540.2,-19.88772,-43.85681,DEV0547,M055,1
T002354,U042,2026-05-23T12:01:47.780838,158.73,-12.92412,-38.50745,DEV0462,U154,0
T002355,U264,2026-05-23T10:17:50.509851,47.34,-19.88359,-43.89869,DEV0043,M027,0
T002356,U317,2026-05-22T21:22:49.422776,350.34,-12.92398,-38.46503,DEV0139,M017,0
T002357,U379,2026-05-23T08:04:43.551780,20.8,-19.94879,-43.92968,DEV0662,M077,0
T002358,U196,2026-05-22T22:46:49.040821,16.97,-15.75416,-47.91812,DEV0653,M005,0
T002359,U436,2026-05-23T09:42:12.543948,173.32,-12.97253,-38.51121,DEV0149,M035,0
T002360,U397,2026-05-23T02:15:01.115337,2269.11,-30.05528,-51.24871,DEV0349,M033,1
T002361,U124,2026-05-23T08:26:44.250507,46.99,-13.00658,-38.53851,DEV0682,M071,0
T002362,U315,2026-05-22T17:33:35.372979,9.75,-23.4747,-46.70462,DEV0140,M074,0
T002363,U492,2026-05-22T18:55:24.558186,190.2,-25.47325,-49.21143,DEV0772,M039,0
T002364,U164,2026-05-23T00:47:35.275906,331.24,-12.98783,-38.47208,DEV0691,M037,0
T002365,U194,2026-05-22T04:02:26.481358,4533.3,-23.46203,-46.74228,DEV0074,U419,1
T002366,U429,2026-05-23T08:40:34.593690,1823.31,-23.58896,-46.68,DEV0287,U109,0
T002367,U264,2026-05-23T10:51:43.160312,138.89,-19.96048,-44.01736,DEV0043,M090,0
T002368,U413,2026-05-22T23:38:21.360391,939.04,-15.84171,-47.85555,DEV0256,M038,0
T002369,U065,2026-05-22T22:13:18.744571,86.84,-15.83036,-47.87217,DEV0386,M054,0
T002370,U308,2026-05-23T06:37:00.147535,3.64,-19.97731,-43.91249,DEV0004,U379,0
T002371,U214,2026-05-23T02:22:13.830145,457.09,-12.95295,-38.38306,DEV0203,U438,0
T002372,U287,2026-05-22T15:08:57.985149,1.58,-19.94363,-43.92045,DEV0751,M039,0
T002373,U371,2026-05-22T20:44:02.846329,150.91,-23.56459,-46.67686,DEV0202,M010,0
T002374,U423,2026-05-23T08:23:27.505050,166.76,-22.86982,-43.17764,DEV0727,M035,0
T002375,U051,2026-05-22T19:32:49.731873,78.55,-30.07629,-51.23395,DEV0699,M069,0
T002376,U051,2026-05-23T00:00:52.219511,87.35,-30.05505,-51.2067,DEV0699,M069,0
T002377,U260,2026-05-23T10:45:26.323584,21.54,-13.00412,-38.47207,DEV0797,M010,0
T002378,U105,2026-05-22T20:54:56.040556,315.19,-19.83441,-43.93777,DEV0027,M055,0
T002379,U159,2026-05-22T23:47:49.243746,269.74,-22.82983,-43.15105,DEV0659,U329,0
T002380,U197,2026-05-22T20:36:11.156040,75.7,-23.54522,-46.63358,DEV0795,M066,0
T002381,U139,2026-05-23T06:34:07.577200,5.13,-25.3365,-49.25219,DEV0106,U288,0
T002382,U139,2026-05-23T07:32:51.911436,81.1,-25.45744,-49.26692,DEV0106,M002,0
T002383,U310,2026-05-23T01:47:43.475911,78.3,-19.99471,-43.8957,DEV0574,U169,0
T002384,U385,2026-05-22T23:13:07.560866,32.3,-15.80538,-47.90427,DEV0215,M005,0
T002385,U016,2026-05-23T02:31:06.473936,596.67,-30.14894,-51.28428,DEV0274,M093,0
T002386,U382,2026-05-23T02:47:30.439541,626.33,-25.48599,-49.32751,DEV0630,M034,0
T002387,U019,2026-05-23T09:01:40.331149,224.75,-25.36448,-49.29244,DEV0092,M011,0
T002388,U431,2026-05-23T00:34:15.662012,645.49,-13.04983,-38.43495,DEV0455,M099,0
T002389,U317,2026-05-22T22:19:40.776722,712.56,-13.03915,-38.57421,DEV0139,U481,0
T002390,U249,2026-05-22T22:40:13.293159,145.85,-25.47923,-49.30595,DEV0054,M037,0
T002391,U358,2026-05-23T02:47:25.307190,1.47,-25.43358,-49.28573,DEV0218,M030,0
T002392,U481,2026-05-23T03:31:04.912237,140.0,-15.73536,-47.93094,DEV0359,M099,0
T002393,U155,2026-05-23T05:01:58.627866,112.41,-30.04215,-51.19107,DEV0612,U284,0
T002394,U319,2026-05-22T20:25:27.892610,18.93,-22.9936,-43.13815,DEV0010,M038,0
T002395,U146,2026-05-23T00:43:44.843665,183.12,-15.76233,-47.87071,DEV0118,M028,0
T002396,U018,2026-05-23T15:22:30.228712,116.91,-23.57222,-46.5552,DEV0346,M007,0
T002397,U117,2026-05-22T21:53:12.213079,99.86,-22.95205,-43.2594,DEV0793,U310,0
T002398,U041,2026-05-23T02:32:55.928593,30.29,-19.84627,-43.94317,DEV0547,U025,0
T002399,U342,2026-05-23T00:18:37.895585,115.15,-25.45152,-49.40724,DEV0015,M073,0
T002400,U189,2026-05-23T16:56:03.918513,21.87,-29.97285,-51.21283,DEV0144,M098,0
T002401,U101,2026-05-23T08:22:41.782071,3.08,-23.58264,-46.64678,DEV0688,M017,0
T002402,U396,2026-05-23T02:56:24.151522,111.0,-30.12754,-51.26109,DEV0476,M015,0
T002403,U466,2026-05-22T18:28:11.849399,1.58,-23.63508,-46.63604,DEV0526,M007,0
T002404,U288,2026-05-23T02:37:07.496977,133.75,-22.89352,-43.18554,DEV0506,M047,0
T002405,U127,2026-05-22T21:42:09.893976,19.7,-23.62268,-46.59438,DEV0776,M017,0
T002406,U414,2026-05-23T01:15:57.758497,5.68,-22.89457,-43.12973,DEV0053,M058,0
T002407,U422,2026-05-22T22:12:11.069697,333.59,-22.87651,-43.1354,DEV0442,M027,0
T002408,U469,2026-05-22T23:12:41.504888,7.53,-22.78045,-43.19084,DEV0183,M004,0
T002409,U393,2026-05-22T16:14:19.492423,421.1,-13.04189,-38.50338,DEV0055,U499,0
T002410,U165,2026-05-22T22:59:21.925001,190.26,-25.3713,-49.29968,DEV0577,M063,0
T002411,U345,2026-05-23T05:53:33.256375,136.04,-23.60948,-46.59071,DEV0411,M094,0
T002412,U263,2026-05-22T19:37:09.197700,259.66,-12.94813,-38.49924,DEV0450,M019,1
T002413,U263,2026-05-23T00:01:27.377405,327.65,-12.89823,-38.48313,DEV0450,U144,0
T002414,U315,2026-05-22T17:55:10.467854,3.08,-23.62072,-46.66249,DEV0140,M007,0
T002415,U126,2026-05-23T00:27:10.093313,3.02,-22.85747,-43.12726,DEV0036,U007,0
T002416,U453,2026-05-22T22:59:58.250482,415.26,-15.7454,-48.0345,DEV0592,M048,0
T002417,U103,2026-05-22T23:20:42.533450,243.54,-15.86075,-47.95144,DEV0670,M066,0
T002418,U422,2026-05-22T23:34:47.903885,24.17,-22.94531,-43.14572,DEV0442,M079,0
T002419,U466,2026-05-22T21:14:26.426082,126.23,-23.55942,-46.62422,DEV0526,M036,0
T002420,U014,2026-05-22T23:21:44.578247,24.39,-25.38921,-49.3432,DEV0505,U413,0
T002421,U321,2026-05-23T06:16:57.383170,8.56,-22.99836,-43.20766,DEV0596,U083,0
T002422,U086,2026-05-22T22:14:43.217335,6.98,-23.59598,-46.56375,DEV0572,M077,0
T002423,U477,2026-05-23T04:31:24.904598,3.19,-19.8956,-43.99045,DEV0039,M011,0
T002424,U467,2026-05-22T16:47:49.718754,27.17,-19.92908,-43.88811,DEV0620,U445,0
T002425,U399,2026-05-23T07:17:00.497571,15.76,-29.99259,-51.24835,DEV0443,U058,0
T002426,U302,2026-05-23T02:57:07.659442,94.82,-15.83553,-47.96064,DEV0503,M052,0
T002427,U132,2026-05-23T01:41:08.258665,10.12,-22.87554,-43.17139,DEV0570,M017,0
T002428,U113,2026-05-23T10:16:36.625343,1091.82,-23.5472,-46.76605,DEV0302,M026,0
T002429,U278,2026-05-23T11:01:35.836401,70.81,-15.76936,-47.94785,DEV0107,M005,0
T002430,U126,2026-05-23T01:14:47.123267,423.29,-22.853,-43.16561,DEV0036,U244,0
T002431,U282,2026-05-23T01:22:37.298959,11.32,-29.98638,-51.22486,DEV0056,M095,0
T002432,U482,2026-05-23T05:06:15.475659,63.26,-23.48106,-46.65108,DEV0689,M088,0
T002433,U404,2026-05-23T03:40:18.218261,832.94,-19.94831,-43.93289,DEV0452,U258,0
T002434,U269,2026-05-23T05:29:53.373133,62.56,-19.83953,-43.93019,DEV0093,M051,0
T002435,U445,2026-05-22T20:48:38.177186,24.53,-13.00497,-38.50982,DEV0073,M063,0
T002436,U360,2026-05-23T00:05:33.731473,68.26,-30.02329,-51.21315,DEV0616,U416,0
T002437,U190,2026-05-22T19:21:12.103095,4.05,-12.99306,-38.52984,DEV0693,M022,0
T002438,U386,2026-05-22T18:57:52.406311,6.94,-19.87648,-43.88527,DEV0318,M016,0
T002439,U142,2026-05-22T17:47:14.621660,164.98,-12.91154,-38.5003,DEV0474,M040,0
T002440,U169,2026-05-23T02:01:32.744958,23.22,-19.87619,-43.90027,DEV0727,U210,0
T002441,U253,2026-05-23T04:31:15.869768,603.83,-15.74904,-47.97436,DEV0578,M047,0
T002442,U338,2026-05-23T18:56:54.670427,147.74,-23.52214,-46.54852,DEV0145,M011,0
T002443,U322,2026-05-22T21:46:54.509599,17.29,-12.91932,-38.55674,DEV0329,M094,0
T002444,U285,2026-05-23T11:57:08.700884,11.59,-19.89556,-43.92985,DEV0312,U070,0
T002445,U424,2026-05-23T03:48:54.023295,2.95,-15.82434,-48.00043,DEV0146,M012,0
T002446,U260,2026-05-23T10:55:09.593636,33.29,-12.96534,-38.52012,DEV0797,M019,0
T002447,U013,2026-05-23T02:33:14.405296,126.42,-15.78399,-47.81516,DEV0563,M084,0
T002448,U126,2026-05-23T04:10:46.545088,215.26,-22.94101,-43.19081,DEV0036,U030,0
T002449,U500,2026-05-22T17:35:43.026183,74.55,-12.9823,-38.53363,DEV0490,M047,0
T002450,U472,2026-05-22T15:58:32.098308,113.1,-12.94244,-38.548,DEV0722,M055,0
T002451,U441,2026-05-22T20:17:31.967855,1.75,-23.57621,-46.58831,DEV0762,M057,0
T002452,U324,2026-05-23T04:47:25.260199,608.15,-15.72918,-47.959,DEV0095,M012,0
T002453,U462,2026-05-23T01:16:06.446204,163.87,-12.97321,-38.57951,DEV0519,U153,0
T002454,U035,2026-05-22T14:46:30.514965,232.85,-19.9563,-43.96473,DEV0419,M085,0
T002455,U190,2026-05-22T20:05:07.275553,107.78,-12.9638,-38.48201,DEV0693,U033,0
T002456,U379,2026-05-23T09:18:24.064709,78.82,-19.85792,-43.94198,DEV0662,U239,0
T002457,U031,2026-05-23T07:32:41.328718,16.9,-25.39699,-49.26038,DEV0493,U131,0
T002458,U259,2026-05-23T17:57:17.551078,78.55,-30.02797,-51.24522,DEV0106,M094,0
T002459,U455,2026-05-22T19:35:54.533014,124.64,-12.96473,-38.51026,DEV0374,U059,0
T002460,U115,2026-05-22T23:39:48.637616,14.14,-30.0548,-51.18328,DEV0253,U340,0
T002461,U083,2026-05-23T19:09:49.970034,12.27,-19.86691,-43.95788,DEV0473,M064,0
T002462,U358,2026-05-23T05:52:48.142729,533.61,-25.40096,-49.293,DEV0218,M070,0
T002463,U036,2026-05-22T15:30:56.536421,20.83,-12.96824,-38.53968,DEV0490,U225,0
T002464,U081,2026-05-22T19:44:40.501414,273.73,-25.45378,-49.23159,DEV0489,M058,0
T002465,U327,2026-05-23T09:07:13.427439,92516.37,-22.89872,-43.25369,DEV0588,M038,1
T002466,U092,2026-05-22T18:20:00.338218,506.32,-25.4098,-49.22362,DEV0587,M038,0
T002467,U037,2026-05-23T00:32:33.668917,287.14,-23.51227,-46.55156,DEV0028,U120,0
T002468,U386,2026-05-22T20:44:58.697070,18.78,-19.96036,-43.93114,DEV0318,M007,0
T002469,U127,2026-05-22T22:05:01.330957,111.41,-23.53519,-46.6721,DEV0776,M014,0
T002470,U378,2026-05-22T23:42:18.138457,62.09,-23.52728,-46.65129,DEV0177,U169,0
T002471,U116,2026-05-23T03:42:23.322664,100.02,-30.03062,-51.14972,DEV0161,U376,0
T002472,U342,2026-05-23T02:47:39.186415,253.95,-25.4526,-49.23306,DEV0015,M072,0
T002473,U035,2026-05-22T17:19:06.050864,107.4,-19.90754,-44.00835,DEV0419,U499,0
T002474,U239,2026-05-23T12:54:08.920185,2575.13,-12.93623,-38.45168,DEV0645,M075,0
T002475,U393,2026-05-22T17:38:41.385551,216.83,-12.98393,-38.48188,DEV0055,M032,0
T002476,U238,2026-05-22T23:20:49.038002,176.17,-30.00295,-51.27665,DEV0518,U302,0
T002477,U354,2026-05-23T01:41:42.665033,76.96,-25.42564,-49.29842,DEV0794,U146,0
T002478,U468,2026-05-22T16:39:41.136895,13.28,-22.89732,-43.12127,DEV0131,M001,0
T002479,U275,2026-05-22T23:32:34.981605,62.82,-15.84505,-47.97163,DEV0730,M072,0
T002480,U073,2026-05-23T03:44:49.502349,445.53,-23.62788,-46.65732,DEV0767,U348,0
T002481,U137,2026-05-23T11:31:10.027125,19.22,-12.97831,-38.50124,DEV0350,M006,0
T002482,U380,2026-05-23T08:59:52.002288,69.49,-22.82255,-43.2739,DEV0469,M036,0
T002483,U466,2026-05-23T00:42:20.137621,122.89,-23.60406,-46.68545,DEV0526,M025,0
T002484,U295,2026-05-22T23:25:01.198540,21.22,-12.93795,-38.52245,DEV0146,M016,0
T002485,U239,2026-05-23T13:59:51.842876,1578.59,-12.90109,-38.46485,DEV0645,M017,0
T002486,U360,2026-05-23T01:12:18.132006,178.07,-30.02739,-51.17821,DEV0616,U003,0
T002487,U377,2026-05-22T19:29:17.845903,86.58,-23.43243,-46.63202,DEV0180,M046,0
T002488,U238,2026-05-23T03:47:53.987677,73.32,-29.97124,-51.23701,DEV0518,M012,0
T002489,U134,2026-05-23T05:52:12.031021,70.59,-15.7856,-47.87096,DEV0444,U230,0
T002490,U378,2026-05-23T00:31:55.832088,117.1,-23.58814,-46.5002,DEV0177,M045,0
T002491,U036,2026-05-22T16:56:27.994779,30.91,-12.93976,-38.53541,DEV0490,U409,0
T002492,U064,2026-05-22T23:46:14.290981,1085.51,-23.53613,-46.64177,DEV0442,U438,0
T002493,U453,2026-05-22T23:59:30.921666,187.69,-15.83428,-47.92576,DEV0592,M084,0
T002494,U357,2026-05-23T15:12:31.451682,419.86,-30.00458,-51.24045,DEV0346,M049,0
T002495,U035,2026-05-22T18:00:27.605244,362.89,-19.86554,-43.9679,DEV0419,M032,0
T002496,U310,2026-05-23T02:34:39.168154,169.63,-19.87806,-43.89986,DEV0574,M080,0
T002497,U258,2026-05-23T00:29:20.508725,78.62,-23.56811,-46.63683,DEV0335,M044,0
T002498,U329,2026-05-22T21:37:34.680566,3.17,-25.56371,-49.29904,DEV0349,U114,0
T002499,U237,2026-05-22T21:39:03.866380,4.49,-30.00912,-51.26972,DEV0385,U106,0
T002500,U494,2026-05-23T04:43:33.734670,11.96,-20.01047,-43.93593,DEV0493,U047,0
T002501,U391,2026-05-23T03:28:01.860633,16.09,-23.55083,-46.59652,DEV0114,M050,0
T002502,U162,2026-05-23T15:13:49.475769,88.87,-19.80835,-43.96959,DEV0664,U037,0
T002503,U403,2026-05-23T02:17:10.412637,5000.0,-15.71006,-47.9064,DEV0288,U398,1
T002504,U398,2026-05-23T02:17:20.412637,4950.0,-23.5505,-46.6333,DEV0759,U097,1
T002505,U097,2026-05-23T02:17:30.412637,4900.0,-19.9173,-43.9345,DEV0720,U403,1
T002506,U490,2026-05-22T23:52:00.428054,453.96,-30.07564,-51.25842,DEV0302,M012,0
T002507,U078,2026-05-23T10:25:28.705930,226.45,-25.47856,-49.29226,DEV0764,M019,0
T002508,U087,2026-05-23T04:45:11.239360,179.19,-23.60293,-46.62051,DEV0304,M065,0
T002509,U323,2026-05-23T11:00:41.228554,256.75,-19.85136,-43.909,DEV0550,M041,0
T002510,U120,2026-05-23T03:09:33.123418,9.31,-30.09181,-51.25164,DEV0663,M056,0
T002511,U025,2026-05-22T15:35:14.590124,849.06,-22.76,-43.10923,DEV0556,U277,0
T002512,U345,2026-05-23T06:05:17.915682,43.18,-23.55743,-46.76167,DEV0411,U004,0
T002513,U369,2026-05-22T19:44:56.314281,480.49,-30.07951,-51.13828,DEV0371,U368,0
T002514,U246,2026-05-23T04:55:00.950658,30.13,-25.42784,-49.38746,DEV0095,U066,0
T002515,U065,2026-05-22T23:56:38.083428,77.34,-15.74803,-48.00199,DEV0386,U157,0
T002516,U345,2026-05-23T06:33:50.905791,344.23,-23.51372,-46.64402,DEV0411,M079,0
T002517,U453,2026-05-23T01:11:02.248101,224.56,-15.82049,-47.87992,DEV0592,M009,0
T002518,U077,2026-05-24T02:34:51.762390,29.87,-15.78901,-47.97182,DEV0464,U096,0
T002519,U399,2026-05-23T08:06:03.890955,152.37,-30.16302,-51.18404,DEV0443,U249,0
T002520,U457,2026-05-22T16:06:52.310351,14.15,-30.00772,-51.25422,DEV0571,U472,0
T002521,U156,2026-05-22T19:23:57.270844,13.89,-15.77402,-47.99655,DEV0357,U346,0
T002522,U320,2026-05-23T02:14:47.121020,4.36,-22.88137,-43.1183,DEV0172,M075,0
T002523,U004,2026-05-22T20:07:59.032017,97.78,-19.98787,-43.96467,DEV0459,M072,0
T002524,U388,2026-05-22T19:17:57.918085,423.33,-15.73412,-47.83929,DEV0144,U278,0
T002525,U260,2026-05-23T11:41:30.975086,45.76,-12.9314,-38.48869,DEV0797,M013,0
T002526,U429,2026-05-23T09:22:12.632224,54.95,-23.49275,-46.66284,DEV0287,M086,0
T002527,U253,2026-05-23T05:40:53.350807,863.92,-15.68934,-48.01423,DEV0578,M071,0
T002528,U413,2026-05-23T00:24:11.520430,49.3,-15.66357,-48.0603,DEV0256,M032,0
T002529,U196,2026-05-22T23:29:15.363215,48.6,-15.70805,-48.05509,DEV0653,M042,0
T002530,U077,2026-05-24T04:13:09.067942,6.12,-15.81825,-47.85662,DEV0464,M031,0
T002531,U334,2026-05-22T22:41:42.752603,239.61,-22.8592,-43.1079,DEV0089,U198,0
T002532,U223,2026-05-22T19:22:36.211497,2.56,-22.88977,-43.15426,DEV0316,M041,0
T002533,U357,2026-05-23T16:38:06.584884,80.85,-29.99314,-51.20996,DEV0346,U442,0
T002534,U120,2026-05-23T03:21:28.295517,21.7,-30.07058,-51.15278,DEV0663,M056,0
T002535,U224,2026-05-23T02:53:34.304262,9.11,-25.4732,-49.25975,DEV0041,U072,0
T002536,U348,2026-05-22T21:50:40.130383,334.63,-23.51028,-46.57909,DEV0118,M043,0
T002537,U194,2026-05-22T19:38:33.843698,658.49,-23.58786,-46.66001,DEV0074,M091,0
T002538,U484,2026-05-23T00:46:39.064762,6.81,-25.41549,-49.24255,DEV0146,M087,0
T002539,U187,2026-05-23T02:46:32.364903,105.26,-12.97218,-38.55522,DEV0069,M082,0
T002540,U358,2026-05-23T06:06:22.977695,33.66,-25.39267,-49.29363,DEV0218,U084,0
T002541,U053,2026-05-22T20:14:33.017127,34.58,-15.74375,-47.95791,DEV0646,M022,0
T002542,U117,2026-05-22T22:34:48.877363,160.23,-22.9875,-43.11755,DEV0793,M049,0
T002543,U255,2026-05-23T00:59:23.632672,57.49,-22.80167,-43.14967,DEV0306,M085,0
T002544,U134,2026-05-23T07:50:57.109091,163.6,-15.75908,-47.95768,DEV0444,U450,0
T002545,U099,2026-05-23T01:11:53.409017,100.25,-15.76479,-48.0476,DEV0277,M033,0
T002546,U300,2026-05-23T11:37:49.499515,247.92,-19.8906,-43.93863,DEV0741,M029,0
T002547,U255,2026-05-23T05:32:47.505109,296.13,-22.80034,-43.16558,DEV0306,M055,0
T002548,U354,2026-05-23T06:36:14.758386,72.95,-25.49912,-49.32097,DEV0794,M012,0
T002549,U080,2026-05-22T15:48:20.378836,340.15,-19.92667,-43.96521,DEV0148,U261,0
T002550,U127,2026-05-22T23:02:23.441550,41.26,-23.56757,-46.63946,DEV0776,M026,0
T002551,U365,2026-05-23T11:56:36.159933,1091.31,-23.50299,-46.6673,DEV0726,U318,0
T002552,U455,2026-05-22T21:48:26.828336,33.35,-12.94376,-38.65573,DEV0374,M071,0
T002553,U032,2026-05-22T21:06:07.270047,16.73,-30.10851,-51.20218,DEV0065,U481,0
T002554,U413,2026-05-23T01:11:52.916465,333.69,-15.7914,-47.88304,DEV0256,M096,0
T002555,U168,2026-05-23T11:09:32.771515,22.83,-22.83697,-43.12989,DEV0253,M046,0
T002556,U380,2026-05-23T09:21:03.423758,10.29,-22.85128,-43.14808,DEV0469,U197,0
T002557,U262,2026-05-23T05:07:15.722172,190.35,-25.46318,-49.32035,DEV0069,U298,0
T002558,U346,2026-05-23T02:02:50.884198,101.25,-15.78759,-47.91104,DEV0196,M036,0
T002559,U420,2026-05-23T02:15:22.402028,34.21,-23.56127,-46.60515,DEV0359,U055,0
T002560,U374,2026-05-22T22:04:19.105323,356.2,-19.97123,-43.89284,DEV0386,U110,0
T002561,U126,2026-05-23T04:24:42.150461,576.89,-22.95637,-43.21688,DEV0036,U061,0
T002562,U297,2026-05-23T05:10:51.937689,75.42,-23.45203,-46.6057,DEV0748,M014,0
T002563,U118,2026-05-22T18:36:24.916908,14.87,-15.83889,-47.93673,DEV0570,U204,0
T002564,U463,2026-05-23T10:52:55.447035,368.14,-22.83305,-43.17771,DEV0727,M064,0
T002565,U117,2026-05-22T22:45:08.315839,4.76,-22.88606,-43.22335,DEV0793,M002,0
T002566,U128,2026-05-23T14:55:26.427198,6.07,-15.70623,-47.87865,DEV0471,M006,0
T002567,U102,2026-05-23T03:52:46.429636,15.17,-19.90054,-43.91627,DEV0470,M021,0
T002568,U169,2026-05-23T04:23:01.817207,8.79,-19.93891,-43.90819,DEV0727,M015,0
T002569,U376,2026-05-22T15:46:43.506504,160.35,-19.80561,-43.95012,DEV0763,U331,0
T002570,U168,2026-05-23T12:03:56.587122,11.32,-22.89206,-43.21887,DEV0253,M061,0
T002571,U300,2026-05-23T12:47:07.605324,1529.12,-19.95499,-43.97757,DEV0741,M013,0
T002572,U362,2026-05-22T23:54:46.350138,31.23,-13.04155,-38.43681,DEV0127,M089,0
T002573,U282,2026-05-23T01:58:37.771675,5.71,-30.03741,-51.22238,DEV0056,M008,0
T002574,U273,2026-05-22T17:29:33.943744,59.92,-23.52683,-46.64414,DEV0645,M035,0
T002575,U273,2026-05-22T21:35:24.781477,464.63,-23.48884,-46.57338,DEV0645,M037,1
T002576,U443,2026-05-22T19:33:59.787556,136.61,-19.88344,-43.97568,DEV0507,M085,0
T002577,U328,2026-05-23T05:20:45.083795,199.67,-23.55335,-46.60623,DEV0296,M090,0
T002578,U271,2026-05-23T06:35:13.234983,18.65,-13.03402,-38.48538,DEV0005,M021,0
T002579,U192,2026-05-22T23:00:05.336840,542.42,-13.02056,-38.44567,DEV0163,M028,0
T002580,U397,2026-05-23T11:57:52.459633,29.38,-30.05471,-51.27549,DEV0349,U099,0
T002581,U451,2026-05-22T22:23:28.176418,174.12,-25.44429,-49.21752,DEV0017,U267,1
T002582,U018,2026-05-23T15:41:44.957307,22.74,-23.46983,-46.58862,DEV0346,M044,0
T002583,U347,2026-05-23T02:13:59.412509,394.44,-22.89642,-43.14902,DEV0517,M049,0
T002584,U019,2026-05-23T10:41:52.792826,117.84,-25.45882,-49.25297,DEV0092,M066,0
T002585,U370,2026-05-23T01:43:19.535922,37.83,-13.00373,-38.47263,DEV0431,M064,0
T002586,U446,2026-05-23T14:00:04.615068,41.43,-23.5497,-46.57785,DEV0641,U052,0
T002587,U031,2026-05-23T03:46:27.891648,4517.05,-25.40926,-49.28484,DEV0493,M012,1
T002588,U256,2026-05-22T20:07:04.887371,62.71,-15.7134,-47.91587,DEV0335,M079,0
T002589,U427,2026-05-22T23:19:15.223110,19.26,-15.77703,-47.94481,DEV0378,U162,0
T002590,U371,2026-05-22T20:56:25.997875,305.95,-23.59059,-46.60615,DEV0202,M055,0
T002591,U216,2026-05-23T05:49:28.826941,62.88,-23.59478,-46.62072,DEV0402,M003,0
T002592,U228,2026-05-23T09:24:20.732642,33.68,-15.74886,-47.90688,DEV0594,M041,0
T002593,U337,2026-05-22T16:39:55.508073,16.96,-30.01955,-51.25751,DEV0575,M024,0
T002594,U231,2026-05-23T02:22:36.954077,154.34,-12.86318,-38.60965,DEV0119,M068,0
T002595,U117,2026-05-23T01:58:16.903997,129.14,-22.85131,-43.17848,DEV0793,U494,0
T002596,U210,2026-05-22T16:26:58.692634,12.95,-30.05119,-51.17839,DEV0508,M080,0
T002597,U457,2026-05-22T17:01:24.205259,215.52,-30.01407,-51.21722,DEV0571,M011,0
T002598,U122,2026-05-23T10:27:01.201314,133.97,-23.5295,-46.66315,DEV0104,M068,0
T002599,U059,2026-05-24T01:22:09.181676,9.78,-23.56312,-46.66837,DEV0259,M029,0
T002600,U122,2026-05-23T10:28:17.441090,59.65,-23.51788,-46.59918,DEV0104,U377,0
T002601,U083,2026-05-23T19:12:22.984598,17.91,-19.9662,-43.95831,DEV0473,M013,0
T002602,U206,2026-05-23T10:08:12.051653,122.66,-13.0213,-38.45253,DEV0653,M014,0
T002603,U049,2026-05-23T03:29:03.319181,14.48,-30.04887,-51.20644,DEV0749,M005,0
T002604,U448,2026-05-23T09:54:06.104917,55.0,-29.96432,-51.22074,DEV0131,U298,0
T002605,U338,2026-05-23T21:48:57.341661,151.05,-23.57075,-46.67322,DEV0145,M084,0
T002606,U495,2026-05-23T15:44:37.583161,3.77,-19.97588,-43.911,DEV0226,M093,0
T002607,U161,2026-05-22T19:23:07.646578,3.42,-30.08353,-51.27277,DEV0258,M051,0
T002608,U359,2026-05-22T23:01:57.612643,92.58,-15.76552,-47.89802,DEV0210,M048,0
T002609,U263,2026-05-23T04:24:09.882954,28.25,-12.93016,-38.54331,DEV0450,M087,0
T002610,U048,2026-05-22T21:08:54.866397,11.76,-25.42665,-49.27998,DEV0734,M094,0
T002611,U297,2026-05-23T07:24:57.856606,196.32,-23.57174,-46.66649,DEV0748,M046,0
T002612,U330,2026-05-23T06:10:39.626954,28.21,-23.61555,-46.5927,DEV0229,M039,0
T002613,U166,2026-05-22T19:42:34.065867,64771.91,-23.01416,-43.12298,DEV0043,U323,1
T002614,U242,2026-05-22T21:32:27.644901,12.59,-23.54897,-46.60301,DEV0085,U257,0
T002615,U077,2026-05-24T04:58:09.017265,10.18,-15.76652,-47.92352,DEV0464,M034,0
T002616,U480,2026-05-22T14:32:58.043993,71886.92,-25.40699,-49.34959,DEV0239,U498,1
T002617,U031,2026-05-23T20:43:18.021229,5.27,-25.35624,-49.26267,DEV0493,M085,0
T002618,U474,2026-05-22T21:21:18.985146,312.22,-22.88972,-43.18746,DEV0311,M031,0
T002619,U459,2026-05-23T23:55:57.779033,178.63,-22.96571,-43.21712,DEV0016,M004,0
T002620,U412,2026-05-22T17:30:51.732665,29.59,-25.38309,-49.26458,DEV0532,U270,0
T002621,U440,2026-05-22T17:37:09.224040,424.75,-15.73518,-47.94375,DEV0406,U219,0
T002622,U399,2026-05-23T10:24:36.963903,4.8,-30.01735,-51.2643,DEV0443,M082,0
T002623,U317,2026-05-23T00:29:58.047788,601.67,-13.05067,-38.47652,DEV0139,U192,0
T002624,U076,2026-05-22T21:58:25.799694,29.74,-23.53207,-46.62208,DEV0201,U334,0
T002625,U334,2026-05-23T06:40:47.081744,361.46,-22.90225,-43.20111,DEV0089,M017,0
T002626,U021,2026-05-23T05:58:07.113224,405.93,-30.01268,-51.29445,DEV0035,U127,0
T002627,U246,2026-05-23T07:44:44.823080,140.4,-25.47335,-49.23472,DEV0492,M030,1
T002628,U121,2026-05-22T18:35:34.757826,46.29,-19.94348,-43.89792,DEV0490,U394,0
T002629,U123,2026-05-23T00:15:34.045633,5.7,-19.93601,-43.91574,DEV0246,M057,0
T002630,U119,2026-05-23T03:29:11.627585,7.84,-15.78971,-47.93663,DEV0792,M060,0
T002631,U218,2026-05-23T07:01:57.197040,10.28,-23.57284,-46.56982,DEV0373,M058,0
T002632,U152,2026-05-23T07:02:52.130087,606.0,-23.57808,-46.63065,DEV0094,M001,0
T002633,U050,2026-05-23T00:32:29.208690,864.91,-12.94764,-38.46188,DEV0036,U059,0
T002634,U241,2026-05-22T19:10:24.785596,524.34,-13.01923,-38.46555,DEV0714,M093,0
T002635,U288,2026-05-23T04:52:19.539206,15.83,-22.92026,-43.20697,DEV0506,M037,0
T002636,U077,2026-05-24T07:27:10.245951,2.76,-15.74618,-47.93328,DEV0464,M036,0
T002637,U157,2026-05-23T04:44:17.371688,16.32,-22.89751,-43.14109,DEV0758,M066,0
T002638,U235,2026-05-23T01:27:16.480177,136.68,-19.86636,-43.84413,DEV0795,M012,0
T002639,U362,2026-05-23T04:26:35.619405,31.04,-13.03563,-38.45504,DEV0127,U120,0
T002640,U068,2026-05-23T06:31:18.012155,19.28,-25.47871,-49.20441,DEV0566,M004,0
T002641,U028,2026-05-22T20:50:00.687566,35.17,-25.41327,-49.3776,DEV0702,U410,0
T002642,U249,2026-05-22T23:23:05.127489,123.97,-25.48846,-49.26953,DEV0054,U105,0
T002643,U069,2026-05-23T08:42:12.987134,91.88,-23.49212,-46.60924,DEV0385,M029,0
T002644,U280,2026-05-23T04:08:59.658108,222.62,-23.60928,-46.61011,DEV0008,M032,0
T002645,U255,2026-05-23T05:54:34.661986,472.73,-22.95471,-43.25253,DEV0306,M078,0
T002646,U267,2026-05-22T19:28:49.933030,123.08,-25.36653,-49.18218,DEV0360,M007,0
T002647,U400,2026-05-22T20:43:26.380743,97.9,-15.79207,-47.92049,DEV0761,U312,0
T002648,U214,2026-05-23T03:02:44.642763,1666.72,-12.95157,-38.5197,DEV0203,M060,0
T002649,U271,2026-05-23T09:05:35.373694,181.52,-13.01573,-38.54006,DEV0005,M062,0
T002650,U456,2026-05-23T01:20:10.314526,37.22,-23.57018,-46.51647,DEV0466,M026,0
T002651,U039,2026-05-23T06:43:01.905272,9.48,-30.07374,-51.18965,DEV0574,U277,0
T002652,U405,2026-05-22T23:04:04.701103,313.6,-15.73197,-47.9271,DEV0469,M013,0
T002653,U296,2026-05-23T15:21:11.168893,347.61,-29.97206,-51.24884,DEV0470,U125,0
T002654,U348,2026-05-22T23:06:50.649420,538.21,-23.57617,-46.56616,DEV0118,U005,0
T002655,U125,2026-05-22T22:11:31.305205,127.96,-20.06721,-43.95474,DEV0408,M067,0
T002656,U341,2026-05-22T23:36:55.543537,105.13,-30.02721,-51.34427,DEV0179,M004,0
T002657,U310,2026-05-23T10:00:09.636085,593.19,-19.86795,-44.01064,DEV0574,M016,0
T002658,U349,2026-05-23T03:05:42.301590,65.44,-30.0776,-51.13686,DEV0228,M062,0
T002659,U271,2026-05-23T09:48:09.243610,305.15,-12.99635,-38.58943,DEV0005,M084,0
T002660,U425,2026-05-23T08:51:53.371001,158.69,-22.93231,-43.23166,DEV0356,M081,0
T002661,U197,2026-05-22T20:45:01.626679,88.95,-23.55644,-46.60824,DEV0795,M037,0
T002662,U076,2026-05-23T05:38:17.657080,408.62,-23.57471,-46.5638,DEV0201,M022,0
T002663,U001,2026-05-22T21:58:07.833142,276.02,-30.03395,-51.23306,DEV0436,U467,0
T002664,U417,2026-05-22T18:17:29.691734,111.08,-19.813,-43.86763,DEV0727,M099,0
T002665,U351,2026-05-23T00:32:16.428058,4744.41,-12.93478,-38.52694,DEV0157,U437,1
T002666,U403,2026-05-23T04:09:13.965155,169.73,-19.9173,-43.9345,DEV0288,M021,1
T002667,U047,2026-05-22T16:06:52.815001,171.14,-23.48377,-46.71407,DEV0564,M052,0
T002668,U062,2026-05-22T19:53:16.032314,31.42,-29.98775,-51.19593,DEV0374,U238,0
T002669,U287,2026-05-22T15:41:58.822567,67.23,-19.94449,-44.01225,DEV0751,M038,0
T002670,U194,2026-05-22T20:22:32.399037,238.39,-23.58311,-46.62433,DEV0074,M084,0
T002671,U464,2026-05-23T02:00:26.393352,510.64,-30.12707,-51.23353,DEV0372,U478,0
T002672,U500,2026-05-22T19:48:57.742159,8.19,-13.0017,-38.49944,DEV0490,M004,0
T002673,U392,2026-05-23T00:46:41.409945,91.84,-19.89596,-43.96877,DEV0644,M021,0
T002674,U044,2026-05-22T23:43:07.819099,284.7,-15.8244,-48.02281,DEV0795,M001,0
T002675,U362,2026-05-23T06:51:30.813512,50.44,-12.99667,-38.44995,DEV0127,U309,0
T002676,U113,2026-05-23T11:23:58.309474,2532.87,-23.5084,-46.59667,DEV0302,M027,0
T002677,U219,2026-05-22T18:53:52.935446,79.72,-19.92183,-43.90659,DEV0656,M085,0
T002678,U176,2026-05-22T22:44:18.035646,92922.47,-19.85419,-43.9687,DEV0689,M076,1
T002679,U356,2026-05-22T17:04:58.911720,96.8,-22.81529,-43.19829,DEV0550,M018,0
T002680,U144,2026-05-22T21:05:52.903504,62.4,-13.04747,-38.47477,DEV0641,U027,0
T002681,U017,2026-05-22T19:53:14.423416,339.85,-25.42345,-49.26484,DEV0014,M016,0
T002682,U429,2026-05-23T10:37:18.585604,26.1,-23.59938,-46.58186,DEV0287,M078,0
T002683,U167,2026-05-22T20:13:33.178832,33.68,-12.918,-38.46383,DEV0012,M073,0
T002684,U472,2026-05-22T18:44:20.417546,226.91,-13.00515,-38.44153,DEV0722,M100,0
T002685,U206,2026-05-23T11:45:07.441443,86.16,-12.93569,-38.40558,DEV0653,U327,0
T002686,U158,2026-05-22T22:24:48.668347,16.09,-22.89398,-43.14371,DEV0180,M049,0
T002687,U306,2026-05-23T01:14:50.157963,245.48,-12.91281,-38.47649,DEV0548,U284,0
T002688,U433,2026-05-23T00:14:06.108229,87.83,-15.75057,-47.99965,DEV0576,U497,0
T002689,U458,2026-05-22T21:40:40.134412,4.58,-12.98511,-38.51759,DEV0538,M014,0
T002690,U155,2026-05-23T06:29:27.845899,54.12,-30.13075,-51.22152,DEV0612,M035,0
T002691,U416,2026-05-23T03:07:32.550431,44.68,-23.51867,-46.6576,DEV0714,M054,0
T002692,U364,2026-05-22T21:23:57.944195,128.3,-15.75242,-47.90582,DEV0051,U316,0
T002693,U228,2026-05-23T15:55:33.506280,86047.57,-15.88457,-47.92699,DEV0594,M084,1
T002694,U242,2026-05-23T00:44:55.730272,58.54,-23.57609,-46.55599,DEV0085,M047,0
T002695,U206,2026-05-23T12:25:24.750473,70.46,-13.03569,-38.53042,DEV0653,U357,0
T002696,U261,2026-05-22T19:27:47.556436,187.95,-23.51842,-46.65317,DEV0330,M034,0
T002697,U019,2026-05-23T13:13:08.581975,55.39,-25.46292,-49.25125,DEV0092,M024,0
T002698,U257,2026-05-22T22:27:16.060892,209.48,-30.04388,-51.29605,DEV0308,U381,0
T002699,U157,2026-05-23T05:25:23.618186,409.09,-22.81344,-43.2511,DEV0758,M017,0
T002700,U424,2026-05-23T06:08:58.624239,156.99,-15.7361,-47.96347,DEV0146,U251,0
T002701,U147,2026-05-23T09:07:19.988944,235.4,-12.99035,-38.46091,DEV0272,M078,0
T002702,U362,2026-05-23T07:41:59.566564,78.6,-12.94426,-38.38509,DEV0127,M089,0
T002703,U481,2026-05-23T04:43:08.794742,292.78,-15.62653,-48.03806,DEV0359,M074,0
T002704,U342,2026-05-23T03:26:18.616835,647.38,-25.34941,-49.18972,DEV0015,M061,0
T002705,U324,2026-05-23T04:52:33.158726,679.66,-15.76054,-47.96193,DEV0095,M057,0
T002706,U323,2026-05-23T12:30:19.088614,95.88,-19.93879,-43.98951,DEV0550,U473,0
T002707,U096,2026-05-22T22:03:51.799602,402.9,-22.92194,-43.13988,DEV0338,U103,0
T002708,U328,2026-05-23T05:23:35.166551,623.42,-23.51524,-46.5967,DEV0296,M036,0
T002709,U463,2026-05-23T12:17:15.863220,126.78,-22.99816,-43.23395,DEV0727,M048,0
T002710,U066,2026-05-22T18:56:21.997728,945.94,-12.97052,-38.45951,DEV0625,M018,0
T002711,U167,2026-05-23T03:21:27.700906,12.14,-12.93317,-38.58014,DEV0012,U293,0
T002712,U205,2026-05-23T05:46:05.329891,309.81,-19.84188,-43.97094,DEV0039,M007,0
T002713,U375,2026-05-22T21:00:41.330929,53.03,-19.76247,-44.01297,DEV0418,M027,0
T002714,U042,2026-05-23T13:05:57.316775,50.4,-13.06663,-38.48368,DEV0462,M017,0
T002715,U141,2026-05-23T06:18:23.485776,23.8,-25.4476,-49.28006,DEV0058,U385,0
T002716,U026,2026-05-22T20:26:00.685206,86.26,-15.75213,-47.91126,DEV0270,M016,0
T002717,U205,2026-05-23T10:53:42.747335,113.63,-19.95342,-43.96343,DEV0039,M079,0
T002718,U169,2026-05-23T06:32:57.687857,3.6,-19.83977,-44.00434,DEV0727,M099,0
T002719,U461,2026-05-23T02:44:43.266488,22.82,-22.91236,-43.20478,DEV0391,M045,0
T002720,U094,2026-05-22T21:59:42.277012,29.81,-15.81454,-47.87495,DEV0227,M036,0
T002721,U305,2026-05-22T14:25:23.227830,3.8,-30.00262,-51.13289,DEV0243,M096,0
T002722,U477,2026-05-23T05:44:13.874319,20.47,-19.98905,-43.95766,DEV0039,M072,0
T002723,U462,2026-05-23T03:48:04.027304,91.01,-12.98867,-38.51876,DEV0519,M084,0
T002724,U365,2026-05-23T15:21:40.691157,121.54,-23.53972,-46.61152,DEV0726,U479,0
T002725,U500,2026-05-22T23:16:30.121473,235.57,-12.96543,-38.52519,DEV0490,M056,0
T002726,U343,2026-05-23T16:54:07.932437,169.26,-23.53731,-46.65303,DEV0478,U239,0
T002727,U269,2026-05-23T05:32:43.817696,667.56,-19.81571,-43.90072,DEV0093,U309,0
T002728,U466,2026-05-23T06:20:54.689308,116.09,-23.51863,-46.62482,DEV0526,U217,0
T002729,U129,2026-05-23T06:58:38.609734,160.32,-22.83936,-43.2761,DEV0800,M099,0
T002730,U384,2026-05-22T23:10:58.873015,111.15,-29.95246,-51.22166,DEV0769,U286,0
T002731,U036,2026-05-22T17:32:46.756753,189.71,-12.91577,-38.45742,DEV0490,M067,0
T002732,U018,2026-05-23T16:06:19.538180,89.04,-23.61849,-46.69144,DEV0346,M076,0
T002733,U203,2026-05-22T21:16:52.412519,133.07,-19.96167,-44.04783,DEV0445,M009,0
T002734,U328,2026-05-23T12:11:23.808778,197.5,-23.48403,-46.64688,DEV0296,M082,0
T002735,U319,2026-05-22T21:06:28.669747,164.21,-22.94091,-43.16192,DEV0010,M075,0
T002736,U205,2026-05-23T14:29:25.507418,2.41,-19.95746,-44.02517,DEV0039,U013,0
T002737,U442,2026-05-23T06:46:44.156523,84.5,-25.44214,-49.26821,DEV0467,M093,0
T002738,U342,2026-05-23T05:14:48.938528,145.25,-25.415,-49.28673,DEV0015,U330,0
T002739,U377,2026-05-22T20:08:36.363865,89.14,-23.55937,-46.66537,DEV0180,M014,0
T002740,U265,2026-05-22T23:07:20.054326,78.77,-19.87824,-43.8773,DEV0111,M095,0
T002741,U425,2026-05-23T13:11:18.553498,89.99,-22.85164,-43.1745,DEV0356,U152,0
T002742,U164,2026-05-23T01:22:38.481550,558.95,-12.9763,-38.45473,DEV0691,M057,0
T002743,U151,2026-05-23T03:50:40.060305,4.62,-15.84006,-47.89172,DEV0220,U258,0
T002744,U113,2026-05-23T12:49:19.539836,349.25,-23.55152,-46.69618,DEV0302,M085,0
T002745,U138,2026-05-22T21:33:52.744687,557.71,-30.11281,-51.20646,DEV0656,M078,0
T002746,U165,2026-05-23T00:37:07.866369,41.38,-25.35546,-49.26666,DEV0577,M006,0
T002747,U018,2026-05-23T03:20:20.473685,3003.39,-23.57657,-46.59333,DEV0346,M032,1
T002748,U110,2026-05-23T08:32:15.304584,25.58,-25.35095,-49.19899,DEV0158,M099,0
T002749,U106,2026-05-23T04:49:30.640029,3.73,-15.78713,-47.93262,DEV0609,U426,0
T002750,U306,2026-05-23T01:59:00.585261,1886.83,-13.02186,-38.39046,DEV0548,M065,0
T002751,U355,2026-05-22T22:16:17.885956,8.73,-13.01349,-38.45257,DEV0660,M054,0
T002752,U046,2026-05-23T10:10:02.927652,423.14,-19.90797,-43.98882,DEV0575,M023,0
T002753,U476,2026-05-22T21:16:59.601121,17.43,-12.96113,-38.47441,DEV0141,M090,0
T002754,U237,2026-05-22T22:10:19.295145,39.89,-30.03751,-51.15788,DEV0385,M067,0
T002755,U137,2026-05-23T11:39:46.932681,81.54,-12.95148,-38.53565,DEV0350,M059,0
T002756,U444,2026-05-22T20:37:19.688681,73.17,-22.87544,-43.18493,DEV0201,U117,0
T002757,U402,2026-05-23T05:05:55.231863,57.01,-29.99671,-51.26719,DEV0264,M014,0
T002758,U146,2026-05-23T01:06:41.621879,58.75,-15.74481,-47.88796,DEV0118,M025,0
T002759,U156,2026-05-23T05:31:32.798632,116.49,-15.8292,-47.94348,DEV0357,M081,0
T002760,U088,2026-05-23T05:25:43.719334,116.84,-13.01066,-38.46392,DEV0037,M039,0
T002761,U329,2026-05-22T23:36:18.984054,53.14,-25.44668,-49.29371,DEV0349,M084,0
T002762,U475,2026-05-23T05:27:15.108597,29.43,-22.83052,-43.097,DEV0414,U344,0
T002763,U323,2026-05-23T17:28:53.116475,1.98,-19.93362,-43.91303,DEV0550,M041,0
T002764,U397,2026-05-23T16:25:52.119637,250.98,-29.93486,-51.25141,DEV0349,M019,0
T002765,U114,2026-05-23T06:46:04.936670,208.14,-19.88798,-43.89695,DEV0700,M061,0
T002766,U204,2026-05-23T06:52:22.383652,91.23,-29.98476,-51.21155,DEV0091,U037,0
T002767,U405,2026-05-22T23:09:46.247980,3.42,-15.78623,-47.97013,DEV0469,M088,0
T002768,U343,2026-05-23T19:05:26.701579,114.26,-23.6082,-46.69579,DEV0478,M071,0
T002769,U111,2026-05-22T21:32:04.632074,117.2,-12.96547,-38.51017,DEV0518,M078,0
T002770,U035,2026-05-22T19:04:39.082203,61.8,-19.91743,-43.91394,DEV0419,U307,0
T002771,U163,2026-05-22T19:53:04.114280,2.24,-19.881,-43.85987,DEV0380,M005,0
T002772,U380,2026-05-23T12:23:34.820975,104.28,-22.9059,-43.24542,DEV0469,U362,0
T002773,U363,2026-05-23T11:02:51.024301,41.22,-25.48909,-49.23012,DEV0799,M040,0
T002774,U352,2026-05-23T05:44:23.591628,142.16,-25.49779,-49.21637,DEV0685,M088,0
T002775,U099,2026-05-23T03:19:02.421063,28.31,-15.7417,-47.98188,DEV0277,M025,0
T002776,U175,2026-05-22T23:32:01.896544,336.89,-25.39487,-49.33025,DEV0394,M062,0
T002777,U114,2026-05-23T08:14:21.087472,575.04,-19.93472,-43.92488,DEV0700,M031,0
T002778,U330,2026-05-23T07:24:54.939697,182.88,-23.46555,-46.62817,DEV0229,M036,0
T002779,U246,2026-05-23T10:33:57.190801,60.86,-25.45237,-49.3247,DEV0095,U067,0
T002780,U167,2026-05-23T05:02:03.553225,14.44,-13.08234,-38.50909,DEV0012,M091,0
T002781,U112,2026-05-23T00:35:13.906321,69.42,-23.5782,-46.59683,DEV0037,M024,0
T002782,U238,2026-05-23T06:07:16.261558,258.56,-30.0271,-51.2673,DEV0518,M087,1
T002783,U233,2026-05-22T20:14:26.711697,39.53,-30.09101,-51.14723,DEV0177,M015,0
T002784,U350,2026-05-22T21:55:19.332165,15.27,-25.39621,-49.30351,DEV0696,M075,0
T002785,U472,2026-05-22T18:50:04.519510,192.12,-12.96813,-38.57633,DEV0722,M093,0
T002786,U292,2026-05-22T19:45:42.672728,11.22,-22.86693,-43.25752,DEV0126,M067,0
T002787,U043,2026-05-22T19:58:25.544160,13.58,-13.03383,-38.49106,DEV0218,M010,0
T002788,U120,2026-05-23T03:34:58.438769,36.6,-30.06276,-51.0997,DEV0663,M005,0
T002789,U124,2026-05-23T09:28:41.944188,104.22,-12.96488,-38.49716,DEV0682,U320,0
T002790,U231,2026-05-23T04:46:57.351567,125.4,-12.90376,-38.46346,DEV0119,U210,0
T002791,U137,2026-05-23T17:30:34.308795,98.66,-13.08337,-38.42418,DEV0350,M088,0
T002792,U027,2026-05-22T23:04:31.553342,266.23,-30.03466,-51.17122,DEV0456,M028,0
T002793,U329,2026-05-23T00:25:06.697687,4.53,-25.45921,-49.29293,DEV0349,M080,0
T002794,U016,2026-05-23T03:19:08.106804,621.76,-30.06402,-51.24701,DEV0274,M044,0
T002795,U071,2026-05-22T04:50:21.571162,3081.19,-15.8263,-47.82338,DEV0416,M032,1
T002796,U359,2026-05-23T00:36:27.016403,107.19,-15.83102,-47.98392,DEV0210,U181,0
T002797,U155,2026-05-23T06:42:22.804229,25.67,-29.92979,-51.24163,DEV0612,M029,0
T002798,U435,2026-05-22T18:56:01.075827,4.91,-13.00525,-38.4535,DEV0292,M097,0
T002799,U481,2026-05-23T04:56:40.866586,98.95,-15.81819,-47.9265,DEV0359,M079,0
T002800,U013,2026-05-23T02:57:51.337409,143.8,-15.78409,-47.977,DEV0563,M099,0
T002801,U179,2026-05-23T09:49:47.376891,60.32,-23.6109,-46.62629,DEV0695,M047,0
T002802,U229,2026-05-22T22:07:33.579500,5.66,-12.91658,-38.529,DEV0450,M074,0
T002803,U461,2026-05-23T04:23:53.035566,2.44,-22.95616,-43.21774,DEV0391,M015,0
T002804,U378,2026-05-23T02:39:26.503427,1061.08,-23.6207,-46.56556,DEV0177,M021,0
T002805,U205,2026-05-23T16:27:07.718300,97.0,-19.93865,-44.00494,DEV0039,M073,0
T002806,U292,2026-05-22T21:06:35.373502,27.68,-22.90776,-43.1378,DEV0126,M093,0
T002807,U119,2026-05-23T07:47:51.242558,56.61,-15.75783,-47.94411,DEV0792,M056,0
T002808,U339,2026-05-22T22:11:32.450921,1.44,-30.07695,-51.2031,DEV0616,M033,0
T002809,U359,2026-05-23T01:09:44.441535,252.51,-15.74262,-47.94291,DEV0210,U158,0
T002810,U309,2026-05-23T02:28:43.097439,59.61,-15.69523,-47.97045,DEV0606,M020,0
T002811,U229,2026-05-22T23:15:31.835432,30.52,-12.98082,-38.52196,DEV0450,M012,0
T002812,U189,2026-05-23T18:19:20.149135,266.36,-29.92955,-51.21937,DEV0144,M053,0
T002813,U071,2026-05-22T18:22:48.636114,309.55,-15.76548,-47.94732,DEV0416,M084,0
T002814,U472,2026-05-22T20:36:47.027312,44.11,-13.03957,-38.43082,DEV0722,U011,0
T002815,U414,2026-05-23T02:06:07.368538,118.17,-22.87077,-43.28715,DEV0053,M001,0
T002816,U172,2026-05-22T23:28:06.316379,18.96,-22.92066,-43.17973,DEV0501,M093,0
T002817,U495,2026-05-23T15:56:57.719800,20.12,-19.87947,-43.96314,DEV0226,M021,0
T002818,U076,2026-05-23T07:24:55.020753,22.33,-23.56054,-46.61296,DEV0201,M009,0
T002819,U367,2026-05-22T19:16:51.766267,24.77,-15.79178,-47.86978,DEV0420,M079,0
T002820,U096,2026-05-22T23:12:45.922398,4444.81,-22.84628,-43.19159,DEV0338,M051,1
T002821,U341,2026-05-23T03:22:20.726909,143.04,-30.0748,-51.17781,DEV0179,M050,0
T002822,U076,2026-05-23T08:52:59.926160,91.34,-23.56451,-46.66124,DEV0201,U131,0
T002823,U483,2026-05-23T17:35:37.367552,46.47,-15.73375,-47.96299,DEV0376,M002,0
T002824,U057,2026-05-22T19:38:06.591622,13.97,-15.71575,-47.88742,DEV0225,M037,0
T002825,U260,2026-05-23T12:39:51.144869,49.81,-12.92367,-38.43863,DEV0797,M004,0
T002826,U146,2026-05-23T01:45:46.855666,32.36,-15.81686,-47.93696,DEV0118,U473,0
T002827,U167,2026-05-23T05:14:20.255457,58.26,-12.93053,-38.47694,DEV0012,M045,0
T002828,U373,2026-05-23T06:12:47.624459,218.94,-30.06391,-51.26283,DEV0244,M019,0
T002829,U272,2026-05-23T10:35:26.633684,53.73,-22.80001,-43.20628,DEV0534,M009,0
T002830,U301,2026-05-22T15:47:45.758477,8.57,-13.00676,-38.49767,DEV0662,U091,0
T002831,U300,2026-05-23T13:47:40.757429,213.88,-19.91746,-43.85479,DEV0741,U085,0
T002832,U166,2026-05-22T22:35:10.774446,40.9,-22.84292,-43.14736,DEV0043,U076,0
T002833,U319,2026-05-22T21:18:18.279752,95559.29,-22.84824,-43.18826,DEV0010,M080,1
T002834,U244,2026-05-23T01:55:37.758828,5.81,-12.97984,-38.33804,DEV0772,M015,0
T002835,U049,2026-05-23T06:18:48.624367,22.01,-23.5505,-46.6333,DEV0749,U478,1
T002836,U157,2026-05-23T05:32:43.628767,189.83,-22.83758,-43.11863,DEV0758,M009,0
T002837,U077,2026-05-24T09:00:24.391913,136.7,-15.82941,-47.97127,DEV0464,M098,1
T002838,U308,2026-05-23T11:47:13.702528,4.31,-19.94079,-43.94143,DEV0004,M037,0
T002839,U226,2026-05-23T04:43:37.553054,30.92,-23.5676,-46.57771,DEV0724,U114,0
T002840,U151,2026-05-23T05:16:02.322649,39.08,-15.76956,-47.87691,DEV0220,M015,0
T002841,U159,2026-05-23T01:41:07.832437,175.57,-22.82829,-43.29588,DEV0659,M042,0
T002842,U476,2026-05-22T21:23:05.760271,121.53,-12.93722,-38.5027,DEV0141,M038,0
T002843,U371,2026-05-23T02:14:27.499707,108.11,-23.60713,-46.62954,DEV0202,U457,0
T002844,U207,2026-05-22T19:30:14.059336,109.55,-15.81481,-47.97952,DEV0058,U368,0
T002845,U263,2026-05-23T05:33:50.756874,87.46,-13.07076,-38.52472,DEV0450,M053,0
T002846,U074,2026-05-22T21:04:13.657718,268.62,-12.98406,-38.39775,DEV0610,M074,0
T002847,U295,2026-05-23T02:18:00.651655,60.15,-12.96262,-38.57955,DEV0146,M036,0
T002848,U202,2026-05-23T03:22:12.424333,10.45,-25.36546,-49.25808,DEV0070,M055,0
T002849,U011,2026-05-22T23:15:36.296725,737.69,-22.92433,-43.1967,DEV0476,M056,0
T002850,U484,2026-05-23T01:04:42.837155,257.73,-25.40032,-49.28481,DEV0146,M083,0
T002851,U033,2026-05-22T18:55:33.043688,138.79,-23.46091,-46.66046,DEV0344,M018,0
T002852,U289,2026-05-23T06:54:34.315457,10.4,-19.907,-43.88189,DEV0015,M076,0
T002853,U409,2026-05-23T13:24:20.289511,8.02,-22.86412,-43.18897,DEV0514,M003,0
T002854,U282,2026-05-23T05:45:08.060652,266.97,-30.05278,-51.24024,DEV0056,M023,0
T002855,U442,2026-05-23T11:06:04.611454,338.31,-25.46828,-49.29743,DEV0467,M041,0
T002856,U060,2026-05-22T21:12:48.402405,68.86,-19.93482,-43.90149,DEV0649,M076,0
T002857,U014,2026-05-23T05:32:24.825254,16.8,-25.4403,-49.25454,DEV0505,M040,0
T002858,U143,2026-05-23T04:54:28.454045,169.93,-30.11589,-51.20453,DEV0127,M016,0
T002859,U003,2026-05-22T22:12:35.472635,30.15,-29.94643,-51.17055,DEV0122,U155,0
T002860,U415,2026-05-22T17:30:48.573100,19.75,-25.3365,-49.25092,DEV0506,M056,0
T002861,U110,2026-05-23T10:25:40.541645,121.64,-25.37789,-49.24108,DEV0158,M082,0
T002862,U417,2026-05-22T22:30:59.999198,272.88,-19.92655,-44.0308,DEV0727,U153,0
T002863,U269,2026-05-23T10:50:57.196741,636.04,-19.8819,-43.83535,DEV0093,M036,0
T002864,U490,2026-05-23T00:11:51.840761,173.84,-30.04667,-51.23215,DEV0302,U284,0
T002865,U440,2026-05-22T18:43:08.983934,105.88,-15.72524,-47.88571,DEV0406,M100,0
T002866,U435,2026-05-22T20:00:49.740794,398.08,-12.93068,-38.35154,DEV0292,M051,0
T002867,U092,2026-05-22T21:22:46.439745,651.45,-25.44964,-49.32433,DEV0587,M038,0
T002868,U198,2026-05-22T19:04:46.586966,4.91,-30.0346,-51.2177,DEV0029,M064,1
T002869,U204,2026-05-23T09:29:12.737186,1.81,-30.02026,-51.15144,DEV0091,M019,0
T002870,U418,2026-05-23T00:34:09.513591,3.6,-23.58986,-46.60926,DEV0115,M042,0
T002871,U410,2026-05-22T20:12:45.152953,94.67,-12.91374,-38.56848,DEV0523,U404,0
T002872,U266,2026-05-23T01:47:22.573818,295.86,-30.06619,-51.13475,DEV0095,U040,0
T002873,U074,2026-05-23T00:43:07.128676,247.27,-13.00498,-38.57852,DEV0610,M094,0
T002874,U290,2026-05-22T21:57:48.228626,29.73,-29.96846,-51.21114,DEV0485,M063,0
T002875,U083,2026-05-23T22:24:54.890244,18.38,-19.96533,-43.91473,DEV0473,M080,0
T002876,U160,2026-05-23T01:11:23.393765,5000.0,-23.40815,-46.65668,DEV0325,U438,1
T002877,U438,2026-05-23T01:11:33.393765,4950.0,-19.9173,-43.9345,DEV0744,U138,1
T002878,U138,2026-05-23T01:11:43.393765,4900.0,-30.0346,-51.2177,DEV0656,U160,1
T002879,U455,2026-05-23T01:29:47.180750,297.97,-13.00929,-38.55637,DEV0374,U222,0
T002880,U062,2026-05-23T07:19:43.938103,96.48,-30.12285,-51.26,DEV0374,M056,0
T002881,U243,2026-05-22T21:50:08.335507,1229.01,-15.8064,-47.86113,DEV0001,M039,0
T002882,U247,2026-05-22T18:24:01.273913,120.58,-19.9173,-43.9345,DEV0250,M083,1
T002883,U322,2026-05-22T23:54:40.634794,500.76,-12.89447,-38.54749,DEV0329,M015,0
T002884,U387,2026-05-22T19:58:37.220464,5.85,-12.96645,-38.5563,DEV0305,M076,0
T002885,U206,2026-05-23T13:38:51.613674,90.59,-12.96796,-38.44869,DEV0653,M046,0
T002886,U453,2026-05-23T01:21:58.086921,189.12,-15.69365,-47.8506,DEV0592,U013,0
T002887,U379,2026-05-23T10:29:04.978936,21.88,-19.8776,-43.86831,DEV0662,U068,0
T002888,U305,2026-05-22T15:34:02.326175,54.34,-29.99953,-51.26422,DEV0243,M042,0
T002889,U217,2026-05-23T01:42:34.983431,166.89,-23.50679,-46.59653,DEV0526,M038,0
T002890,U005,2026-05-23T01:12:45.375638,114.46,-25.44464,-49.23753,DEV0664,U500,0
T002891,U272,2026-05-23T11:09:21.801404,22.19,-22.90994,-43.1261,DEV0534,U352,0
T002892,U287,2026-05-22T15:55:03.988644,10.46,-19.99531,-43.84177,DEV0751,M049,0
T002893,U050,2026-05-23T07:26:48.255301,117.01,-13.00997,-38.5395,DEV0036,U090,0
T002894,U434,2026-05-22T23:11:33.044039,46.26,-15.75998,-47.93523,DEV0363,U357,0
T002895,U060,2026-05-23T04:05:03.563863,444.32,-19.85842,-43.94301,DEV0649,M012,0
T002896,U275,2026-05-23T02:32:38.032237,45.55,-15.82281,-47.96168,DEV0730,M074,0
T002897,U125,2026-05-22T23:07:45.733135,621.21,-19.88851,-43.9053,DEV0408,M053,0
T002898,U227,2026-05-22T17:59:19.010040,20.09,-12.97824,-38.48749,DEV0558,M035,0
T002899,U067,2026-05-23T09:46:22.595938,189.58,-19.86596,-43.91948,DEV0113,U201,0
T002900,U352,2026-05-23T06:21:04.984467,169.69,-25.28301,-49.23725,DEV0685,M003,0
T002901,U462,2026-05-23T07:02:56.023597,50.67,-12.97646,-38.59592,DEV0519,M036,0
T002902,U008,2026-05-23T02:13:40.403190,6.37,-12.98507,-38.42385,DEV0161,M067,0
T002903,U441,2026-05-22T21:26:14.866199,1.3,-23.48581,-46.56164,DEV0762,M087,0
T002904,U101,2026-05-23T08:51:14.325185,16.3,-23.48263,-46.64179,DEV0688,U270,0
T002905,U494,2026-05-23T04:53:32.030696,13.57,-19.85874,-43.88257,DEV0493,U229,0
T002906,U300,2026-05-23T15:21:39.111207,69.08,-19.80688,-44.03005,DEV0741,U247,0
T002907,U292,2026-05-22T22:41:22.472252,9.09,-22.92476,-43.18835,DEV0126,M033,0
T002908,U288,2026-05-23T05:09:26.814374,78.05,-22.94872,-43.11581,DEV0506,U123,0
T002909,U416,2026-05-23T05:42:46.782355,72.37,-22.9068,-43.1729,DEV0714,M087,1
T002910,U304,2026-05-23T01:24:40.676347,304.49,-30.00708,-51.22266,DEV0664,M098,0
T002911,U066,2026-05-22T19:34:09.428607,670.25,-22.9068,-43.1729,DEV0625,M044,1
T002912,U125,2026-05-22T23:33:08.870398,525.57,-19.87745,-43.8878,DEV0408,M032,0
T002913,U274,2026-05-23T06:34:36.977031,54.7,-22.84882,-43.24757,DEV0046,U384,0
T002914,U288,2026-05-23T05:22:38.675300,55.18,-22.96171,-43.16376,DEV0506,U237,0
T002915,U189,2026-05-23T20:49:32.988273,266.49,-30.0379,-51.19159,DEV0144,M099,0
T002916,U399,2026-05-23T12:20:52.172150,417.0,-30.01757,-51.20936,DEV0443,U452,0
T002917,U042,2026-05-23T13:33:06.703843,113.49,-13.02435,-38.50015,DEV0462,M085,0
T002918,U153,2026-05-22T20:33:18.117194,14.14,-25.49542,-49.28882,DEV0453,U292,0
T002919,U184,2026-05-23T00:45:25.526122,47.49,-23.65714,-46.59048,DEV0076,M009,0
T002920,U196,2026-05-23T05:29:54.379905,54.06,-15.81061,-48.05558,DEV0653,M056,0
T002921,U189,2026-05-23T20:58:22.874933,535.78,-30.02752,-51.18254,DEV0144,U027,0
T002922,U023,2026-05-23T01:06:54.212663,4.13,-22.9282,-43.21309,DEV0390,M088,0
T002923,U240,2026-05-22T17:22:32.973092,71.96,-12.93261,-38.55556,DEV0023,U082,0
T002924,U288,2026-05-23T06:13:31.935980,17.58,-22.85543,-43.25292,DEV0506,M045,0
T002925,U086,2026-05-23T00:40:35.690503,24.62,-23.44016,-46.71763,DEV0572,M044,0
T002926,U394,2026-05-22T21:29:57.430546,94.77,-22.96696,-43.18126,DEV0458,M035,0
T002927,U295,2026-05-23T03:22:03.912929,31.09,-12.94678,-38.52493,DEV0146,M005,0
T002928,U351,2026-05-23T11:59:05.936699,19.06,-13.04848,-38.54656,DEV0157,M062,0
T002929,U186,2026-05-22T18:48:44.518085,26.18,-25.48031,-49.30866,DEV0506,M095,0
T002930,U191,2026-05-22T19:56:34.489036,172.72,-30.0737,-51.16605,DEV0398,M020,0
T002931,U137,2026-05-23T18:29:59.606853,19.22,-12.94317,-38.53487,DEV0350,M038,0
T002932,U228,2026-05-23T16:17:39.378645,35.91,-30.0346,-51.2177,DEV0594,U043,1
T002933,U052,2026-05-22T18:17:39.745402,183.7,-25.48245,-49.35926,DEV0578,U189,0
T002934,U163,2026-05-22T20:01:50.145500,7.64,-19.95776,-43.90337,DEV0380,M006,0
T002935,U082,2026-05-23T08:01:25.794087,145.06,-30.05892,-51.24184,DEV0338,M064,0
T002936,U314,2026-05-23T09:37:52.476344,33.86,-19.86628,-43.906,DEV0724,U498,0
T002937,U498,2026-05-22T21:58:54.737170,21.88,-29.97824,-51.20001,DEV0727,M094,0
T002938,U352,2026-05-23T06:30:31.135627,98.9,-25.44994,-49.3362,DEV0685,M058,0
T002939,U333,2026-05-23T06:44:23.542702,22.55,-15.73692,-47.98448,DEV0132,M089,0
T002940,U432,2026-05-22T23:56:26.966804,131.19,-23.61207,-46.57917,DEV0476,M049,0
T002941,U346,2026-05-23T04:52:07.052090,365.62,-15.72539,-47.86926,DEV0196,M036,0
T002942,U351,2026-05-23T12:47:06.052225,190.1,-12.95972,-38.52315,DEV0157,M078,0
T002943,U459,2026-05-24T00:18:03.547810,1344.09,-22.93535,-43.20037,DEV0016,M065,0
T002944,U385,2026-05-23T00:37:02.205937,66.85,-15.78721,-47.86613,DEV0215,M095,0
T002945,U331,2026-05-22T19:21:33.387569,66.52,-15.72921,-47.94636,DEV0291,M066,0
T002946,U456,2026-05-23T02:39:58.095995,33.65,-23.57647,-46.64383,DEV0466,M035,0
T002947,U224,2026-05-23T02:59:02.511917,79.53,-25.35545,-49.25983,DEV0041,M028,0
T002948,U475,2026-05-23T08:34:34.653119,7.47,-22.90322,-43.27067,DEV0414,M047,0
T002949,U365,2026-05-23T17:30:35.957634,228.09,-23.61819,-46.60205,DEV0726,M063,0
T002950,U247,2026-05-22T19:45:20.626838,31.63,-22.90206,-43.18527,DEV0250,M050,0
T002951,U194,2026-05-22T21:04:27.962605,303.38,-23.50997,-46.66175,DEV0074,M050,0
T002952,U410,2026-05-22T23:57:01.028865,5.16,-12.90759,-38.54216,DEV0523,M078,0
T002953,U064,2026-05-23T00:23:55.829266,478.33,-23.61578,-46.68644,DEV0442,M093,0
T002954,U214,2026-05-23T09:37:58.599243,65.99,-12.97855,-38.4601,DEV0203,M071,0
T002955,U386,2026-05-22T22:53:43.193657,12.75,-19.91427,-43.91406,DEV0318,U263,0
T002956,U328,2026-05-23T13:44:31.808659,114.92,-23.516,-46.55137,DEV0296,U034,0
T002957,U259,2026-05-23T18:27:43.887679,63.24,-30.07192,-51.17621,DEV0106,M070,0
T002958,U456,2026-05-23T06:49:38.481620,107.79,-23.50695,-46.7524,DEV0466,U277,0
T002959,U124,2026-05-23T16:03:48.041255,816.68,-12.98644,-38.51508,DEV0682,M026,0
T002960,U364,2026-05-22T21:34:38.722047,13.56,-15.7505,-47.93016,DEV0051,M085,0
T002961,U035,2026-05-22T19:45:27.379600,21.38,-19.8722,-43.85596,DEV0419,U451,0
T002962,U428,2026-05-22T18:03:59.180846,55.63,-13.05997,-38.49605,DEV0342,M043,0
T002963,U264,2026-05-23T11:33:15.341506,84.92,-19.91307,-43.95558,DEV0043,U424,0
T002964,U074,2026-05-23T02:05:19.378017,203.97,-12.98357,-38.50099,DEV0610,M096,0
T002965,U052,2026-05-22T21:22:59.486473,165.45,-25.38463,-49.26441,DEV0578,M076,0
T002966,U350,2026-05-23T01:41:18.722788,17.22,-25.43324,-49.29472,DEV0696,U381,0
T002967,U038,2026-05-22T18:45:10.029228,8.43,-25.47276,-49.24117,DEV0033,M004,0
T002968,U141,2026-05-23T09:15:16.943167,32.95,-25.38919,-49.27186,DEV0058,M071,0
T002969,U152,2026-05-23T07:54:46.465876,140.36,-23.60702,-46.57488,DEV0094,M059,0
T002970,U438,2026-05-23T02:25:15.684256,34.19,-19.9325,-43.90366,DEV0744,M051,0
T002971,U073,2026-05-23T04:37:38.188620,629.24,-23.49146,-46.65324,DEV0767,M083,0
T002972,U058,2026-05-22T23:59:29.900649,187.07,-19.93293,-43.94282,DEV0633,M037,0
T002973,U170,2026-05-23T01:10:50.090653,56.05,-12.9775,-38.53665,DEV0602,M011,0
T002974,U239,2026-05-23T16:38:01.564167,1098.23,-12.91276,-38.50648,DEV0645,M011,0
T002975,U253,2026-05-23T06:48:53.349743,560.93,-15.76513,-48.03088,DEV0578,U099,0
T002976,U117,2026-05-23T02:30:27.828259,15.46,-22.90882,-43.25142,DEV0793,U322,0
T002977,U121,2026-05-22T21:52:38.077823,89.61,-19.91108,-43.94369,DEV0490,M096,0
T002978,U121,2026-05-23T01:30:46.081798,537.93,-19.97028,-44.05043,DEV0490,U067,0
T002979,U119,2026-05-23T11:01:05.016935,9.87,-15.76378,-47.91494,DEV0792,M042,0
T002980,U399,2026-05-23T15:39:43.936062,51.52,-30.01276,-51.26777,DEV0443,U444,0
T002981,U051,2026-05-23T03:45:11.594510,195.85,-30.02824,-51.19351,DEV0699,U024,0
T002982,U121,2026-05-23T01:34:06.805365,143.88,-19.93225,-43.96444,DEV0490,M042,0
T002983,U250,2026-05-23T07:57:40.154385,216.69,-15.75258,-47.95664,DEV0734,M091,0
T002984,U414,2026-05-23T04:19:43.618127,72.82,-22.92822,-43.23705,DEV0053,M068,0
T002985,U063,2026-05-23T02:09:03.915450,113.41,-23.53499,-46.63949,DEV0692,M009,0
T002986,U206,2026-05-23T14:43:19.660185,24.32,-12.94258,-38.61851,DEV0653,M018,0
T002987,U241,2026-05-22T21:42:48.269297,254.9,-12.97676,-38.47982,DEV0714,U333,0
T002988,U042,2026-05-23T15:41:38.896305,26.96,-13.06579,-38.46627,DEV0462,M033,0
T002989,U205,2026-05-23T17:41:31.893005,421.23,-19.97447,-43.91887,DEV0039,M029,0
T002990,U180,2026-05-23T09:45:34.096146,58.64,-23.47207,-46.65426,DEV0798,M017,0
T002991,U155,2026-05-23T07:38:21.395317,3.78,-29.94498,-51.14742,DEV0612,M042,0
T002992,U258,2026-05-23T00:36:53.128420,124.31,-23.58798,-46.71605,DEV0335,M082,0
T002993,U111,2026-05-23T01:52:03.519193,5.89,-13.04272,-38.44844,DEV0518,M031,0
T002994,U127,2026-05-22T23:15:20.681432,158.04,-23.63017,-46.60377,DEV0776,U413,0
T002995,U442,2026-05-23T12:59:34.486514,298.06,-25.4575,-49.23433,DEV0467,U343,0
T002996,U094,2026-05-23T03:29:32.286065,61.82,-15.75821,-47.85125,DEV0227,M065,0
T002997,U448,2026-05-23T10:01:01.684368,76.29,-29.99543,-51.30226,DEV0131,U260,0
T002998,U214,2026-05-23T15:14:42.996743,15.21,-12.94189,-38.42767,DEV0203,M059,0
T002999,U132,2026-05-23T02:48:48.265337,4.86,-22.95118,-43.20899,DEV0570,M025,0
T003000,U074,2026-05-23T05:16:47.494884,96.5,-12.915,-38.54031,DEV0610,U330,0
T003001,U387,2026-05-22T21:46:31.191866,7.64,-12.9406,-38.54954,DEV0305,M086,0
T003002,U434,2026-05-23T00:49:45.669871,142.01,-15.72125,-47.94673,DEV0363,U285,1
T003003,U118,2026-05-22T22:31:47.053251,257.82,-15.69882,-47.91939,DEV0570,U476,0
T003004,U479,2026-05-23T13:42:00.843955,102.28,-25.40087,-49.22989,DEV0697,M038,1
T003005,U265,2026-05-23T00:54:37.209461,22.05,-19.96876,-44.02724,DEV0111,M007,0
T003006,U432,2026-05-23T03:12:10.581525,218.57,-23.59453,-46.60208,DEV0476,U465,0
T003007,U017,2026-05-22T20:01:06.096290,32.57,-25.36698,-49.30905,DEV0014,M025,0
T003008,U361,2026-05-22T20:33:55.811162,41.59,-25.46679,-49.27945,DEV0356,U120,0
T003009,U129,2026-05-23T14:45:54.913419,159.0,-22.93348,-43.13442,DEV0800,M072,0
T003010,U014,2026-05-23T10:23:41.979920,2.66,-25.36838,-49.30103,DEV0505,U169,0
T003011,U170,2026-05-23T04:43:56.615586,97.98,-12.8937,-38.53053,DEV0602,M068,0
T003012,U176,2026-05-22T23:46:44.795677,412.98,-19.9,-43.92679,DEV0689,M079,0
T003013,U194,2026-05-22T23:30:47.206375,67.61,-23.52567,-46.71679,DEV0074,M074,0
T003014,U151,2026-05-23T09:12:31.668640,10.65,-15.75105,-47.82409,DEV0220,M015,0
T003015,U020,2026-05-23T15:03:45.980025,2.47,-30.01911,-51.18374,DEV0428,M064,0
T003016,U314,2026-05-23T15:40:52.704649,96.55,-19.89312,-43.98963,DEV0724,M086,0
T003017,U067,2026-05-23T10:39:41.229891,43.34,-19.97061,-43.87072,DEV0113,M055,0
T003018,U484,2026-05-23T03:49:50.685819,34.74,-25.48085,-49.25856,DEV0146,U493,0
T003019,U076,2026-05-23T16:40:22.865976,30.78,-23.62038,-46.57462,DEV0201,U417,0
T003020,U380,2026-05-23T12:27:34.020234,118.46,-22.94291,-43.12428,DEV0469,U423,0
T003021,U318,2026-05-23T02:31:32.461491,36.25,-12.89679,-38.54308,DEV0259,M024,0
T003022,U484,2026-05-23T05:30:19.446854,22.91,-25.43336,-49.33599,DEV0146,U393,0
T003023,U280,2026-05-23T07:22:21.812072,127.15,-25.4284,-49.2733,DEV0008,U142,1
T003024,U472,2026-05-22T23:33:18.818761,69.85,-12.94421,-38.53533,DEV0722,U264,0
T003025,U500,2026-05-23T00:35:53.424769,19.15,-12.95651,-38.47836,DEV0490,M093,0
T003026,U206,2026-05-23T14:52:28.575796,67.62,-12.95199,-38.54492,DEV0653,U094,0
T003027,U140,2026-05-23T10:53:35.833653,6.63,-23.55024,-46.66287,DEV0120,M047,0
T003028,U425,2026-05-23T13:45:28.562330,139.81,-22.91487,-43.17641,DEV0356,M086,0
T003029,U011,2026-05-23T01:11:51.808562,1281.47,-22.93682,-43.14449,DEV0476,U432,0
T003030,U233,2026-05-22T21:37:18.825323,12.08,-30.05026,-51.07854,DEV0177,M081,0
T003031,U191,2026-05-22T21:10:05.368919,79.85,-29.89762,-51.1115,DEV0398,U197,0
T003032,U434,2026-05-23T01:22:59.691911,12.45,-15.77111,-47.86694,DEV0363,U110,0
T003033,U387,2026-05-22T22:22:48.171202,15.94,-12.92928,-38.50107,DEV0305,M096,0
T003034,U378,2026-05-23T05:08:23.114376,518.52,-23.60758,-46.68598,DEV0177,M017,0
T003035,U495,2026-05-23T17:42:18.187714,138.6,-19.91368,-43.9597,DEV0226,M017,0
T003036,U015,2026-05-22T22:27:52.044289,135.59,-19.85461,-43.97468,DEV0647,U204,0
T003037,U304,2026-05-23T04:44:34.736302,52.89,-29.98556,-51.2919,DEV0664,U419,0
T003038,U265,2026-05-23T01:33:29.521026,51.25,-19.90494,-43.83552,DEV0111,M058,0
T003039,U461,2026-05-23T07:20:51.268108,3.63,-22.85496,-43.13129,DEV0391,M014,0
T003040,U470,2026-05-23T02:22:58.792128,183.01,-30.11011,-51.18161,DEV0527,M058,0
T003041,U455,2026-05-23T09:38:41.995110,124.22,-12.98434,-38.57085,DEV0374,U239,0
T003042,U079,2026-05-22T20:25:15.417271,69.66,-19.80445,-43.89052,DEV0346,M065,0
T003043,U192,2026-05-23T00:50:08.826477,905.41,-13.02242,-38.40386,DEV0163,M005,0
T003044,U426,2026-05-23T07:30:09.789560,56.16,-22.91629,-43.09489,DEV0017,M082,0
T003045,U070,2026-05-22T23:54:21.209858,5000.0,-22.97676,-43.16451,DEV0053,U073,1
T003046,U073,2026-05-22T23:54:31.209858,4950.0,-23.5505,-46.6333,DEV0767,U195,1
T003047,U195,2026-05-22T23:54:41.209858,4900.0,-23.5505,-46.6333,DEV0253,U070,1
T003048,U322,2026-05-23T01:29:34.379629,3.21,-13.0634,-38.5147,DEV0329,M035,0
T003049,U143,2026-05-23T05:00:31.207566,218.02,-30.02823,-51.28329,DEV0127,M082,0
T003050,U082,2026-05-23T11:40:46.347710,35.18,-29.88808,-51.12541,DEV0338,U133,0
T003051,U010,2026-05-23T02:46:52.433873,232.3,-23.54077,-46.63408,DEV0475,M037,0
T003052,U218,2026-05-23T13:41:29.506550,168.29,-23.5962,-46.70892,DEV0373,M100,0
T003053,U389,2026-05-23T11:39:17.036072,41.4,-22.94177,-43.23279,DEV0769,M077,0
T003054,U278,2026-05-23T15:07:58.491117,79.74,-15.8336,-47.86156,DEV0107,U345,0
T003055,U322,2026-05-23T02:57:33.852542,37.63,-12.96819,-38.50876,DEV0329,U216,0
T003056,U445,2026-05-22T22:22:21.680607,5000.0,-12.88688,-38.45211,DEV0073,U485,1
T003057,U485,2026-05-22T22:22:31.680607,4950.0,-23.5505,-46.6333,DEV0432,U190,1
T003058,U190,2026-05-22T22:22:41.680607,4900.0,-12.9714,-38.5014,DEV0693,U445,1
T003059,U129,2026-05-23T16:02:09.010819,36.27,-22.93112,-43.14292,DEV0800,U365,0
T003060,U074,2026-05-23T05:56:00.285886,371.02,-12.92153,-38.48204,DEV0610,M010,0
T003061,U111,2026-05-23T03:50:08.982245,120.85,-13.05463,-38.48659,DEV0518,M060,0
T003062,U458,2026-05-22T22:57:05.296618,14.13,-12.96158,-38.4535,DEV0538,M096,0
T003063,U112,2026-05-23T02:49:55.611299,250.31,-23.55351,-46.65881,DEV0037,M005,0
T003064,U259,2026-05-23T20:02:14.183261,629.15,-29.99755,-51.16744,DEV0106,M008,0
T003065,U424,2026-05-23T07:51:55.828367,275.93,-15.82691,-47.96968,DEV0146,U377,0
T003066,U462,2026-05-23T07:56:12.430785,123.78,-12.94875,-38.51337,DEV0519,U316,0
T003067,U494,2026-05-23T05:42:57.080205,9.17,-19.80337,-43.94522,DEV0493,M034,0
T003068,U211,2026-05-23T08:00:38.276492,1758.02,-23.558,-46.65557,DEV0117,M088,0
T003069,U341,2026-05-23T04:53:15.334103,241.63,-29.92972,-51.20841,DEV0179,M005,1
T003070,U161,2026-05-22T19:40:46.895970,6.77,-30.05218,-51.20559,DEV0258,M044,0
T003071,U164,2026-05-23T01:33:05.272000,235.57,-12.99833,-38.51537,DEV0691,U016,0
T003072,U379,2026-05-23T11:35:22.646402,21.88,-19.87541,-43.85628,DEV0662,M058,0
T003073,U428,2026-05-22T19:15:44.753365,24.33,-12.92241,-38.44358,DEV0342,M030,0
T003074,U103,2026-05-23T01:07:06.268105,1650.72,-15.87596,-47.8244,DEV0670,M026,0
T003075,U006,2026-05-23T00:00:54.344024,126.13,-12.9729,-38.48482,DEV0770,M026,0
T003076,U168,2026-05-23T13:40:43.979728,93004.27,-22.76078,-43.16407,DEV0253,M034,1
T003077,U279,2026-05-22T20:49:09.470752,101.72,-12.93924,-38.48191,DEV0337,M034,0
T003078,U333,2026-05-23T09:57:20.453383,54.8,-15.80681,-47.99094,DEV0132,M092,0
T003079,U301,2026-05-22T16:45:29.108214,1.22,-13.01329,-38.41598,DEV0662,U126,0
T003080,U283,2026-05-23T04:16:34.310140,145.83,-22.89983,-43.13666,DEV0028,U429,0
T003081,U279,2026-05-22T21:10:23.972013,9.04,-12.96207,-38.44576,DEV0337,M046,0
T003082,U087,2026-05-23T04:55:23.877108,166.27,-23.52801,-46.60084,DEV0304,M017,0
T003083,U142,2026-05-22T19:04:42.814082,459.3,-13.01224,-38.47535,DEV0474,U127,0
T003084,U333,2026-05-23T11:50:41.448909,45.87,-15.82782,-47.92036,DEV0132,M076,0
T003085,U197,2026-05-22T21:11:33.492832,179.72,-23.57638,-46.65791,DEV0795,M083,0
T003086,U407,2026-05-22T23:12:41.845725,74.18,-23.58853,-46.69316,DEV0151,M089,0
T003087,U178,2026-05-23T15:20:23.298477,22.08,-15.7742,-47.95963,DEV0736,U183,0
T003088,U426,2026-05-23T10:51:04.716613,7.94,-22.87744,-43.22838,DEV0017,M026,0
T003089,U123,2026-05-23T01:27:15.903694,186.46,-19.93245,-43.96178,DEV0246,M027,0
T003090,U194,2026-05-23T05:12:43.640942,448.84,-23.62265,-46.61887,DEV0074,M039,0
T003091,U359,2026-05-23T07:36:13.023735,142.18,-15.79864,-47.92817,DEV0210,M086,0
T003092,U391,2026-05-23T04:30:30.171449,47.45,-23.5223,-46.52468,DEV0114,M013,0
T003093,U021,2026-05-23T12:06:01.980155,40.56,-30.03014,-51.14366,DEV0035,M040,0
T003094,U224,2026-05-23T03:26:46.908412,71.46,-25.47097,-49.26132,DEV0041,M078,0
T003095,U392,2026-05-23T01:38:09.395583,77.97,-19.99332,-43.92562,DEV0644,M087,0
T003096,U228,2026-05-23T22:19:34.083580,23.49,-15.83612,-47.95939,DEV0594,U280,0
T003097,U225,2026-05-23T05:11:14.780574,4.08,-19.94624,-43.9287,DEV0502,U183,0
T003098,U067,2026-05-23T15:46:49.652447,757.07,-19.83801,-43.93544,DEV0113,M094,0
T003099,U247,2026-05-22T21:50:37.716553,197.82,-22.89978,-43.1561,DEV0250,U286,0
T003100,U082,2026-05-23T13:02:52.770187,33.88,-29.91223,-51.29099,DEV0338,M048,0
T003101,U127,2026-05-23T00:16:55.128015,24.07,-23.57899,-46.65821,DEV0776,M024,0
T003102,U181,2026-05-23T02:17:12.044868,54.84,-15.72615,-47.93023,DEV0596,U058,0
T003103,U114,2026-05-23T08:53:44.860757,327.11,-19.89573,-43.97817,DEV0700,M043,0
T003104,U059,2026-05-24T02:38:05.613783,34.38,-23.50676,-46.64943,DEV0259,M100,0
T003105,U286,2026-05-23T04:18:47.174649,1.96,-19.94568,-43.9659,DEV0623,U432,0
T003106,U249,2026-05-23T00:55:49.962856,396.67,-25.39023,-49.26988,DEV0054,U430,0
T003107,U201,2026-05-23T01:50:46.729676,348.66,-30.07989,-51.13499,DEV0327,M040,0
T003108,U459,2026-05-24T02:55:38.983193,104.84,-22.96686,-43.21479,DEV0016,M054,0
T003109,U206,2026-05-23T19:10:29.297826,403.25,-12.9784,-38.43254,DEV0653,U146,0
T003110,U480,2026-05-22T17:38:27.111337,57.81,-25.40136,-49.39094,DEV0239,M091,0
T003111,U297,2026-05-23T09:07:36.581657,74.33,-23.52124,-46.68416,DEV0748,M016,0
T003112,U195,2026-05-23T01:30:07.560778,524.13,-23.50827,-46.58617,DEV0253,M085,0
T003113,U291,2026-05-22T21:21:53.818760,163.65,-30.00621,-51.13663,DEV0273,M087,0
T003114,U308,2026-05-23T14:00:23.338800,4.77,-19.92136,-43.89786,DEV0004,M066,0
T003115,U155,2026-05-23T09:42:02.993914,53.23,-30.08481,-51.27792,DEV0612,M020,0
T003116,U178,2026-05-23T16:08:46.403592,96.16,-15.70416,-47.94237,DEV0736,U100,0
T003117,U454,2026-05-22T17:41:48.985162,297.65,-30.00089,-51.16214,DEV0661,M013,0
T003118,U044,2026-05-23T02:23:24.355907,9.0,-15.81896,-47.93871,DEV0795,M092,0
T003119,U191,2026-05-22T21:51:00.035627,72086.74,-30.05692,-51.26896,DEV0398,U303,1
T003120,U485,2026-05-22T23:00:03.319277,12.02,-23.61218,-46.62068,DEV0432,M033,0
T003121,U283,2026-05-23T05:27:20.329493,36.28,-22.92839,-43.06573,DEV0028,U448,0
T003122,U258,2026-05-23T01:13:34.790575,61.96,-23.64743,-46.60348,DEV0335,M001,0
T003123,U152,2026-05-23T08:29:14.054144,362.41,-22.9068,-43.1729,DEV0094,M080,1
T003124,U128,2026-05-23T15:24:05.183677,5.23,-15.80635,-47.90062,DEV0471,M074,0
T003125,U175,2026-05-23T00:47:10.048843,214.0,-25.39258,-49.31489,DEV0394,M029,0
T003126,U451,2026-05-22T23:37:56.794640,593.77,-25.44154,-49.26173,DEV0017,U402,0
T003127,U377,2026-05-22T20:34:19.168598,13.41,-23.57401,-46.64755,DEV0180,M027,0
T003128,U439,2026-05-23T02:21:12.977819,5000.0,-22.81944,-43.14511,DEV0055,U029,1
T003129,U029,2026-05-23T02:21:22.977819,4950.0,-12.9714,-38.5014,DEV0338,U041,1
T003130,U041,2026-05-23T02:21:32.977819,4900.0,-19.9173,-43.9345,DEV0547,U439,1
T003131,U147,2026-05-23T10:40:51.385963,123.5,-12.93793,-38.50589,DEV0272,M075,0
T003132,U163,2026-05-22T23:21:11.982328,15.65,-19.94229,-43.89935,DEV0380,M030,0
T003133,U127,2026-05-23T00:49:09.049757,70.78,-23.51481,-46.6169,DEV0776,M012,0
T003134,U475,2026-05-23T08:58:43.104663,11.52,-22.94675,-43.13213,DEV0414,U457,0
T003135,U271,2026-05-23T11:18:05.028362,36.09,-12.93403,-38.54068,DEV0005,U323,0
T003136,U230,2026-05-22T17:03:42.656142,240.13,-15.72144,-47.96957,DEV0242,U081,0
T003137,U196,2026-05-23T11:04:36.793046,52.55,-15.69357,-47.89608,DEV0653,M005,0
T003138,U028,2026-05-22T21:12:05.292491,37.94,-25.51461,-49.33004,DEV0702,M084,0
T003139,U058,2026-05-23T02:26:58.469668,377.8,-19.96055,-43.92542,DEV0633,M052,0
T003140,U477,2026-05-23T11:47:41.558383,26.7,-19.80664,-43.92425,DEV0039,M086,0
T003141,U412,2026-05-22T18:25:15.997510,39.89,-25.43559,-49.2326,DEV0532,M034,0
T003142,U410,2026-05-23T03:12:30.963694,13.36,-12.88895,-38.49098,DEV0523,M082,0
T003143,U237,2026-05-22T22:46:01.925793,56.13,-30.09567,-51.1694,DEV0385,M056,0
T003144,U337,2026-05-22T19:10:10.437407,36.86,-29.95283,-51.18191,DEV0575,U107,0
T003145,U295,2026-05-23T04:25:34.764495,54.62,-12.97743,-38.49083,DEV0146,M080,0
T003146,U296,2026-05-23T16:44:39.557071,99.96,-30.02547,-51.21376,DEV0470,M047,0
T003147,U219,2026-05-22T18:57:21.033253,171.55,-19.90811,-43.916,DEV0656,U462,0
T003148,U252,2026-05-22T18:44:41.238823,238.89,-30.02226,-51.26228,DEV0207,M001,0
T003149,U113,2026-05-23T13:09:32.700129,388.76,-23.57176,-46.59141,DEV0302,M084,0
T003150,U159,2026-05-23T03:32:07.718865,98.4,-22.92037,-43.24113,DEV0659,M034,0
T003151,U306,2026-05-23T03:54:37.574353,228.05,-12.9263,-38.47729,DEV0548,M024,0
T003152,U437,2026-05-22T22:21:50.649839,213.91,-19.91457,-43.97413,DEV0512,M012,0
T003153,U436,2026-05-23T11:56:10.025873,297.51,-12.94632,-38.5057,DEV0149,M005,0
T003154,U063,2026-05-23T04:55:11.974055,38.54,-23.5691,-46.62601,DEV0692,U473,0
T003155,U252,2026-05-22T19:15:18.948154,249.22,-30.03974,-51.17772,DEV0207,M082,0
T003156,U348,2026-05-22T23:48:16.308618,116.8,-23.49252,-46.57568,DEV0118,M057,0
T003157,U221,2026-05-23T10:58:19.217614,145.49,-15.82149,-47.94135,DEV0408,M042,0
T003158,U141,2026-05-23T11:17:53.763295,162.34,-25.31578,-49.25713,DEV0058,M018,1
T003159,U314,2026-05-23T16:20:35.424201,242.22,-19.99537,-43.96765,DEV0724,M010,0
T003160,U488,2026-05-23T14:03:57.841050,33.52,-19.85916,-43.9773,DEV0061,M019,0
T003161,U189,2026-05-23T21:45:24.699352,94.79,-30.03309,-51.32148,DEV0144,M078,0
T003162,U070,2026-05-23T02:34:51.041185,103.54,-22.96422,-43.14242,DEV0053,M087,0
T003163,U336,2026-05-22T22:34:58.242378,69195.0,-19.89999,-43.97333,DEV0637,M029,1
T003164,U432,2026-05-23T03:37:27.496198,124.7,-23.47581,-46.59327,DEV0476,M027,0
T003165,U061,2026-05-23T02:53:28.416532,12.87,-23.57285,-46.62562,DEV0234,M044,0
T003166,U317,2026-05-23T05:16:20.704841,38.37,-12.95733,-38.50756,DEV0139,M041,0
T003167,U215,2026-05-22T16:28:50.299189,70.94,-25.44783,-49.27417,DEV0227,M085,0
T003168,U398,2026-05-23T02:34:32.345059,34.56,-23.51295,-46.60731,DEV0759,M070,0
T003169,U029,2026-05-23T02:48:06.430344,21.03,-12.98007,-38.42904,DEV0338,U300,0
T003170,U326,2026-05-22T19:52:30.249331,420.96,-12.9069,-38.61673,DEV0376,U243,0
T003171,U100,2026-05-22T18:03:16.096050,26.82,-30.04511,-51.23613,DEV0195,M007,0
T003172,U351,2026-05-23T17:28:17.635563,138.91,-12.95994,-38.51233,DEV0157,M003,0
T003173,U099,2026-05-23T04:45:20.442520,31.53,-15.8115,-47.99889,DEV0277,M008,0
T003174,U223,2026-05-22T20:56:52.965573,42.63,-22.95268,-43.06697,DEV0316,M013,0
T003175,U213,2026-05-22T19:05:25.014342,12.68,-12.89967,-38.5095,DEV0149,U358,0
T003176,U419,2026-05-22T18:22:59.324401,274.39,-23.59202,-46.68492,DEV0552,U187,0
T003177,U411,2026-05-23T00:11:58.585790,90.53,-22.95917,-43.19216,DEV0707,M099,0
T003178,U317,2026-05-23T07:32:04.387620,188.77,-12.96672,-38.50139,DEV0139,M030,0
T003179,U315,2026-05-22T20:29:20.629567,28.92,-23.51628,-46.54343,DEV0140,M051,0
T003180,U302,2026-05-23T04:02:57.681634,46.12,-15.81509,-47.94201,DEV0503,M003,0
T003181,U283,2026-05-23T09:58:12.871632,19.24,-22.99279,-43.21115,DEV0028,U063,0
T003182,U179,2026-05-23T10:23:17.564630,11.42,-23.54639,-46.68278,DEV0695,M017,0
T003183,U261,2026-05-22T21:36:36.948832,146.35,-23.47331,-46.64526,DEV0330,M032,0
T003184,U163,2026-05-22T23:41:45.085004,30.41,-19.85878,-44.0145,DEV0380,M085,0
T003185,U364,2026-05-23T04:49:45.529277,42.99,-15.77335,-47.88223,DEV0051,U038,0
T003186,U235,2026-05-23T01:35:40.310239,293.62,-19.97186,-43.86127,DEV0795,M041,0
T003187,U387,2026-05-22T23:17:26.118207,10.14,-12.99631,-38.45089,DEV0305,M080,0
T003188,U401,2026-05-22T20:40:44.202039,39.56,-19.92648,-43.92158,DEV0051,M091,0
T003189,U409,2026-05-23T16:57:07.384947,197.78,-22.96644,-43.09905,DEV0514,M057,0
T003190,U474,2026-05-23T03:16:36.507299,2.7,-22.92657,-43.15354,DEV0311,M077,0
T003191,U455,2026-05-23T13:40:37.692927,112.63,-12.89961,-38.56055,DEV0374,M071,0
T003192,U398,2026-05-23T03:20:02.253077,13.09,-23.52388,-46.60648,DEV0759,M030,0
T003193,U240,2026-05-22T18:48:58.436705,125.0,-12.92466,-38.49017,DEV0023,M097,0
T003194,U482,2026-05-23T05:45:21.076655,53.52,-23.47291,-46.67248,DEV0689,M090,0
T003195,U413,2026-05-23T01:15:41.454336,99.38,-15.72725,-47.96723,DEV0256,U459,0
T003196,U433,2026-05-23T00:42:30.129783,17.34,-15.74209,-47.82068,DEV0576,M074,0
T003197,U337,2026-05-22T20:22:25.246278,141.89,-29.98975,-51.24086,DEV0575,M036,0
T003198,U095,2026-05-23T03:40:51.019919,808.94,-23.56625,-46.62999,DEV0099,U129,0
T003199,U364,2026-05-23T06:10:32.596962,165.08,-15.80783,-47.86001,DEV0051,M016,0
T003200,U460,2026-05-22T23:01:22.451917,259.92,-30.06555,-51.24045,DEV0794,M091,0
T003201,U211,2026-05-23T23:01:43.538148,4192.92,-23.52912,-46.63394,DEV0117,U171,1
T003202,U133,2026-05-22T22:05:35.375505,254.23,-25.38393,-49.211,DEV0682,M068,0
T003203,U107,2026-05-22T17:30:25.589427,19.49,-23.56138,-46.68347,DEV0453,U152,0
T003204,U232,2026-05-23T07:00:51.259955,2.47,-15.79177,-47.88799,DEV0065,U334,0
T003205,U229,2026-05-23T00:03:15.437689,10.73,-13.0168,-38.48402,DEV0450,U479,0
T003206,U334,2026-05-23T07:10:28.815463,184.5,-22.9254,-43.19353,DEV0089,M036,0
T003207,U231,2026-05-23T06:35:51.634093,70.19,-12.92966,-38.50954,DEV0119,M008,0
T003208,U039,2026-05-23T06:56:07.374378,33.22,-29.96543,-51.32889,DEV0574,U026,0
T003209,U012,2026-05-23T13:03:06.174438,23.68,-30.04155,-51.12945,DEV0190,M018,0
T003210,U499,2026-05-22T21:32:43.433189,418.32,-19.90118,-43.93666,DEV0020,U342,0
T003211,U029,2026-05-23T05:28:41.386864,296.37,-12.97467,-38.53451,DEV0338,U405,0
T003212,U298,2026-05-22T16:11:34.090021,30.7,-23.59161,-46.69584,DEV0613,M075,0
T003213,U271,2026-05-23T14:55:28.963387,159.05,-13.0613,-38.55036,DEV0005,M098,0
T003214,U380,2026-05-23T15:10:44.464407,57.33,-22.91216,-43.143,DEV0469,U315,0
T003215,U465,2026-05-23T01:49:23.683914,254.62,-22.87003,-43.17142,DEV0443,U407,1
T003216,U439,2026-05-23T02:26:33.981022,263.62,-22.87345,-43.15106,DEV0055,M022,0
T003217,U422,2026-05-23T00:06:15.520210,42.43,-22.93662,-43.04058,DEV0442,M013,0
T003218,U118,2026-05-22T23:00:02.613189,277.36,-15.84001,-48.01786,DEV0570,U169,0
T003219,U003,2026-05-22T22:13:36.266348,3.31,-29.97764,-51.23302,DEV0122,M052,0
T003220,U417,2026-05-22T23:03:17.458988,181.47,-19.91599,-43.89041,DEV0727,M023,0
T003221,U119,2026-05-23T11:05:21.754792,5.29,-15.79594,-48.01219,DEV0792,M010,0
T003222,U313,2026-05-22T21:23:54.290155,52.41,-15.78403,-47.97309,DEV0410,U220,0
T003223,U294,2026-05-23T03:31:33.367401,120.92,-25.46701,-49.29381,DEV0394,M068,0
T003224,U243,2026-05-22T23:51:16.734397,363.77,-15.86036,-47.91354,DEV0001,M020,0
T003225,U165,2026-05-23T02:20:08.502400,100.91,-25.46958,-49.30905,DEV0577,M097,0
T003226,U351,2026-05-23T18:21:42.384337,31.28,-12.90713,-38.43515,DEV0157,U201,0
T003227,U136,2026-05-23T17:22:03.174893,7.13,-12.92733,-38.48808,DEV0103,M009,0
T003228,U177,2026-05-23T13:01:17.945693,194.84,-25.5181,-49.34414,DEV0096,M026,0
T003229,U395,2026-05-23T02:52:59.000601,8.13,-22.89091,-43.1449,DEV0380,M072,0
T003230,U159,2026-05-23T06:52:19.704207,15.76,-22.85676,-43.20837,DEV0659,M093,0
T003231,U189,2026-05-24T00:02:00.503080,174.82,-30.0415,-51.18756,DEV0144,M070,0
T003232,U174,2026-05-22T23:52:48.790388,230.32,-23.60512,-46.62671,DEV0277,M093,0
T003233,U009,2026-05-22T17:10:59.850914,167.16,-15.78759,-47.89284,DEV0253,U243,0
T003234,U221,2026-05-23T16:43:48.689757,28.4,-15.72471,-47.90377,DEV0408,U488,0
T003235,U237,2026-05-22T23:21:12.627332,11.4,-30.0269,-51.17866,DEV0385,U377,0
T003236,U083,2026-05-23T22:28:33.575414,19.3,-19.92541,-43.95468,DEV0473,M030,0
T003237,U148,2026-05-22T19:57:32.132796,9.88,-30.11004,-51.23842,DEV0581,U467,0
T003238,U102,2026-05-23T04:05:46.871253,17.43,-19.9327,-43.96884,DEV0470,M057,0
T003239,U338,2026-05-23T22:19:46.631985,65.74,-23.57302,-46.65725,DEV0145,U268,0
T003240,U103,2026-05-23T02:36:51.255216,2759.23,-15.71106,-47.98088,DEV0726,M083,1
T003241,U487,2026-05-23T03:35:54.388207,48.46,-23.55281,-46.64709,DEV0344,U423,0
T003242,U294,2026-05-23T10:10:00.299132,282.33,-25.48892,-49.3278,DEV0394,M067,0
T003243,U145,2026-05-23T01:54:20.560371,4.11,-23.59659,-46.58638,DEV0751,M061,0
T003244,U314,2026-05-23T17:40:11.443841,120.74,-19.90757,-43.92726,DEV0724,U130,0
T003245,U420,2026-05-23T04:12:02.112558,45.09,-23.55758,-46.62142,DEV0359,M023,0
T003246,U354,2026-05-23T07:48:23.153461,54.77,-25.31871,-49.32048,DEV0794,U148,0
T003247,U480,2026-05-22T20:45:16.051343,52.08,-25.45913,-49.22024,DEV0239,M010,0
T003248,U282,2026-05-23T07:48:12.701092,161.71,-30.02043,-51.27893,DEV0056,M081,0
T003249,U008,2026-05-23T03:05:20.082501,26.32,-12.89681,-38.481,DEV0161,M099,0
T003250,U370,2026-05-23T05:56:54.612099,15.19,-12.96609,-38.51854,DEV0431,M089,0
T003251,U212,2026-05-23T05:50:26.115745,209.59,-25.4828,-49.27419,DEV0685,U080,0
T003252,U089,2026-05-23T04:43:24.822561,3.61,-30.04009,-51.22084,DEV0009,M050,0
T003253,U125,2026-05-23T00:26:48.707884,1416.3,-19.90087,-44.0082,DEV0408,M059,0
T003254,U202,2026-05-23T04:13:13.275230,211.32,-25.51518,-49.25409,DEV0070,M040,0
T003255,U263,2026-05-23T08:15:47.808330,77.46,-12.98585,-38.3918,DEV0450,M069,0
T003256,U401,2026-05-22T23:29:48.745095,34.36,-19.92521,-43.90256,DEV0051,M022,0
T003257,U139,2026-05-23T12:04:22.272442,28.66,-25.50318,-49.25069,DEV0106,U061,0
T003258,U286,2026-05-23T06:37:06.153317,352.84,-19.81537,-43.87116,DEV0623,M085,0
T003259,U448,2026-05-23T11:18:09.752108,13.78,-30.06087,-51.23496,DEV0131,M010,0
T003260,U388,2026-05-22T19:56:46.096141,147.91,-15.76759,-47.9761,DEV0144,U316,0
T003261,U333,2026-05-23T23:54:08.561002,60.51,-15.7253,-47.98939,DEV0132,U007,0
T003262,U074,2026-05-23T06:43:08.460164,54.5,-12.98308,-38.44759,DEV0610,M053,0
T003263,U114,2026-05-23T09:26:05.691195,219.61,-19.9992,-43.97074,DEV0700,M065,0
T003264,U341,2026-05-23T05:15:49.218195,13.34,-29.96488,-51.22505,DEV0179,M028,0
T003265,U126,2026-05-23T04:37:33.231469,240.91,-22.854,-43.0987,DEV0036,U218,0
T003266,U055,2026-05-23T07:32:40.143979,81.99,-15.77467,-47.98087,DEV0331,U425,0
T003267,U247,2026-05-22T22:59:15.334171,85.11,-22.93624,-43.10255,DEV0250,M032,0
T003268,U416,2026-05-23T06:15:34.518784,52.06,-23.57911,-46.72977,DEV0714,M090,0
T003269,U299,2026-05-23T11:22:02.974920,252.02,-22.87201,-43.2113,DEV0320,M083,0
T003270,U107,2026-05-22T18:10:55.595810,28.62,-23.56357,-46.57513,DEV0453,U065,0
T003271,U431,2026-05-23T01:24:57.235833,100.14,-12.93828,-38.39498,DEV0455,M087,0
T003272,U350,2026-05-23T02:01:24.108739,13.88,-25.37491,-49.35333,DEV0696,M029,0
T003273,U377,2026-05-22T20:38:35.253574,715.99,-23.55515,-46.65398,DEV0180,M002,0
T003274,U271,2026-05-23T16:03:04.938812,119.69,-13.018,-38.54488,DEV0005,M072,0
T003275,U295,2026-05-23T05:38:48.850584,343.14,-13.09994,-38.52018,DEV0146,M022,1
T003276,U353,2026-05-22T19:40:01.789999,187.43,-30.00109,-51.2731,DEV0627,M096,0
T003277,U395,2026-05-23T03:56:56.617562,55.21,-22.94681,-43.15648,DEV0380,U285,0
T003278,U137,2026-05-23T20:19:44.318671,58.03,-13.0314,-38.46203,DEV0350,M005,0
T003279,U441,2026-05-22T23:57:14.037733,11.45,-23.58769,-46.61714,DEV0762,M034,0
T003280,U196,2026-05-23T17:52:07.088561,8.0,-15.81894,-47.87089,DEV0653,M090,0
T003281,U350,2026-05-23T02:55:25.015629,37.2,-25.44621,-49.26671,DEV0696,M092,0
T003282,U418,2026-05-23T03:13:53.694461,418.33,-23.58251,-46.61797,DEV0115,M081,0
T003283,U014,2026-05-23T10:45:59.435802,1.82,-25.43858,-49.21456,DEV0505,M022,0
T003284,U332,2026-05-22T18:58:54.407126,22.96,-12.89756,-38.53748,DEV0379,M040,0
T003285,U045,2026-05-22T18:06:17.324594,87.83,-30.02016,-51.21307,DEV0554,U067,0
T003286,U429,2026-05-23T11:39:21.117595,586.89,-23.47538,-46.67796,DEV0287,M050,0
T003287,U326,2026-05-22T21:54:18.129643,285.32,-12.93923,-38.58,DEV0376,M070,0
T003288,U177,2026-05-23T17:46:40.482653,12.91,-25.45203,-49.27927,DEV0096,M090,0
T003289,U019,2026-05-23T14:37:04.704679,10.78,-25.39647,-49.28207,DEV0092,M029,0
T003290,U338,2026-05-24T01:27:19.484736,304.64,-23.54287,-46.57804,DEV0145,M069,0
T003291,U180,2026-05-23T12:54:54.355150,204.83,-23.60354,-46.55958,DEV0798,U233,0
T003292,U149,2026-05-22T22:35:38.019239,29.89,-29.94054,-51.27608,DEV0076,U203,0
T003293,U019,2026-05-23T17:41:24.142534,199.77,-25.33281,-49.27283,DEV0092,M012,1
T003294,U030,2026-05-23T08:13:30.978423,48.45,-23.0165,-43.13878,DEV0217,M034,0
T003295,U453,2026-05-23T04:11:54.771099,239.47,-15.73932,-48.01747,DEV0592,M062,0
T003296,U047,2026-05-22T16:21:21.964701,301.1,-23.5189,-46.67368,DEV0564,U289,0
T003297,U492,2026-05-22T20:17:39.633246,27.98,-25.43961,-49.23984,DEV0772,U228,0
T003298,U136,2026-05-23T20:03:29.223858,42.34,-12.96159,-38.54641,DEV0103,M084,0
T003299,U094,2026-05-23T06:05:59.535078,4.19,-15.65442,-47.86966,DEV0227,M073,0
T003300,U038,2026-05-22T18:52:43.842010,29.35,-25.3683,-49.25952,DEV0033,M024,0
T003301,U010,2026-05-23T03:40:37.861922,103.02,-23.57681,-46.61038,DEV0475,M047,0
T003302,U367,2026-05-22T21:17:16.310043,33.67,-15.76968,-48.04103,DEV0420,M006,0
T003303,U084,2026-05-22T21:00:01.282675,7.31,-29.9975,-51.24376,DEV0298,U018,0
T003304,U082,2026-05-23T15:17:39.730771,182.4,-30.02337,-51.22633,DEV0338,M073,0
T003305,U068,2026-05-23T09:14:36.755295,33.78,-25.41247,-49.32812,DEV0566,M037,0
T003306,U447,2026-05-23T06:05:31.113021,100.07,-19.97176,-43.93494,DEV0616,M018,0
T003307,U271,2026-05-23T16:05:02.229438,16.5,-13.1009,-38.53513,DEV0005,M058,0
T003308,U233,2026-05-22T23:47:37.238126,87.86,-30.06972,-51.33243,DEV0177,U196,0
T003309,U369,2026-05-22T23:28:10.784321,65175.04,-30.03882,-51.25034,DEV0371,M046,1
T003310,U002,2026-05-22T19:26:38.375664,192.04,-19.79361,-43.84681,DEV0072,U404,0
T003311,U371,2026-05-23T04:06:45.602059,244.5,-23.49901,-46.65401,DEV0202,M029,0
T003312,U403,2026-05-23T08:07:32.894040,296.18,-15.84168,-47.94913,DEV0288,M007,0
T003313,U164,2026-05-23T03:49:53.402615,224.14,-12.9807,-38.50602,DEV0691,M043,0
T003314,U493,2026-05-22T19:36:55.505243,128.77,-25.33881,-49.29884,DEV0575,M049,0
T003315,U497,2026-05-22T23:12:44.586630,2.83,-15.71114,-48.04491,DEV0517,M068,0
T003316,U473,2026-05-22T17:26:02.446757,79712.04,-12.93598,-38.46353,DEV0426,M083,1
T003317,U053,2026-05-22T21:06:05.661728,10.76,-15.80157,-47.98286,DEV0646,M011,0
T003318,U291,2026-05-22T23:35:01.830712,127.7,-30.08388,-51.19576,DEV0273,M038,0
T003319,U187,2026-05-23T03:39:17.359601,35.12,-12.94107,-38.37888,DEV0069,U196,0
T003320,U245,2026-05-23T14:14:16.899222,59.46,-23.59815,-46.61082,DEV0488,M001,0
T003321,U332,2026-05-22T19:11:21.674675,139.34,-12.99354,-38.53292,DEV0379,M085,0
T003322,U106,2026-05-23T05:12:12.156958,212.33,-15.72885,-47.93897,DEV0609,U127,0
T003323,U401,2026-05-22T23:38:14.330870,164.51,-19.98467,-43.91596,DEV0051,U357,0
T003324,U284,2026-05-22T16:35:23.175555,22.02,-22.91431,-43.18562,DEV0365,U498,0
T003325,U066,2026-05-23T00:31:19.238230,48.03,-12.89477,-38.56935,DEV0625,U350,0
T003326,U294,2026-05-23T11:19:15.242310,360.88,-25.46307,-49.23718,DEV0394,M055,0
T003327,U330,2026-05-23T10:05:09.620898,3.08,-23.57227,-46.64365,DEV0229,M073,0
T003328,U130,2026-05-23T09:08:54.741838,25.49,-15.71981,-47.95972,DEV0051,M005,0
T003329,U035,2026-05-22T22:19:02.427217,184.78,-19.9633,-43.87266,DEV0419,M071,0
T003330,U276,2026-05-22T20:42:02.660251,124.92,-23.53152,-46.6987,DEV0794,U471,0
T003331,U218,2026-05-23T15:46:09.152899,175.36,-23.48734,-46.56117,DEV0373,M029,0
T003332,U132,2026-05-23T02:51:56.796542,15.75,-22.96542,-43.13573,DEV0570,M082,0
T003333,U167,2026-05-23T06:29:56.558750,63.34,-12.87565,-38.55552,DEV0012,M065,0
T003334,U297,2026-05-23T12:09:20.955304,14.14,-23.51327,-46.6743,DEV0748,M066,0
T003335,U034,2026-05-22T19:16:03.831085,39.08,-30.08816,-51.29884,DEV0139,U285,0
T003336,U491,2026-05-23T04:57:32.451975,32.55,-15.74091,-47.82897,DEV0226,U041,0
T003337,U169,2026-05-23T09:52:59.058877,31.13,-19.94092,-43.91006,DEV0727,M012,0
T003338,U239,2026-05-23T16:56:16.408973,421.67,-13.00022,-38.54034,DEV0645,U369,0
T003339,U450,2026-05-23T18:43:30.042056,3.83,-15.76776,-47.95416,DEV0524,U392,0
T003340,U292,2026-05-23T02:38:08.590694,6.32,-22.93551,-43.19256,DEV0126,U476,0
T003341,U419,2026-05-22T20:21:05.111298,16.24,-23.62113,-46.61815,DEV0552,M069,0
T003342,U041,2026-05-23T04:46:26.348927,64.82,-19.97015,-43.9251,DEV0547,M034,0
T003343,U115,2026-05-23T03:56:09.947490,19.42,-29.97256,-51.25267,DEV0253,M035,0
T003344,U252,2026-05-22T21:54:13.639223,57189.51,-30.02845,-51.2929,DEV0207,U158,1
T003345,U376,2026-05-22T22:48:00.992537,28.2,-19.88402,-43.89415,DEV0763,M048,0
T003346,U490,2026-05-23T01:57:23.334857,359.71,-30.10511,-51.19069,DEV0302,M094,0
T003347,U345,2026-05-23T12:48:52.127133,162.43,-23.53171,-46.7423,DEV0411,U091,0
T003348,U012,2026-05-23T13:53:42.858249,35.28,-30.04161,-51.23119,DEV0190,M053,0
T003349,U004,2026-05-22T22:59:19.983236,311.25,-19.85244,-43.9018,DEV0459,M025,0
T003350,U360,2026-05-23T05:11:34.861015,174.89,-30.08038,-51.16616,DEV0616,M095,0
T003351,U385,2026-05-23T01:57:15.268924,251.27,-15.7301,-47.90269,DEV0215,M003,0
T003352,U062,2026-05-23T07:34:14.188415,32.57,-30.10702,-51.23232,DEV0374,M029,0
T003353,U253,2026-05-23T07:18:41.843976,197.11,-15.71996,-47.88352,DEV0578,U173,0
T003354,U335,2026-05-23T03:10:16.423133,191.46,-30.06304,-51.21121,DEV0616,M092,0
T003355,U321,2026-05-23T06:25:49.786670,12.11,-22.96033,-43.29192,DEV0596,M057,0
T003356,U083,2026-05-23T23:24:51.879259,36.85,-19.96771,-44.00222,DEV0473,M062,0
T003357,U322,2026-05-23T04:37:13.731174,365.89,-12.99443,-38.64677,DEV0329,M045,0
T003358,U146,2026-05-23T02:03:45.657364,59.03,-15.7744,-47.89066,DEV0118,M086,0
T003359,U246,2026-05-23T13:07:01.932265,39.01,-25.44631,-49.28258,DEV0095,M059,0
T003360,U034,2026-05-22T21:53:15.237215,100.19,-30.05456,-51.1927,DEV0139,M057,0
T003361,U245,2026-05-23T15:55:49.151175,339.58,-23.5701,-46.64681,DEV0488,M043,0
T003362,U495,2026-05-23T17:45:25.002123,32.59,-19.87127,-43.89432,DEV0226,U092,0
T003363,U489,2026-05-22T23:28:08.824487,133.46,-25.43902,-49.39946,DEV0710,M044,0
T003364,U390,2026-05-22T17:39:11.679133,19.08,-29.99226,-51.29073,DEV0194,U145,0
T003365,U269,2026-05-23T11:26:21.933383,234.85,-19.98281,-43.8993,DEV0093,M004,0
T003366,U447,2026-05-23T07:27:56.423312,177.17,-19.86501,-43.87246,DEV0616,M043,0
T003367,U457,2026-05-22T17:11:19.435146,303.93,-30.02701,-51.22753,DEV0571,M027,0
T003368,U351,2026-05-23T20:40:29.771964,68.16,-12.95702,-38.52102,DEV0157,M089,0
T003369,U395,2026-05-23T07:07:17.526217,302.02,-22.90561,-43.20116,DEV0380,M032,0
T003370,U396,2026-05-23T04:02:47.519945,63.36,-30.02059,-51.26842,DEV0476,M081,0
T003371,U255,2026-05-23T08:35:22.558301,1.84,-22.79907,-43.2073,DEV0306,M049,0
T003372,U442,2026-05-23T13:39:35.082724,359.99,-25.38189,-49.27898,DEV0467,M058,0
T003373,U379,2026-05-23T12:03:21.119759,41.85,-19.85022,-43.96178,DEV0662,M043,0
T003374,U349,2026-05-23T03:53:16.465990,7.44,-30.08752,-51.17027,DEV0228,M021,0
T003375,U361,2026-05-22T22:22:07.114822,505.2,-25.35593,-49.28221,DEV0356,M064,0
T003376,U368,2026-05-23T12:32:20.280162,304.27,-23.43259,-46.63374,DEV0001,M002,1
T003377,U039,2026-05-23T10:12:32.341073,409.58,-30.03983,-51.25182,DEV0574,M002,0
T003378,U292,2026-05-23T03:39:11.308108,82.86,-22.91127,-43.29804,DEV0126,M058,0
T003379,U062,2026-05-23T07:39:19.408240,53.22,-30.10032,-51.3022,DEV0374,M097,0
T003380,U103,2026-05-23T05:13:32.982498,828.7,-15.72783,-47.89964,DEV0670,M053,0
T003381,U329,2026-05-23T01:56:24.144354,19.53,-25.51945,-49.2836,DEV0349,M026,0
T003382,U393,2026-05-22T17:55:44.959527,126.94,-12.95413,-38.46344,DEV0055,U279,0
T003383,U397,2026-05-23T18:04:06.655543,56.05,-30.13389,-51.20197,DEV0349,M011,0
T003384,U489,2026-05-23T00:43:32.081006,1894.77,-25.42864,-49.25613,DEV0710,U385,0
T003385,U328,2026-05-23T13:48:14.844429,300.38,-23.57295,-46.67417,DEV0296,M014,0
T003386,U154,2026-05-23T06:43:29.421832,36.75,-23.00536,-43.19288,DEV0474,U419,0
T003387,U492,2026-05-22T21:22:44.375319,12.21,-25.36349,-49.21231,DEV0772,M080,0
T003388,U322,2026-05-23T05:16:52.293265,242.24,-12.99903,-38.6179,DEV0329,M082,0
T003389,U110,2026-05-23T11:46:28.367683,188.8,-25.43795,-49.3181,DEV0158,M085,0
T003390,U223,2026-05-22T22:46:58.739216,707.18,-22.82763,-43.11201,DEV0142,M032,1
T003391,U134,2026-05-23T08:22:40.842155,32.6,-15.83598,-47.98376,DEV0444,M024,0
T003392,U266,2026-05-23T01:56:48.537794,29.24,-30.07249,-51.28282,DEV0095,M066,0
T003393,U222,2026-05-22T23:47:33.825095,134.24,-22.86439,-43.12605,DEV0348,M075,0
T003394,U081,2026-05-22T23:54:58.603505,68.13,-25.4179,-49.28539,DEV0489,M091,0
T003395,U037,2026-05-23T03:08:45.667072,103.41,-23.60435,-46.61986,DEV0028,M027,0
T003396,U399,2026-05-23T15:50:04.236673,57.74,-30.05348,-51.16464,DEV0443,U104,0
T003397,U288,2026-05-23T10:03:28.834545,78.82,-22.92579,-43.17616,DEV0506,U354,0
T003398,U195,2026-05-23T01:44:03.803794,1417.35,-23.53919,-46.69944,DEV0011,U194,1
T003399,U181,2026-05-23T05:04:16.829833,549.01,-15.72777,-47.94118,DEV0596,M006,0
T003400,U012,2026-05-23T14:28:17.126106,90254.6,-30.00949,-51.18256,DEV0190,U124,1
T003401,U271,2026-05-23T19:52:25.828075,57.49,-13.02854,-38.47273,DEV0005,U149,0
T003402,U407,2026-05-22T23:28:26.941933,110.83,-23.45006,-46.64718,DEV0151,M045,0
T003403,U163,2026-05-23T00:25:05.001870,33.17,-19.89706,-43.97589,DEV0380,M005,0
T003404,U466,2026-05-23T09:20:31.961355,152.16,-23.53074,-46.59832,DEV0526,M014,0
T003405,U400,2026-05-22T22:34:48.325348,133.14,-15.79459,-47.90066,DEV0761,M040,0
T003406,U056,2026-05-23T06:04:39.889731,133.98,-30.08582,-51.19425,DEV0348,U407,0
T003407,U271,2026-05-23T20:47:22.896547,147.95,-13.00266,-38.51539,DEV0005,M012,0
T003408,U115,2026-05-23T04:20:14.923468,88.54,-30.08888,-51.20115,DEV0253,M034,0
T003409,U095,2026-05-23T05:53:14.369647,5000.0,-23.54898,-46.65927,DEV0099,U105,1
T003410,U105,2026-05-23T05:53:24.369647,4950.0,-19.9173,-43.9345,DEV0027,U338,1
T003411,U338,2026-05-23T05:53:34.369647,4900.0,-23.5505,-46.6333,DEV0145,U095,1
T003412,U446,2026-05-23T17:10:19.484822,89.95,-23.48386,-46.61535,DEV0641,M092,0
T003413,U150,2026-05-23T04:13:08.502939,4.73,-19.90822,-43.94508,DEV0086,M065,0
T003414,U402,2026-05-23T10:20:40.393974,92.92,-30.0242,-51.34065,DEV0264,M017,0
T003415,U399,2026-05-23T16:47:58.866707,51.28,-30.00516,-51.22892,DEV0443,M032,0
T003416,U240,2026-05-22T23:19:04.417443,24.21,-13.05588,-38.58169,DEV0023,U005,0
T003417,U393,2026-05-22T18:14:04.203561,82179.45,-12.88471,-38.43753,DEV0055,M007,1
T003418,U129,2026-05-23T18:26:10.664196,75.38,-22.89793,-43.19321,DEV0800,M010,0
T003419,U331,2026-05-22T19:30:09.562790,63.72,-15.76909,-48.0028,DEV0291,M037,0
T003420,U155,2026-05-23T11:21:06.285517,48.68,-30.0822,-51.17869,DEV0612,U335,0
T003421,U375,2026-05-22T21:14:36.434379,505.89,-20.04679,-43.87854,DEV0418,M071,0
T003422,U279,2026-05-22T23:06:23.441048,111.14,-13.04203,-38.53621,DEV0337,M049,0
T003423,U112,2026-05-23T08:28:22.733450,117.85,-23.57115,-46.63189,DEV0037,M063,0
T003424,U496,2026-05-22T19:03:54.341993,507.5,-23.58623,-46.62754,DEV0753,M070,0
T003425,U412,2026-05-22T19:24:29.709874,112.5,-25.40704,-49.15985,DEV0532,U015,0
T003426,U134,2026-05-23T09:57:20.633417,38.94,-15.75281,-47.90124,DEV0444,M030,0
T003427,U427,2026-05-22T23:50:48.705413,4.92,-15.74108,-47.98047,DEV0378,U230,0
T003428,U404,2026-05-23T06:04:00.363361,144.46,-19.83262,-43.907,DEV0452,U427,0
T003429,U333,2026-05-24T00:38:14.983132,17.06,-15.80535,-47.98514,DEV0132,M050,0
T003430,U426,2026-05-23T12:57:20.754494,7.72,-22.87891,-43.25814,DEV0017,M067,0
T003431,U029,2026-05-23T05:30:48.419106,41.88,-12.97724,-38.47969,DEV0338,M082,0
T003432,U166,2026-05-22T23:09:16.414414,77.18,-22.92384,-43.12434,DEV0043,M100,0
T003433,U324,2026-05-23T05:08:29.822471,122.46,-15.80746,-47.93608,DEV0095,M100,0
T003434,U443,2026-05-22T20:10:44.852418,102.18,-19.94201,-43.8866,DEV0507,M043,0
T003435,U135,2026-05-23T09:23:35.908495,22.83,-12.98985,-38.52723,DEV0572,M037,0
T003436,U288,2026-05-23T10:32:30.662704,17.97,-22.85971,-43.14649,DEV0506,U280,0
T003437,U440,2026-05-22T18:51:22.183677,39.1,-15.87031,-47.98974,DEV0406,M003,0
T003438,U295,2026-05-23T04:06:13.125202,2634.9,-12.99592,-38.5072,DEV0146,U498,1
T003439,U445,2026-05-22T23:05:16.970004,23.95,-13.01024,-38.54768,DEV0073,M016,0
T003440,U288,2026-05-23T10:52:47.812517,103.14,-22.9489,-43.22138,DEV0506,U319,0
T003441,U439,2026-05-23T02:46:45.191981,1253.17,-22.90042,-43.06993,DEV0055,U358,0
T003442,U143,2026-05-23T08:40:14.029132,92.83,-30.08379,-51.18838,DEV0127,U300,0
T003443,U142,2026-05-22T20:08:29.380312,317.97,-12.90178,-38.58851,DEV0474,U027,1
T003444,U445,2026-05-22T23:43:46.787784,38.35,-12.9482,-38.5293,DEV0073,M009,0
T003445,U086,2026-05-23T01:52:07.639994,8.6,-23.54314,-46.59023,DEV0572,U340,0
T003446,U431,2026-05-23T01:53:49.604563,22.62,-12.96128,-38.49216,DEV0455,M014,0
T003447,U367,2026-05-23T00:39:49.327825,80.36,-15.7843,-47.93071,DEV0420,U326,0
T003448,U079,2026-05-22T21:29:52.516377,50.87,-19.88212,-43.97062,DEV0346,M012,0
T003449,U334,2026-05-23T07:11:37.769755,12.97,-22.89291,-43.05568,DEV0089,M081,0
T003450,U309,2026-05-23T03:27:57.328756,7.7,-15.76517,-47.8664,DEV0606,M006,0
T003451,U259,2026-05-23T23:23:24.171095,773.44,-29.95876,-51.1848,DEV0106,M078,0
T003452,U476,2026-05-22T22:46:29.945240,75.43,-12.95672,-38.53233,DEV0141,U413,0
T003453,U155,2026-05-23T14:57:01.775223,47.47,-30.02653,-51.23041,DEV0612,M011,0
T003454,U480,2026-05-22T21:31:35.524610,34.45,-25.4548,-49.31566,DEV0239,M018,0
T003455,U264,2026-05-23T15:32:07.870783,88.91,-19.83792,-43.96328,DEV0043,M029,0
T003456,U288,2026-05-23T12:59:21.809694,123.26,-22.96058,-43.1547,DEV0506,U400,0
T003457,U367,2026-05-23T03:39:20.727332,11.6,-15.79052,-47.94574,DEV0420,M003,0
T003458,U047,2026-05-22T16:25:17.701017,57.07,-23.58965,-46.61406,DEV0564,U043,0
T003459,U370,2026-05-23T08:24:44.833425,3.96,-12.94809,-38.54018,DEV0431,U302,0
T003460,U280,2026-05-23T09:38:12.072922,323.39,-23.51797,-46.5841,DEV0008,M091,0
T003461,U334,2026-05-23T10:38:35.509557,297.48,-22.96153,-43.07047,DEV0089,M033,0
T003462,U379,2026-05-23T13:24:10.377293,126.3,-19.91492,-43.98384,DEV0662,M009,0
T003463,U479,2026-05-23T14:52:19.943574,1137.81,-25.49206,-49.27061,DEV0697,M088,0
T003464,U083,2026-05-24T00:28:56.731522,61.8,-19.93668,-43.99906,DEV0473,M043,0
T003465,U217,2026-05-23T02:26:42.972801,21.62,-23.57811,-46.56839,DEV0526,U046,0
T003466,U391,2026-05-23T06:41:54.727259,54.19,-23.5459,-46.64169,DEV0114,U008,0
T003467,U044,2026-05-23T05:58:18.068072,14.05,-15.70344,-47.90843,DEV0795,M052,0
T003468,U042,2026-05-23T17:07:08.107189,6.52,-12.96137,-38.54892,DEV0462,U083,0
T003469,U411,2026-05-23T03:10:00.201818,7.54,-22.98858,-43.16252,DEV0707,M055,0
T003470,U253,2026-05-23T09:10:35.702079,408.38,-15.75068,-47.98215,DEV0578,U405,0
T003471,U396,2026-05-23T04:06:20.859745,267.92,-30.02973,-51.20373,DEV0476,U245,0
T003472,U423,2026-05-23T08:40:22.042190,25.05,-22.90834,-43.22527,DEV0727,M078,0
T003473,U288,2026-05-23T13:29:08.330879,5000.0,-22.81733,-43.16157,DEV0506,U219,1
T003474,U219,2026-05-23T13:29:18.330879,4950.0,-19.9173,-43.9345,DEV0656,U483,1
T003475,U483,2026-05-23T13:29:28.330879,4900.0,-15.7801,-47.9292,DEV0376,U288,1
T003476,U289,2026-05-23T08:41:07.277667,14.96,-19.89724,-43.92765,DEV0015,M100,0
T003477,U235,2026-05-23T06:42:28.587793,33.82,-19.99694,-43.98037,DEV0795,U367,0
T003478,U390,2026-05-22T20:48:31.281930,46.27,-30.02581,-51.28237,DEV0194,M009,0
T003479,U002,2026-05-22T22:49:51.578251,55.81,-19.98625,-43.91668,DEV0072,M052,0
T003480,U133,2026-05-23T01:26:01.720301,90.58,-25.47123,-49.22904,DEV0682,M026,0
T003481,U111,2026-05-23T05:08:27.241816,42.03,-12.9785,-38.48375,DEV0518,M026,0
T003482,U031,2026-05-23T23:07:43.606585,85.51,-25.44627,-49.24107,DEV0493,M060,0
T003483,U052,2026-05-22T22:13:20.336770,93.2,-25.44198,-49.23497,DEV0578,M088,0
T003484,U044,2026-05-23T06:32:46.590449,48.5,-15.74587,-47.9414,DEV0795,U351,0
T003485,U366,2026-05-22T22:37:14.448847,764.26,-23.4713,-46.69919,DEV0613,M074,0
T003486,U071,2026-05-22T18:26:37.248801,181.23,-15.69936,-47.96325,DEV0416,M047,0
T003487,U472,2026-05-22T23:59:27.939338,22.95,-13.01693,-38.46146,DEV0722,M056,0
T003488,U274,2026-05-23T09:08:37.099070,32.34,-22.84778,-43.15418,DEV0046,M060,0
T003489,U287,2026-05-22T16:11:46.103092,12.55,-19.88598,-43.96118,DEV0751,M044,0
T003490,U411,2026-05-23T03:35:16.105710,239.7,-22.90559,-43.12722,DEV0707,M083,0
T003491,U040,2026-05-23T14:13:14.120605,318.37,-19.85679,-43.98349,DEV0684,M082,0
T003492,U299,2026-05-23T12:59:07.893488,260.35,-22.86674,-43.16632,DEV0320,M072,0
T003493,U009,2026-05-22T21:07:23.105889,13.34,-15.77243,-47.98918,DEV0253,M059,0
T003494,U359,2026-05-23T07:39:38.393269,740.53,-15.94438,-47.98237,DEV0210,M005,0
T003495,U219,2026-05-23T15:29:26.911295,75.13,-19.95598,-43.8629,DEV0656,U021,0
T003496,U128,2026-05-23T19:38:58.596947,3.32,-15.77552,-47.89447,DEV0471,U113,0
T003497,U078,2026-05-23T10:48:44.073584,898.89,-25.53527,-49.28912,DEV0117,M048,1
T003498,U239,2026-05-23T17:20:56.772148,1132.35,-12.95859,-38.49217,DEV0645,U090,0
T003499,U190,2026-05-22T23:10:19.377793,54.5,-12.98193,-38.37994,DEV0693,M066,0
T003500,U296,2026-05-24T00:15:57.104181,767.92,-30.07712,-51.17464,DEV0470,U489,0
T003501,U329,2026-05-23T02:12:05.853144,35.11,-25.40032,-49.25304,DEV0349,U349,0
T003502,U296,2026-05-24T02:32:43.405893,66.78,-30.04241,-51.20884,DEV0470,M073,0
T003503,U411,2026-05-23T04:08:12.651468,3.11,-22.85409,-43.2225,DEV0707,U295,0
T003504,U348,2026-05-23T04:12:03.393151,514.46,-23.57583,-46.64339,DEV0118,U195,0
T003505,U026,2026-05-22T21:17:12.874307,214.75,-15.74018,-47.91052,DEV0270,U259,0
T003506,U425,2026-05-23T15:04:24.555783,330.99,-22.90474,-43.21685,DEV0356,M027,1
T003507,U212,2026-05-23T11:41:50.205622,362.94,-25.37765,-49.26577,DEV0685,U470,0
T003508,U330,2026-05-23T10:44:00.631001,27.72,-23.50873,-46.58374,DEV0229,M010,0
T003509,U207,2026-05-22T19:35:50.337133,153.32,-15.77508,-48.00356,DEV0058,M004,0
T003510,U354,2026-05-23T07:57:03.991364,28.22,-25.48042,-49.31286,DEV0794,M002,0
T003511,U066,2026-05-23T00:53:05.011871,311.86,-12.9613,-38.57377,DEV0625,M070,0
T003512,U470,2026-05-23T03:39:17.746889,70094.95,-30.0523,-51.22409,DEV0527,M067,1
T003513,U038,2026-05-22T19:23:12.857701,52.89,-25.45299,-49.23876,DEV0033,U198,0
T003514,U358,2026-05-23T07:54:52.654707,810.83,-25.44302,-49.24694,DEV0218,M035,0
T003515,U456,2026-05-23T08:19:29.258597,42.98,-23.50884,-46.63487,DEV0466,M085,0
T003516,U124,2026-05-23T18:27:51.738564,482.37,-13.02014,-38.54181,DEV0682,M023,0
T003517,U005,2026-05-23T01:25:39.533405,163.47,-25.47916,-49.27154,DEV0664,M025,0
T003518,U080,2026-05-22T17:10:02.031791,137.89,-19.96551,-43.95146,DEV0148,M085,0
T003519,U427,2026-05-23T08:31:00.733002,443.13,-15.66715,-47.90428,DEV0378,U300,0
T003520,U386,2026-05-23T00:53:46.832174,55.72,-19.84748,-43.87712,DEV0318,U133,0
T003521,U058,2026-05-23T05:46:20.796533,3559.29,-19.93611,-43.9008,DEV0633,M059,1
T003522,U106,2026-05-23T05:13:43.437592,156.37,-15.70805,-47.89449,DEV0609,U212,0
T003523,U453,2026-05-23T07:11:55.473079,85.45,-15.67276,-47.95685,DEV0592,M016,0
T003524,U475,2026-05-23T12:36:18.431036,22.31,-22.97515,-43.17261,DEV0414,M089,0
T003525,U143,2026-05-23T11:03:38.645503,69.68,-30.04955,-51.22075,DEV0127,M067,0
T003526,U112,2026-05-23T10:32:34.437316,207.17,-23.52872,-46.64601,DEV0037,M015,0
T003527,U127,2026-05-23T02:57:31.215469,146.76,-23.52527,-46.65574,DEV0776,M004,0
T003528,U425,2026-05-23T15:30:11.657290,348.49,-19.9173,-43.9345,DEV0356,U413,1
T003529,U151,2026-05-23T10:31:27.479249,2.09,-15.86936,-47.94835,DEV0220,M075,0
T003530,U415,2026-05-22T18:24:04.998839,84.58,-25.41223,-49.2708,DEV0506,U381,0
T003531,U387,2026-05-23T05:41:55.094158,15.62,-12.93771,-38.55246,DEV0305,M052,0
T003532,U327,2026-05-23T09:41:56.708986,1.38,-22.92487,-43.13918,DEV0588,M097,0
T003533,U211,2026-05-24T00:11:47.563908,80.19,-23.55749,-46.67864,DEV0117,M077,0
T003534,U496,2026-05-22T20:11:12.163583,183.11,-23.51611,-46.66288,DEV0753,U436,0
T003535,U002,2026-05-23T00:57:15.839736,152.23,-19.926,-43.97802,DEV0072,M082,0
T003536,U488,2026-05-23T17:43:08.331102,38.4,-19.86272,-43.96345,DEV0061,M055,0
T003537,U013,2026-05-23T03:03:35.386993,56.24,-15.73765,-47.98376,DEV0563,M055,0
T003538,U138,2026-05-23T05:00:44.590789,704.19,-30.03395,-51.30619,DEV0656,M081,0
T003539,U330,2026-05-23T11:15:25.125630,53.46,-23.60371,-46.69919,DEV0229,M042,0
T003540,U412,2026-05-22T21:07:40.998443,59.67,-25.32893,-49.34313,DEV0532,M064,0
T003541,U029,2026-05-23T10:39:54.735705,5000.0,-12.97456,-38.54391,DEV0338,U194,1
T003542,U194,2026-05-23T10:40:04.735705,4950.0,-23.5505,-46.6333,DEV0074,U398,1
T003543,U398,2026-05-23T10:40:14.735705,4900.0,-23.5505,-46.6333,DEV0759,U029,1
T003544,U369,2026-05-23T00:35:48.681583,516.24,-29.9466,-51.21444,DEV0371,M028,0
T003545,U367,2026-05-23T04:03:33.864124,19.74,-15.72084,-47.84849,DEV0420,M010,0
T003546,U205,2026-05-23T18:02:17.338829,34.31,-19.94146,-43.8629,DEV0039,M009,0
T003547,U165,2026-05-23T03:33:29.237633,1250.7,-25.38119,-49.3363,DEV0577,M088,0
T003548,U453,2026-05-23T07:43:28.996796,285.66,-15.67896,-47.91577,DEV0592,M100,0
T003549,U245,2026-05-23T16:12:09.349429,35.98,-23.55158,-46.56134,DEV0488,M013,0
T003550,U090,2026-05-22T20:26:14.791644,113.45,-22.9068,-43.1729,DEV0208,M078,1
T003551,U460,2026-05-23T02:58:52.744906,667.67,-30.02088,-51.18799,DEV0794,M084,0
T003552,U323,2026-05-23T18:33:34.449743,149.27,-20.03174,-43.94281,DEV0550,M052,0
T003553,U421,2026-05-22T19:14:52.525249,61.87,-15.8493,-47.96919,DEV0235,U044,0
T003554,U055,2026-05-23T09:35:16.958464,31.38,-15.82129,-47.79757,DEV0331,U132,0
T003555,U154,2026-05-23T10:03:52.164457,557.39,-22.90186,-43.18328,DEV0763,M029,1
T003556,U368,2026-05-23T16:48:33.583141,510.25,-23.56133,-46.60839,DEV0001,M023,0
T003557,U472,2026-05-23T00:59:04.342176,160.06,-12.98624,-38.38413,DEV0722,M059,0
T003558,U227,2026-05-22T21:26:24.747536,21.7,-12.99245,-38.50723,DEV0558,M045,0
T003559,U050,2026-05-23T09:16:21.221833,435.85,-12.98278,-38.54716,DEV0036,U279,0
T003560,U017,2026-05-23T00:42:37.804499,40.77,-25.48951,-49.23481,DEV0014,M053,0
T003561,U121,2026-05-23T04:52:47.781616,347.26,-19.87098,-43.95473,DEV0490,U313,0
T003562,U375,2026-05-22T22:57:58.099015,13.48,-19.84858,-43.92486,DEV0418,M080,0
T003563,U124,2026-05-23T18:38:24.537349,46.07,-12.9858,-38.4427,DEV0682,U476,0
T003564,U143,2026-05-23T14:21:59.874936,104.87,-29.96436,-51.17044,DEV0127,U225,0
T003565,U051,2026-05-23T04:54:20.104221,91.72,-30.00964,-51.18403,DEV0699,M080,0
T003566,U110,2026-05-23T13:45:05.998820,956.67,-25.44838,-49.22009,DEV0158,U369,0
T003567,U088,2026-05-23T06:57:31.563840,480.68,-12.96335,-38.5391,DEV0037,M039,0
T003568,U068,2026-05-23T14:15:53.789187,24.17,-25.39894,-49.29865,DEV0566,M010,0
T003569,U019,2026-05-23T17:55:11.720281,184.85,-25.42749,-49.20152,DEV0092,M049,0
T003570,U177,2026-05-23T18:14:42.410460,63.83,-25.46719,-49.22155,DEV0096,U425,0
T003571,U286,2026-05-23T06:42:32.485139,907.53,-19.90971,-43.99898,DEV0623,M078,0
T003572,U012,2026-05-23T16:39:28.922895,5.06,-29.96091,-51.2178,DEV0190,M073,0
T003573,U471,2026-05-22T21:03:16.988051,201.01,-25.42411,-49.30771,DEV0349,M060,0
T003574,U064,2026-05-23T04:43:18.999197,1032.72,-23.51602,-46.62905,DEV0442,U377,0
T003575,U237,2026-05-23T00:36:06.701607,16.58,-30.04155,-51.19464,DEV0385,U384,0
T003576,U153,2026-05-22T22:12:16.146962,22.58,-25.38102,-49.1943,DEV0453,U273,0
T003577,U428,2026-05-22T19:26:45.331276,48.03,-12.9213,-38.4705,DEV0342,M009,0
T003578,U066,2026-05-23T01:30:31.561565,10.85,-12.96627,-38.44752,DEV0625,U030,0
T003579,U375,2026-05-23T00:45:25.910805,7.67,-20.01674,-43.89614,DEV0418,M061,0
T003580,U292,2026-05-23T08:09:03.253693,7.22,-22.89556,-43.2094,DEV0126,M064,0
T003581,U232,2026-05-23T08:40:04.502144,39.66,-15.75234,-47.99118,DEV0065,M085,0
T003582,U158,2026-05-22T23:38:19.818638,128.85,-22.8976,-43.17935,DEV0180,U477,0
T003583,U231,2026-05-23T07:16:12.215121,37.18,-13.00108,-38.49767,DEV0119,U385,0
T003584,U362,2026-05-23T07:56:52.847801,11.33,-12.95265,-38.44642,DEV0127,M045,0
T003585,U370,2026-05-23T11:13:52.026778,35.71,-12.96996,-38.38183,DEV0431,M081,0
T003586,U302,2026-05-23T08:28:16.909168,100.47,-15.79129,-47.89637,DEV0503,M046,0
T003587,U218,2026-05-23T17:51:26.594953,48.38,-23.55265,-46.66363,DEV0373,M093,0
T003588,U193,2026-05-22T21:28:45.077185,1248.38,-19.85527,-44.03552,DEV0658,U407,0
T003589,U442,2026-05-23T16:12:25.204660,23.51,-25.40405,-49.2396,DEV0467,M098,0
T003590,U157,2026-05-23T06:45:36.546308,78.7,-22.91379,-43.16202,DEV0758,M020,0
T003591,U455,2026-05-23T13:57:09.425278,20.92,-12.98933,-38.52423,DEV0374,M059,0
T003592,U039,2026-05-23T13:55:30.209865,90.68,-30.00581,-51.19986,DEV0574,M054,0
T003593,U048,2026-05-22T21:18:24.291957,29.76,-25.50953,-49.23329,DEV0734,M014,0
T003594,U126,2026-05-23T06:22:35.090324,239.78,-22.92014,-43.15275,DEV0036,M044,0
T003595,U350,2026-05-23T03:03:29.424866,64.68,-25.51114,-49.26336,DEV0696,U079,0
T003596,U178,2026-05-23T17:14:16.214139,133.48,-15.88339,-47.84436,DEV0736,U414,0
T003597,U046,2026-05-23T14:41:39.359570,493.68,-19.8316,-43.89195,DEV0575,M010,0
T003598,U087,2026-05-23T08:01:25.538133,8.15,-23.56255,-46.61124,DEV0304,U125,0
T003599,U071,2026-05-22T21:13:41.274264,148.98,-15.69288,-47.97025,DEV0416,M007,0
T003600,U279,2026-05-22T23:34:48.400217,70.42,-12.97103,-38.50519,DEV0337,M045,0
T003601,U177,2026-05-23T18:42:36.843901,15.54,-15.7801,-47.9292,DEV0096,M024,1
T003602,U330,2026-05-23T11:54:51.920269,3.8,-23.59937,-46.52621,DEV0229,M040,0
T003603,U284,2026-05-22T19:23:13.697170,30.01,-23.01771,-43.17348,DEV0365,U428,0
T003604,U447,2026-05-23T08:34:13.483908,91.99,-19.95391,-43.79397,DEV0616,M048,0
T003605,U102,2026-05-23T04:20:35.500381,20.23,-19.88282,-43.85269,DEV0470,M033,0
T003606,U261,2026-05-22T22:21:37.806449,24.56,-23.53957,-46.58988,DEV0330,M050,0
T003607,U004,2026-05-23T00:45:43.499011,381.59,-19.93383,-43.90135,DEV0459,M001,1
T003608,U317,2026-05-23T09:30:28.900278,339.37,-12.93841,-38.49266,DEV0139,M047,0
T003609,U258,2026-05-23T05:16:19.610855,27.05,-23.48532,-46.54268,DEV0335,M080,0
T003610,U289,2026-05-23T09:06:39.804250,65.99,-19.90712,-43.9836,DEV0015,M029,0
T003611,U026,2026-05-22T22:28:44.096076,414.86,-15.8549,-47.9922,DEV0270,M048,0
T003612,U346,2026-05-23T04:53:56.906096,96.59,-15.77132,-47.87057,DEV0196,M091,0
T003613,U472,2026-05-23T01:58:24.541450,443.51,-12.99628,-38.49394,DEV0722,U363,0
T003614,U342,2026-05-23T09:40:10.616438,64.1,-25.3904,-49.37052,DEV0015,M090,0
T003615,U368,2026-05-23T17:43:44.423516,545.76,-23.55698,-46.67093,DEV0001,U260,0
T003616,U184,2026-05-23T10:29:03.705206,5.21,-23.65399,-46.63617,DEV0076,M074,0
T003617,U061,2026-05-23T04:41:50.783299,234.26,-23.52564,-46.73348,DEV0234,U089,0
T003618,U267,2026-05-22T21:48:26.666410,373.32,-25.38202,-49.39569,DEV0360,U078,0
T003619,U112,2026-05-23T01:52:50.408498,1670.81,-23.58077,-46.6267,DEV0037,U462,1
T003620,U114,2026-05-23T13:37:27.660675,477.75,-19.90405,-43.99888,DEV0700,M025,0
T003621,U328,2026-05-23T15:02:27.064173,33.78,-23.61867,-46.64717,DEV0296,M012,0
T003622,U218,2026-05-23T23:24:08.315284,157.31,-23.52713,-46.60257,DEV0373,M087,0
T003623,U222,2026-05-23T01:42:37.710119,74.1,-22.91408,-43.22319,DEV0348,U001,0
T003624,U090,2026-05-22T22:01:08.551150,670.03,-19.96149,-43.955,DEV0208,M044,0
T003625,U206,2026-05-23T22:35:59.440699,148.23,-12.98488,-38.57417,DEV0653,M031,0
T003626,U219,2026-05-23T16:04:57.489399,80.15,-20.00633,-43.92287,DEV0656,U018,0
T003627,U213,2026-05-22T21:26:41.528556,14.2,-12.92143,-38.52407,DEV0149,U277,0
T003628,U139,2026-05-23T12:08:36.589758,126.31,-25.40201,-49.32232,DEV0106,M060,0
T003629,U386,2026-05-23T01:41:44.702658,18.59,-19.88311,-43.88777,DEV0318,M088,0
T003630,U470,2026-05-23T04:17:23.876619,560.81,-29.96569,-51.11934,DEV0527,M062,0
T003631,U099,2026-05-23T06:02:04.300203,6.04,-15.79465,-47.87021,DEV0277,M049,0
T003632,U232,2026-05-23T09:24:54.155106,162.85,-15.82077,-48.01452,DEV0065,M081,0
T003633,U084,2026-05-22T22:04:16.019387,30.7,-30.0539,-51.21661,DEV0298,M090,0
T003634,U026,2026-05-22T23:44:34.612872,371.68,-15.79614,-47.94367,DEV0270,M080,0
T003635,U180,2026-05-23T18:48:34.193362,515.04,-23.5892,-46.54719,DEV0798,M007,0
T003636,U065,2026-05-23T04:08:51.137277,117.09,-15.81969,-47.96578,DEV0386,M001,0
T003637,U327,2026-05-23T10:36:18.725256,367.39,-22.91207,-43.22453,DEV0588,M002,1
T003638,U071,2026-05-22T23:30:02.354752,104.0,-15.80547,-47.89856,DEV0416,U469,0
T003639,U211,2026-05-24T00:29:17.271065,55.24,-23.53257,-46.73583,DEV0117,M009,0
T003640,U094,2026-05-23T06:54:20.014350,8.71,-15.78658,-48.00249,DEV0227,M053,0
T003641,U138,2026-05-23T06:07:14.556202,125.73,-29.96915,-51.25596,DEV0656,M016,0
T003642,U009,2026-05-22T21:51:10.879330,6.48,-15.85313,-47.93548,DEV0253,M083,0
T003643,U294,2026-05-23T12:24:05.085636,169.97,-25.35916,-49.34614,DEV0394,M074,0
T003644,U409,2026-05-23T17:03:21.722241,112.22,-22.92823,-43.19546,DEV0514,M067,0
T003645,U382,2026-05-23T06:17:17.194204,85933.71,-25.36135,-49.32856,DEV0630,M092,1
T003646,U369,2026-05-23T05:22:37.816253,6.12,-30.08132,-51.18146,DEV0371,U456,0
T003647,U473,2026-05-22T17:59:46.714942,8.89,-13.00305,-38.45422,DEV0426,M055,0
T003648,U436,2026-05-23T11:58:33.838893,237.86,-12.95458,-38.52525,DEV0149,M089,0
T003649,U218,2026-05-24T01:20:12.205626,59.71,-23.51815,-46.65405,DEV0373,M055,0
T003650,U365,2026-05-23T23:03:10.199726,5.9,-23.48432,-46.65883,DEV0726,M084,0
T003651,U326,2026-05-22T21:58:54.764807,772.91,-12.97823,-38.50259,DEV0376,M050,0
T003652,U270,2026-05-22T22:19:20.318598,22.51,-13.08377,-38.50723,DEV0634,M003,0
T003653,U149,2026-05-22T23:07:04.581214,96.87,-29.9923,-51.12037,DEV0076,M057,0
T003654,U244,2026-05-23T02:52:03.342583,38.22,-12.97107,-38.52188,DEV0772,M018,0
T003655,U440,2026-05-23T04:11:58.057727,1039.18,-15.84577,-47.965,DEV0624,M070,1
T003656,U020,2026-05-23T16:03:43.137447,38.94,-30.08174,-51.14885,DEV0428,M060,0
T003657,U036,2026-05-22T20:14:37.444057,32.2,-12.9193,-38.41805,DEV0490,M006,0
T003658,U026,2026-05-23T01:09:03.248265,229.9,-15.75271,-47.98054,DEV0270,M011,0
T003659,U391,2026-05-23T12:28:32.422380,311.64,-23.63053,-46.74051,DEV0114,M080,1
T003660,U277,2026-05-23T01:50:21.622095,53.23,-23.5136,-46.702,DEV0214,M050,0
T003661,U435,2026-05-22T20:32:58.666315,240.15,-12.90911,-38.45268,DEV0292,U320,0
T003662,U326,2026-05-22T23:21:59.199379,293.27,-12.95554,-38.41192,DEV0376,U273,0
T003663,U247,2026-05-22T23:45:50.827314,198.1,-22.91189,-43.21895,DEV0250,M053,0
T003664,U028,2026-05-22T22:39:31.219237,5.65,-25.39928,-49.27267,DEV0702,U111,0
T003665,U046,2026-05-23T15:48:24.446858,64.74,-19.89538,-44.02236,DEV0575,M069,0
T003666,U198,2026-05-22T21:34:49.490065,8.04,-12.91563,-38.51862,DEV0029,M020,0
T003667,U456,2026-05-23T11:28:23.422584,21.93,-23.5204,-46.5428,DEV0466,M004,0
T003668,U063,2026-05-23T05:57:11.169927,29.71,-23.49904,-46.59867,DEV0692,M059,0
T003669,U099,2026-05-23T07:33:41.359761,29.77,-15.84712,-47.89732,DEV0277,M039,0
T003670,U302,2026-05-23T12:56:34.339745,22.05,-15.86413,-48.02439,DEV0503,M036,0
T003671,U077,2026-05-24T09:04:32.244869,24.95,-15.76875,-47.96271,DEV0464,U007,0
T003672,U213,2026-05-22T21:29:25.493627,28.13,-13.02152,-38.46348,DEV0149,M041,0
T003673,U058,2026-05-23T05:34:36.868805,195.1,-19.96397,-43.87627,DEV0633,M004,0
T003674,U247,2026-05-23T01:13:08.428365,142.29,-22.85211,-43.2402,DEV0250,M075,0
T003675,U027,2026-05-23T01:40:25.054067,39.83,-30.08224,-51.17631,DEV0456,M087,0
T003676,U205,2026-05-23T18:09:49.816951,6.91,-19.89413,-43.91619,DEV0039,M035,0
T003677,U143,2026-05-23T16:59:35.597953,164.43,-30.08553,-51.2481,DEV0127,M075,0
T003678,U411,2026-05-23T05:36:11.991806,27.65,-22.92614,-43.1562,DEV0707,M072,0
T003679,U062,2026-05-23T08:34:04.182785,31.3,-29.97391,-51.19058,DEV0374,M092,0
T003680,U478,2026-05-23T02:15:17.216983,23.07,-13.06331,-38.49592,DEV0477,U115,0
T003681,U246,2026-05-23T15:17:11.008379,55.42,-25.4711,-49.23902,DEV0095,M091,0
T003682,U038,2026-05-23T00:58:21.877325,34.32,-25.48858,-49.20697,DEV0033,M049,0
T003683,U419,2026-05-22T23:34:28.333922,272.54,-23.49403,-46.68563,DEV0552,M045,0
T003684,U433,2026-05-23T01:40:26.339603,127.4,-15.72225,-47.9302,DEV0576,U111,0
T003685,U256,2026-05-22T23:11:34.765518,30.91,-15.78226,-47.94046,DEV0335,M071,0
T003686,U213,2026-05-22T21:47:33.534614,6.41,-13.01097,-38.55307,DEV0149,M028,0
T003687,U458,2026-05-23T04:37:38.139396,12.48,-12.99099,-38.53439,DEV0538,U188,0
T003688,U255,2026-05-23T09:47:04.121457,106.8,-22.90669,-43.1576,DEV0306,U020,0
T003689,U180,2026-05-23T22:10:21.950741,127.3,-23.61292,-46.70432,DEV0798,U284,0
T003690,U421,2026-05-22T22:16:39.760871,43.0,-15.7461,-47.91951,DEV0235,M049,0
T003691,U038,2026-05-23T02:53:05.888272,4.46,-25.4391,-49.27425,DEV0033,M097,0
T003692,U026,2026-05-23T01:28:50.495116,62.81,-15.80849,-47.98735,DEV0270,M046,0
T003693,U186,2026-05-22T19:53:39.354387,152.41,-25.36362,-49.23641,DEV0506,M018,0
T003694,U185,2026-05-22T17:31:06.480030,77.37,-25.48857,-49.31763,DEV0718,M092,0
T003695,U264,2026-05-23T16:35:37.993038,93.78,-19.91097,-43.97192,DEV0043,M062,0
T003696,U119,2026-05-23T14:19:34.438307,15.88,-15.71991,-47.89598,DEV0792,M031,0
T003697,U261,2026-05-22T23:02:29.634444,39.46,-23.51,-46.70839,DEV0330,M030,0
T003698,U042,2026-05-23T20:55:45.589459,85.13,-12.99059,-38.50954,DEV0462,M081,0
T003699,U497,2026-05-23T00:12:50.583272,20.33,-15.80901,-47.93381,DEV0517,M090,0
T003700,U454,2026-05-22T17:59:57.158176,44.08,-30.03979,-51.14646,DEV0661,M038,0
T003701,U022,2026-05-23T00:34:08.311839,128.44,-25.36724,-49.30398,DEV0562,U424,0
T003702,U485,2026-05-22T23:38:28.511038,6.34,-23.54883,-46.70446,DEV0432,U219,0
T003703,U104,2026-05-23T03:56:41.637532,285.59,-12.88869,-38.41193,DEV0563,M094,0
T003704,U463,2026-05-23T13:43:59.611808,315.61,-22.89494,-43.13847,DEV0727,M063,0
T003705,U107,2026-05-22T19:56:47.653293,91.91,-23.52055,-46.64867,DEV0453,M057,0
T003706,U118,2026-05-23T00:28:05.686471,255.39,-15.7787,-47.92154,DEV0570,M047,0
T003707,U229,2026-05-23T02:44:24.355542,4.43,-12.9552,-38.4445,DEV0450,U238,0
T003708,U421,2026-05-22T22:35:23.137648,85.71,-15.84401,-47.92567,DEV0235,M063,0
T003709,U449,2026-05-22T23:41:27.255758,864.72,-25.42504,-49.30379,DEV0172,U203,0
T003710,U297,2026-05-23T12:27:39.133383,35.19,-23.58839,-46.61936,DEV0748,M075,0
T003711,U224,2026-05-23T05:42:25.119785,94.45,-25.38027,-49.19627,DEV0041,U236,0
T003712,U488,2026-05-23T18:06:58.151199,94.6,-19.84685,-43.91163,DEV0061,M013,0
T003713,U293,2026-05-23T10:51:43.706468,6.11,-23.52332,-46.62886,DEV0525,M063,0
T003714,U324,2026-05-23T06:18:20.221836,297.98,-15.75263,-47.87483,DEV0095,M002,0
T003715,U021,2026-05-23T13:50:39.083419,420.65,-30.11033,-51.10368,DEV0035,M073,0
T003716,U312,2026-05-22T17:05:16.760488,142.02,-19.95025,-43.94396,DEV0173,M073,0
T003717,U333,2026-05-24T02:21:01.292497,22.1,-15.78372,-47.92136,DEV0132,M026,0
T003718,U025,2026-05-22T22:05:06.188988,800.92,-22.91716,-43.13863,DEV0556,M003,0
T003719,U419,2026-05-23T03:16:02.892984,22.01,-23.61952,-46.65405,DEV0552,U472,0
T003720,U311,2026-05-22T21:31:29.549304,28.95,-30.10958,-51.28951,DEV0715,M007,0
T003721,U392,2026-05-23T02:18:34.017996,12.12,-20.00629,-43.92378,DEV0644,U205,0
T003722,U167,2026-05-23T12:06:40.913783,8.91,-13.05314,-38.57206,DEV0012,M045,0
T003723,U053,2026-05-23T01:06:42.898542,148.85,-15.80303,-47.83244,DEV0646,M004,0
T003724,U092,2026-05-22T22:12:01.069019,289.44,-25.4666,-49.34141,DEV0587,M097,0
T003725,U466,2026-05-23T09:57:55.963205,11.23,-23.57663,-46.64392,DEV0526,U197,0
T003726,U462,2026-05-23T08:13:26.393016,17.16,-13.04207,-38.46757,DEV0519,M060,0
T003727,U390,2026-05-22T21:59:54.232190,125.7,-30.0149,-51.21545,DEV0194,U379,0
T003728,U168,2026-05-23T13:42:44.682444,33.99,-22.94984,-43.1995,DEV0253,M013,0
T003729,U055,2026-05-23T14:20:18.631041,55.16,-15.70662,-47.93805,DEV0331,M094,0
T003730,U411,2026-05-23T06:16:45.351148,132.61,-22.89825,-43.12904,DEV0707,M040,0
T003731,U442,2026-05-23T19:44:07.074873,79.81,-25.45272,-49.32592,DEV0467,M020,0
T003732,U056,2026-05-23T06:29:36.914140,84.82,-29.94282,-51.16824,DEV0348,M027,0
T003733,U481,2026-05-23T06:39:16.509569,39.95,-15.88037,-47.9135,DEV0359,U034,0
T003734,U229,2026-05-23T03:08:34.529193,114.78,-12.97741,-38.46125,DEV0766,U213,1
T003735,U206,2026-05-24T00:46:38.036586,1.78,-12.9317,-38.51102,DEV0653,U390,0
T003736,U393,2026-05-22T21:51:39.520011,58726.41,-12.95644,-38.48549,DEV0055,U317,1
T003737,U339,2026-05-23T03:17:10.257642,378.2,-30.07748,-51.24745,DEV0616,M099,1
T003738,U253,2026-05-23T11:10:36.077017,17.29,-15.68103,-47.87872,DEV0578,M062,0
T003739,U022,2026-05-23T00:47:57.382102,43.2,-25.37021,-49.28616,DEV0562,M005,0
T003740,U430,2026-05-23T09:26:22.647283,21.89,-22.96271,-43.13363,DEV0268,M071,0
T003741,U171,2026-05-22T22:14:14.163583,117.43,-19.90769,-44.04673,DEV0617,U004,0
T003742,U031,2026-05-24T00:24:15.848580,50.21,-25.50283,-49.30367,DEV0493,M038,0
T003743,U141,2026-05-23T11:48:33.261568,20.73,-25.38425,-49.24615,DEV0058,M059,0
T003744,U281,2026-05-22T20:26:39.070732,103.22,-12.91444,-38.52376,DEV0692,M071,0
T003745,U162,2026-05-23T15:56:08.078748,544.06,-20.01276,-44.02091,DEV0664,M016,0
T003746,U031,2026-05-24T00:54:09.605943,49.66,-25.47615,-49.2997,DEV0493,M052,0
T003747,U477,2026-05-23T13:48:46.976000,49.7,-19.91129,-43.93656,DEV0039,M058,0
T003748,U497,2026-05-23T00:24:14.480438,14.59,-15.83949,-47.99153,DEV0517,M099,0
T003749,U333,2026-05-24T22:29:42.196801,4048.04,-15.75986,-47.92596,DEV0132,M032,1
T003750,U070,2026-05-23T04:14:39.118576,8.31,-22.92524,-43.16478,DEV0053,U461,0
T003751,U059,2026-05-24T03:17:42.084441,12.08,-23.5685,-46.68234,DEV0259,U158,0
T003752,U018,2026-05-23T18:58:11.259730,8.67,-23.63419,-46.68272,DEV0346,U478,0
T003753,U485,2026-05-23T07:11:24.987868,23.55,-23.54664,-46.6452,DEV0432,M079,0
T003754,U300,2026-05-24T00:13:51.379405,826.7,-19.82876,-43.91518,DEV0741,U290,0
T003755,U254,2026-05-23T04:09:19.236112,131.22,-30.04718,-51.23015,DEV0422,M099,0
T003756,U264,2026-05-23T18:31:54.960462,34.76,-19.83399,-43.87725,DEV0043,U075,0
T003757,U402,2026-05-23T11:16:55.602531,9.17,-29.98855,-51.342,DEV0264,M005,0
T003758,U056,2026-05-23T06:39:56.542948,150.82,-30.0065,-51.18429,DEV0348,M033,0
T003759,U021,2026-05-23T19:56:24.236894,1043.19,-30.02881,-51.2131,DEV0035,M018,0
T003760,U240,2026-05-23T02:04:36.947421,43.64,-13.02701,-38.52603,DEV0023,M069,0
T003761,U489,2026-05-23T04:17:31.290654,1185.88,-25.40368,-49.25285,DEV0710,U268,0
T003762,U019,2026-05-23T19:41:03.168279,191.68,-25.45012,-49.28057,DEV0092,U442,0
T003763,U241,2026-05-22T22:16:48.382657,517.35,-13.00536,-38.53056,DEV0714,M026,0
T003764,U233,2026-05-23T00:09:07.589523,44.35,-29.99076,-51.29528,DEV0177,M051,0
T003765,U420,2026-05-23T05:04:02.821251,18.1,-23.51678,-46.53938,DEV0359,U044,0
T003766,U357,2026-05-23T17:03:13.220758,190.87,-29.93938,-51.24712,DEV0346,U116,0
T003767,U374,2026-05-23T00:54:19.724253,46.24,-19.92354,-43.88332,DEV0386,M062,0
T003768,U189,2026-05-24T03:15:41.079761,141.04,-30.05791,-51.18474,DEV0144,M007,0
T003769,U350,2026-05-23T06:50:32.142747,22.95,-25.37774,-49.24808,DEV0696,M050,0
T003770,U128,2026-05-23T21:47:01.304945,5.97,-15.69587,-47.99868,DEV0471,M033,0
T003771,U339,2026-05-23T03:20:49.281734,57639.74,-30.09855,-51.18699,DEV0616,M058,1
T003772,U440,2026-05-23T07:42:07.437917,148.06,-15.81242,-47.9263,DEV0406,M038,0
T003773,U167,2026-05-23T12:08:26.606772,18.08,-12.84956,-38.47857,DEV0012,U267,0
T003774,U387,2026-05-23T09:26:46.948957,2.39,-12.87225,-38.48413,DEV0305,M006,0
T003775,U026,2026-05-23T05:28:26.013563,193.5,-15.86074,-47.82855,DEV0270,M048,0
T003776,U412,2026-05-22T21:11:13.406736,56.52,-25.33542,-49.31467,DEV0532,M007,0
T003777,U272,2026-05-23T11:46:31.846446,10.04,-22.92538,-43.17435,DEV0534,M022,0
T003778,U452,2026-05-22T19:19:05.783488,17.29,-29.97743,-51.27584,DEV0497,M044,0
T003779,U474,2026-05-23T03:37:47.092898,153.36,-22.94429,-43.24335,DEV0311,U282,0
T003780,U437,2026-05-23T03:22:42.292252,308.22,-19.91167,-43.96283,DEV0512,M075,0
T003781,U184,2026-05-23T10:31:23.847303,7.07,-23.59065,-46.65769,DEV0076,M062,0
T003782,U105,2026-05-23T11:46:07.221401,82.38,-19.95476,-43.95602,DEV0027,M001,0
T003783,U494,2026-05-23T12:51:59.053283,2.31,-19.84615,-43.95497,DEV0493,M072,0
T003784,U107,2026-05-23T00:55:07.362239,77.83,-23.53578,-46.63956,DEV0453,U313,0
T003785,U007,2026-05-22T22:08:13.307998,69.17,-15.77181,-47.85764,DEV0386,M011,0
T003786,U211,2026-05-24T01:15:56.764817,239.03,-23.46956,-46.79945,DEV0117,M014,0
T003787,U432,2026-05-23T03:56:52.710374,176.88,-23.61088,-46.61227,DEV0476,U453,0
T003788,U438,2026-05-23T03:15:06.520912,88.72,-19.91441,-43.96815,DEV0744,M029,0
T003789,U057,2026-05-22T22:30:18.719919,67.98,-15.69607,-47.92222,DEV0225,M051,0
T003790,U369,2026-05-23T09:02:25.276954,120.47,-30.09194,-51.23967,DEV0371,M096,0
T003791,U028,2026-05-23T00:01:33.178111,1.62,-25.44179,-49.29858,DEV0702,M081,0
T003792,U274,2026-05-23T16:13:54.104941,96.54,-22.87539,-43.16211,DEV0046,U262,0
T003793,U419,2026-05-23T05:30:42.522052,1.31,-23.4539,-46.68349,DEV0552,M087,0
T003794,U318,2026-05-23T04:22:06.069930,1.4,-13.03557,-38.53232,DEV0259,M033,0
T003795,U269,2026-05-23T11:30:03.883944,318.22,-19.93479,-43.88193,DEV0093,M069,0
T003796,U433,2026-05-23T04:00:41.117754,129.0,-15.73767,-47.9039,DEV0576,M003,0
T003797,U203,2026-05-22T22:39:11.618999,184.28,-19.93254,-43.89903,DEV0445,M043,0
T003798,U206,2026-05-24T05:53:17.861364,60.59,-12.94563,-38.46853,DEV0653,U246,0
T003799,U057,2026-05-22T23:50:32.780727,73.4,-15.83996,-47.92007,DEV0225,M032,0
T003800,U367,2026-05-23T05:35:05.968619,49.57,-15.7532,-47.92474,DEV0420,M078,0
T003801,U334,2026-05-23T13:06:16.275528,137.7,-22.95755,-43.20116,DEV0089,M051,0
T003802,U221,2026-05-23T17:31:44.079498,22.98,-15.70721,-47.9359,DEV0408,U424,0
T003803,U128,2026-05-24T00:05:51.923704,21.08,-15.78545,-47.86507,DEV0471,M062,0
T003804,U424,2026-05-23T07:54:55.882777,17.08,-15.75546,-47.96172,DEV0146,M099,0
T003805,U318,2026-05-23T05:33:07.387438,33.09,-12.93738,-38.47836,DEV0259,U173,0
T003806,U465,2026-05-23T08:09:08.789215,411.5,-22.85871,-43.24718,DEV0443,M054,0
T003807,U071,2026-05-22T23:59:36.802930,8.51,-15.88797,-47.91724,DEV0416,M093,0
T003808,U060,2026-05-23T04:06:17.704271,9.76,-19.8257,-43.95101,DEV0649,M061,0
T003809,U351,2026-05-23T21:26:01.160961,24.16,-13.0279,-38.48242,DEV0157,U468,0
T003810,U309,2026-05-23T04:52:24.610292,126.41,-15.67665,-47.96777,DEV0606,M037,0
T003811,U039,2026-05-23T18:08:23.649834,28.56,-30.05527,-51.16187,DEV0574,M005,0
T003812,U078,2026-05-23T16:33:15.909335,111.28,-25.42754,-49.26255,DEV0764,U499,0
T003813,U187,2026-05-23T06:20:46.113725,95.76,-12.98509,-38.55918,DEV0069,M058,0
T003814,U213,2026-05-23T01:06:01.471987,6.94,-12.94509,-38.50525,DEV0149,M048,0
T003815,U251,2026-05-22T23:35:22.334125,11.05,-23.53466,-46.64317,DEV0624,M071,0
T003816,U059,2026-05-24T03:46:16.954961,5.81,-23.4835,-46.66981,DEV0259,M009,0
T003817,U219,2026-05-23T18:44:03.364336,470.86,-19.8518,-43.95294,DEV0656,M042,0
T003818,U404,2026-05-23T06:08:56.128371,351.8,-19.91741,-43.91986,DEV0452,U484,0
T003819,U091,2026-05-23T11:33:47.811884,191.95,-15.82235,-47.93054,DEV0120,M024,0
T003820,U097,2026-05-23T05:54:21.257633,864.07,-19.96768,-43.94452,DEV0720,U104,0
T003821,U115,2026-05-23T07:44:22.310995,330.7,-29.97625,-51.14282,DEV0253,M086,0
T003822,U478,2026-05-23T04:01:39.574838,3.58,-12.978,-38.49328,DEV0477,M075,0
T003823,U210,2026-05-22T17:15:34.609604,126.04,-29.94432,-51.24282,DEV0508,M084,0
T003824,U462,2026-05-23T08:47:42.624748,86.21,-12.95013,-38.43629,DEV0519,M007,0
T003825,U342,2026-05-23T11:55:16.368900,307.04,-25.48817,-49.2422,DEV0015,M039,0
T003826,U238,2026-05-23T06:17:34.574589,18.25,-30.13026,-51.14943,DEV0518,M011,0
T003827,U142,2026-05-22T20:36:43.589243,603.46,-12.94633,-38.45516,DEV0474,U475,0
T003828,U134,2026-05-23T10:33:12.638935,20.47,-15.74492,-48.01719,DEV0444,M032,0
T003829,U453,2026-05-23T16:09:48.614512,233.92,-15.87534,-47.98292,DEV0592,U443,0
T003830,U117,2026-05-23T03:36:24.063272,33.11,-22.94649,-43.11291,DEV0793,M091,0
T003831,U160,2026-05-23T01:50:39.071247,98994.75,-23.50162,-46.6131,DEV0325,U453,1
T003832,U073,2026-05-23T00:42:12.171336,370.47,-23.5339,-46.65598,DEV0767,M089,0
T003833,U349,2026-05-23T06:08:17.063400,157.7,-30.00749,-51.24304,DEV0228,U434,0
T003834,U215,2026-05-22T18:01:06.153527,172.66,-25.4276,-49.28935,DEV0227,M005,0
T003835,U034,2026-05-22T22:06:13.967434,2.02,-30.10961,-51.20445,DEV0139,M048,0
T003836,U463,2026-05-23T16:55:54.769362,271.4,-22.95273,-43.1181,DEV0727,M094,0
T003837,U005,2026-05-23T04:49:24.866459,125.22,-25.39865,-49.3382,DEV0664,U253,0
T003838,U228,2026-05-24T02:03:23.538170,11.54,-15.78556,-47.94573,DEV0594,M068,0
T003839,U246,2026-05-23T20:11:27.598309,56407.69,-25.42927,-49.25551,DEV0095,M095,1
T003840,U247,2026-05-23T01:39:31.148629,86.53,-22.86941,-43.15117,DEV0250,U279,0
T003841,U282,2026-05-23T11:18:08.010796,82.56,-30.0611,-51.16658,DEV0056,M001,0
T003842,U276,2026-05-23T07:29:29.342893,28.35,-23.56465,-46.67868,DEV0794,U498,0
T003843,U301,2026-05-22T19:53:31.175425,90.9,-12.96766,-38.47005,DEV0662,M062,0
T003844,U331,2026-05-22T19:39:38.394481,57.8,-15.78402,-47.8985,DEV0291,M083,0
T003845,U458,2026-05-23T05:34:33.123962,16.86,-12.99228,-38.55824,DEV0538,U236,0
T003846,U037,2026-05-23T04:36:19.377885,30.51,-23.64918,-46.60234,DEV0028,U294,0
T003847,U032,2026-05-22T21:37:39.918288,12.26,-30.00747,-51.24477,DEV0065,M090,0
T003848,U075,2026-05-23T05:00:00.925683,1.63,-19.96469,-43.89286,DEV0511,U252,0
T003849,U100,2026-05-22T20:25:59.564963,51.86,-30.08974,-51.21986,DEV0195,U253,0
T003850,U342,2026-05-23T14:38:39.605737,36.6,-25.3334,-49.20717,DEV0015,U121,0
T003851,U115,2026-05-23T08:42:53.099760,43.48,-30.11399,-51.21716,DEV0253,M008,0
T003852,U015,2026-05-22T22:34:04.800476,57190.24,-19.98282,-44.00149,DEV0647,M096,1
T003853,U283,2026-05-23T10:44:49.680234,34.17,-22.89606,-43.22526,DEV0028,M029,0
T003854,U214,2026-05-23T17:01:09.902947,126.09,-13.05503,-38.4985,DEV0203,U344,0
T003855,U280,2026-05-23T16:23:04.065316,172.64,-23.5836,-46.64733,DEV0008,M076,0
T003856,U068,2026-05-23T16:08:13.762567,8.52,-25.36683,-49.238,DEV0566,M021,0
T003857,U421,2026-05-23T02:47:30.941708,145.26,-15.76839,-47.91682,DEV0235,M088,0
T003858,U254,2026-05-23T04:23:25.478747,131.41,-30.04599,-51.23213,DEV0422,U125,0
T003859,U052,2026-05-23T00:10:20.286922,251.46,-25.47441,-49.24488,DEV0578,M068,0
T003860,U290,2026-05-23T07:33:24.118428,36.87,-30.02313,-51.12588,DEV0485,U185,0
T003861,U449,2026-05-23T11:53:42.226995,324.24,-25.38172,-49.24098,DEV0172,M047,0
T003862,U350,2026-05-23T06:55:28.474643,573.3,-25.43345,-49.27344,DEV0460,U037,1
T003863,U110,2026-05-23T14:25:11.088580,506.52,-25.40321,-49.24561,DEV0158,U447,0
T003864,U489,2026-05-23T05:02:29.323826,23.53,-25.55324,-49.27279,DEV0710,M084,0
T003865,U269,2026-05-23T12:19:58.492353,120.97,-19.85032,-43.87682,DEV0093,U411,0
T003866,U313,2026-05-22T23:44:28.931903,5.01,-15.7796,-47.92983,DEV0410,M080,0
T003867,U264,2026-05-23T18:58:58.093424,77.46,-19.93505,-44.01744,DEV0043,M011,0
T003868,U055,2026-05-23T14:39:53.237988,158.23,-15.81511,-47.86332,DEV0331,M070,0
T003869,U475,2026-05-23T13:13:55.982281,2.32,-22.93147,-43.22202,DEV0414,M024,0
T003870,U445,2026-05-23T06:52:49.040930,37.08,-12.93279,-38.46754,DEV0073,M085,0
T003871,U059,2026-05-24T04:44:18.587232,1.47,-23.52962,-46.5583,DEV0259,U298,0
T003872,U319,2026-05-22T22:42:05.104166,97.76,-22.98897,-43.22333,DEV0010,M090,0
T003873,U408,2026-05-22T15:16:56.687735,24.23,-13.04079,-38.51611,DEV0548,U213,0
T003874,U158,2026-05-23T05:13:05.223633,1908.76,-22.89525,-43.16487,DEV0180,M050,1
T003875,U013,2026-05-23T04:39:31.034771,37.21,-15.75253,-47.86881,DEV0563,M061,0
T003876,U050,2026-05-23T11:26:52.381490,97.49,-13.00644,-38.4745,DEV0036,M090,0
T003877,U340,2026-05-22T14:34:53.195968,185.85,-30.039,-51.20859,DEV0198,M072,0
T003878,U023,2026-05-23T03:24:43.849411,12.84,-23.01477,-43.12531,DEV0390,U428,0
T003879,U116,2026-05-23T09:30:55.828653,305.38,-29.96607,-51.30289,DEV0161,M035,0
T003880,U497,2026-05-23T02:07:17.536690,15.98,-15.771,-47.99693,DEV0517,U323,0
T003881,U385,2026-05-23T06:55:36.428346,81.05,-15.77295,-47.98409,DEV0215,M059,0
T003882,U011,2026-05-23T02:21:21.454899,305.33,-22.86133,-43.20609,DEV0476,M082,0
T003883,U094,2026-05-23T07:20:11.369795,310.06,-15.70872,-48.0048,DEV0227,M043,0
T003884,U314,2026-05-23T18:59:01.166133,274.21,-19.88058,-43.92806,DEV0724,U270,0
T003885,U418,2026-05-23T06:51:03.263050,30.49,-23.53717,-46.58087,DEV0115,U034,0
T003886,U033,2026-05-22T19:41:12.918058,140.63,-23.63964,-46.62968,DEV0344,U272,0
T003887,U494,2026-05-23T13:47:22.783206,31.62,-19.83905,-43.88795,DEV0493,M012,0
T003888,U323,2026-05-23T19:40:44.063632,290.91,-19.86673,-43.89835,DEV0550,M063,0
T003889,U041,2026-05-23T07:04:31.420339,11.54,-19.873,-43.91911,DEV0547,M086,0
T003890,U287,2026-05-22T21:25:32.452538,60.59,-19.95668,-43.94912,DEV0751,M027,0
T003891,U380,2026-05-23T15:49:47.951218,77.04,-22.90548,-43.17828,DEV0469,M019,0
T003892,U320,2026-05-23T06:34:29.985380,15.22,-22.88264,-43.12353,DEV0172,M069,0
T003893,U266,2026-05-23T04:35:41.192611,30.34,-30.07372,-51.23005,DEV0095,M035,0
T003894,U491,2026-05-23T07:53:43.058205,49.46,-15.7594,-47.99432,DEV0226,M073,0
T003895,U400,2026-05-22T23:37:00.375372,454.8,-15.77669,-47.91404,DEV0761,M018,0
T003896,U123,2026-05-23T03:19:02.431546,133.41,-19.85524,-43.90631,DEV0246,U474,0
T003897,U057,2026-05-23T03:57:32.972365,62.2,-15.77517,-47.89936,DEV0225,U412,0
T003898,U122,2026-05-23T10:53:41.246577,139.84,-23.62495,-46.63434,DEV0104,M062,0
T003899,U125,2026-05-23T01:26:07.753088,199.64,-19.97429,-43.97694,DEV0408,M091,0
T003900,U145,2026-05-23T06:37:18.487224,14.52,-23.59181,-46.61203,DEV0751,M055,0
T003901,U340,2026-05-22T15:42:55.007371,507.12,-30.08658,-51.20286,DEV0198,U478,0
T003902,U142,2026-05-22T21:20:36.214128,206.73,-12.95997,-38.54019,DEV0474,M037,0
T003903,U298,2026-05-23T00:14:58.637043,15.52,-23.48702,-46.58642,DEV0613,M004,0
T003904,U167,2026-05-23T12:43:27.437557,5.78,-13.01201,-38.41215,DEV0012,M007,0
T003905,U480,2026-05-22T21:55:02.057333,39.49,-25.36605,-49.21963,DEV0239,M050,0
T003906,U476,2026-05-23T00:12:24.704998,50.33,-12.99097,-38.51371,DEV0141,M063,0
T003907,U244,2026-05-23T03:20:45.259555,90.13,-13.01077,-38.46423,DEV0772,M029,0
T003908,U057,2026-05-23T04:26:24.446543,109.87,-15.8502,-47.94873,DEV0225,M010,0
T003909,U176,2026-05-23T02:33:14.684469,2.17,-19.9294,-43.97576,DEV0689,M023,0
T003910,U367,2026-05-23T05:41:29.015641,44.21,-15.74091,-47.96644,DEV0420,M008,0
T003911,U348,2026-05-23T04:24:59.073324,304.41,-23.59093,-46.61594,DEV0118,U064,0
T003912,U075,2026-05-23T05:13:33.903308,45.53,-19.98984,-43.98184,DEV0511,M078,0
T003913,U236,2026-05-22T23:32:44.276647,22.25,-23.54043,-46.56394,DEV0610,M026,0
T003914,U449,2026-05-23T18:00:10.063791,153.97,-25.38996,-49.34239,DEV0172,U385,0
T003915,U312,2026-05-22T19:16:48.081392,1144.39,-19.87458,-43.8743,DEV0173,U244,0
T003916,U017,2026-05-23T01:05:21.270847,7.71,-25.4744,-49.24445,DEV0014,U187,0
T003917,U055,2026-05-23T14:51:46.372496,48.81,-15.82106,-47.99339,DEV0331,M006,0
T003918,U070,2026-05-23T04:52:18.364375,81.3,-22.92282,-43.15504,DEV0053,M085,0
T003919,U044,2026-05-23T10:53:00.219529,6.24,-15.74634,-47.97946,DEV0795,U084,0
T003920,U267,2026-05-22T22:06:07.696665,96.61,-25.34991,-49.23488,DEV0360,U242,0
T003921,U271,2026-05-23T23:01:02.370265,237.73,-12.92371,-38.4704,DEV0005,M058,0
T003922,U280,2026-05-24T00:30:36.041704,148.41,-23.48752,-46.63372,DEV0008,M038,0
T003923,U431,2026-05-23T13:49:06.525401,5.87,-12.99476,-38.47121,DEV0455,M038,0
T003924,U465,2026-05-23T08:19:09.812067,441.88,-23.00011,-43.07143,DEV0443,M089,0
T003925,U369,2026-05-23T11:35:42.508722,77.52,-30.0747,-51.21096,DEV0371,M082,0
T003926,U425,2026-05-23T16:08:03.086233,387.58,-22.95718,-43.24366,DEV0356,M073,0
T003927,U309,2026-05-23T09:04:06.439376,1.42,-15.71458,-47.87475,DEV0606,U349,0
T003928,U125,2026-05-23T02:55:21.052472,224.53,-19.91257,-43.93108,DEV0408,M088,0
T003929,U330,2026-05-23T17:05:19.362426,64.27,-23.5618,-46.60132,DEV0229,M001,0
T003930,U133,2026-05-23T02:37:01.595760,383.25,-25.52381,-49.26882,DEV0682,M045,0
T003931,U223,2026-05-22T22:56:30.573000,297.4,-22.81311,-43.12448,DEV0316,M039,0
T003932,U292,2026-05-23T08:58:54.259674,34.78,-22.92546,-43.25149,DEV0126,U113,0
T003933,U443,2026-05-22T22:45:33.259520,189.65,-19.97059,-43.92082,DEV0507,M100,0
T003934,U441,2026-05-23T00:35:30.052849,4.87,-23.54012,-46.5158,DEV0762,M013,0
T003935,U081,2026-05-23T01:15:18.175784,30.38,-25.51101,-49.28493,DEV0489,M087,0
T003936,U346,2026-05-23T05:00:39.220026,481.34,-15.81303,-47.88967,DEV0196,M028,0
T003937,U061,2026-05-23T05:39:27.980475,137.95,-23.63882,-46.59751,DEV0234,M079,0
T003938,U286,2026-05-23T06:52:24.800470,35.31,-19.84246,-43.88421,DEV0623,M083,0
T003939,U263,2026-05-23T12:13:15.689963,38.84,-13.00591,-38.55321,DEV0450,M060,0
T003940,U178,2026-05-23T18:49:14.538201,280.27,-15.75635,-47.92778,DEV0736,U153,0
T003941,U497,2026-05-23T02:56:40.446391,1.37,-15.78265,-47.98689,DEV0517,M011,0
T003942,U442,2026-05-24T02:03:22.430090,36.51,-25.4263,-49.24937,DEV0467,M079,0
T003943,U251,2026-05-23T02:05:15.660450,2.13,-23.51425,-46.63683,DEV0624,U458,0
T003944,U228,2026-05-24T09:43:13.700640,80.78,-15.75062,-47.97912,DEV0594,M079,0
T003945,U460,2026-05-23T03:17:27.414822,495.22,-30.00478,-51.22159,DEV0794,M057,0
T003946,U110,2026-05-23T16:03:57.903116,1239.72,-25.49946,-49.30557,DEV0158,M002,0
T003947,U283,2026-05-23T13:46:52.341357,176.08,-22.83061,-43.17227,DEV0028,M025,0
T003948,U011,2026-05-23T03:43:18.918280,70.11,-22.8706,-43.14791,DEV0476,M046,0
T003949,U070,2026-05-23T04:57:49.743889,203.59,-22.87914,-43.08471,DEV0053,U100,0
T003950,U190,2026-05-22T23:30:21.043262,8.06,-13.00187,-38.50542,DEV0693,M007,0
T003951,U311,2026-05-23T00:22:56.523025,24.08,-30.02809,-51.18665,DEV0715,M076,0
T003952,U244,2026-05-23T04:01:38.516146,26.23,-12.94962,-38.53923,DEV0772,M020,0
T003953,U177,2026-05-23T20:22:49.787363,46.95,-25.46348,-49.29818,DEV0096,M042,0
T003954,U410,2026-05-23T11:10:05.582424,16.34,-12.97041,-38.47149,DEV0523,M095,0
T003955,U263,2026-05-23T15:47:54.290296,97.12,-13.02253,-38.47713,DEV0450,M057,0
T003956,U398,2026-05-23T13:35:43.550759,122.68,-23.51365,-46.66574,DEV0759,M084,0
T003957,U115,2026-05-23T08:50:15.534321,18.89,-30.09888,-51.30369,DEV0253,M066,0
T003958,U399,2026-05-23T23:51:14.134866,191.43,-30.02966,-51.18064,DEV0443,M002,0
T003959,U437,2026-05-23T03:56:00.169933,61.01,-19.91907,-43.9637,DEV0512,M049,0
T003960,U471,2026-05-22T21:46:44.883620,179.18,-25.431,-49.32062,DEV0349,M032,0
T003961,U206,2026-05-24T09:26:43.047298,17.14,-12.96888,-38.54913,DEV0653,U375,0
T003962,U279,2026-05-23T00:34:21.099496,25.33,-12.93548,-38.51669,DEV0337,M025,0
T003963,U307,2026-05-23T08:51:26.327948,76.59,-15.80907,-47.94312,DEV0322,M092,0
T003964,U269,2026-05-23T12:38:19.579272,750.76,-19.88536,-43.95209,DEV0093,M013,0
T003965,U209,2026-05-23T10:42:23.084495,421.24,-20.01505,-43.88125,DEV0348,U457,0
T003966,U467,2026-05-23T00:07:29.459531,18.88,-19.90689,-43.9503,DEV0620,M055,0
T003967,U134,2026-05-23T15:31:09.866531,102.58,-15.80395,-47.91503,DEV0444,M063,0
T003968,U427,2026-05-23T11:01:30.981846,121.47,-15.71222,-47.92419,DEV0378,M004,0
T003969,U188,2026-05-23T00:49:19.351694,20.04,-23.42093,-46.59786,DEV0469,M064,0
T003970,U146,2026-05-23T02:24:51.583862,187.65,-15.73776,-47.89502,DEV0118,M085,0
T003971,U234,2026-05-23T10:14:01.050630,68.28,-22.89224,-43.13219,DEV0063,M087,0
T003972,U179,2026-05-23T10:31:21.401721,261.99,-23.51291,-46.57295,DEV0695,M012,0
T003973,U207,2026-05-22T22:13:47.170263,150.38,-15.74448,-47.92142,DEV0058,M031,0
T003974,U256,2026-05-23T00:16:57.462830,31.7,-15.87549,-47.91504,DEV0335,M027,0
T003975,U462,2026-05-23T10:47:53.376574,24.75,-12.97711,-38.61625,DEV0519,M093,0
T003976,U474,2026-05-23T05:36:43.455364,249.85,-22.9469,-43.14581,DEV0311,M008,0
T003977,U264,2026-05-23T22:04:37.680938,81.18,-19.93827,-43.9442,DEV0043,U143,0
T003978,U093,2026-05-23T08:07:22.882241,611.85,-25.43329,-49.2005,DEV0422,M092,0
T003979,U289,2026-05-23T11:39:43.376668,3.79,-19.78188,-43.89535,DEV0015,M067,0
T003980,U288,2026-05-23T13:39:46.987915,146.62,-22.96164,-43.17369,DEV0506,U326,0
T003981,U317,2026-05-23T13:06:27.436121,114.28,-12.98452,-38.4728,DEV0139,M048,0
T003982,U036,2026-05-22T21:45:30.719566,9.06,-13.0683,-38.52935,DEV0490,M033,0
T003983,U230,2026-05-22T18:23:38.215952,13.02,-15.78444,-47.85853,DEV0242,U123,0
T003984,U116,2026-05-23T09:32:27.190243,163.68,-30.05482,-51.20428,DEV0161,U167,0
T003985,U210,2026-05-22T18:46:07.070429,7.11,-30.06145,-51.20848,DEV0508,M012,0
T003986,U163,2026-05-23T00:48:17.063880,27.39,-19.88581,-43.93902,DEV0380,U187,0
T003987,U191,2026-05-22T22:09:47.535850,33.76,-30.01977,-51.18787,DEV0398,M042,0
T003988,U035,2026-05-23T00:22:44.268732,223.74,-19.83887,-43.98951,DEV0419,M050,0
T003989,U316,2026-05-23T15:48:26.453164,105.14,-22.92113,-43.15437,DEV0654,M098,0
T003990,U177,2026-05-24T02:42:43.185591,4.53,-25.4854,-49.28997,DEV0096,M060,0
T003991,U194,2026-05-23T11:07:46.034082,210.58,-23.45235,-46.66486,DEV0074,M100,0
T003992,U128,2026-05-24T04:18:22.695039,6.91,-15.76187,-47.92307,DEV0471,U453,0
T003993,U217,2026-05-23T03:29:37.200572,4.91,-23.59634,-46.66014,DEV0526,M086,0
T003994,U235,2026-05-23T09:53:55.388410,2.76,-19.9393,-43.91258,DEV0795,M087,0
T003995,U332,2026-05-22T19:20:44.184414,169.91,-12.82911,-38.49525,DEV0379,M065,0
T003996,U004,2026-05-23T01:35:40.185882,81.8,-19.96237,-43.89331,DEV0459,M067,0
T003997,U068,2026-05-23T20:25:01.679288,44.92,-25.42505,-49.27049,DEV0566,U395,0
T003998,U279,2026-05-23T02:55:22.322723,39.92,-12.90793,-38.57519,DEV0337,U212,0
T003999,U407,2026-05-22T23:52:44.029349,137.96,-23.59963,-46.66341,DEV0151,M078,0
T004000,U106,2026-05-23T08:54:05.849215,201.1,-15.79645,-47.9537,DEV0609,M057,0
T004001,U188,2026-05-23T04:03:02.900198,516.8,-23.49119,-46.73488,DEV0469,U202,0
T004002,U329,2026-05-23T02:20:09.882344,10.29,-25.42173,-49.29912,DEV0349,U383,0
T004003,U035,2026-05-23T01:36:05.611074,1487.28,-19.88382,-43.95876,DEV0419,U223,0
T004004,U190,2026-05-23T00:16:28.402070,50.34,-12.9596,-38.50327,DEV0693,M032,0
T004005,U010,2026-05-23T06:38:24.551284,111.86,-23.47904,-46.60347,DEV0475,M007,0
T004006,U302,2026-05-23T16:38:01.194124,79.97,-15.82135,-47.84288,DEV0503,M093,0
T004007,U286,2026-05-23T06:58:05.118828,257.74,-19.92638,-44.00385,DEV0623,M062,0
T004008,U207,2026-05-22T23:42:37.493210,364.09,-15.78479,-47.94367,DEV0058,M003,0
T004009,U230,2026-05-23T00:32:08.572915,45.14,-15.90566,-47.94485,DEV0242,U470,0
T004010,U264,2026-05-24T01:50:13.058711,227.93,-19.96259,-43.85954,DEV0043,M015,0
T004011,U218,2026-05-24T04:02:34.699087,324.65,-23.46877,-46.66476,DEV0373,U118,0
T004012,U292,2026-05-23T11:01:28.457560,23.09,-22.91654,-43.1811,DEV0126,M003,0
T004013,U210,2026-05-22T20:51:37.927037,46.1,-30.04481,-51.22244,DEV0508,M050,0
T004014,U028,2026-05-23T05:04:30.484586,112.27,-25.43251,-49.35168,DEV0702,M071,0
T004015,U284,2026-05-22T19:38:06.792876,11.55,-22.96104,-43.29771,DEV0365,U186,0
T004016,U067,2026-05-23T17:43:14.852854,110.49,-19.92384,-43.97237,DEV0113,M039,0
T004017,U093,2026-05-23T08:20:02.809334,145.5,-25.36408,-49.32559,DEV0422,U360,0
T004018,U209,2026-05-23T14:17:44.441143,139.42,-19.88373,-43.96843,DEV0348,M020,0
T004019,U384,2026-05-23T05:35:54.719178,43.21,-30.03839,-51.1975,DEV0769,M081,0
T004020,U356,2026-05-22T20:11:52.718994,16.18,-22.91019,-43.17762,DEV0550,U348,0
T004021,U495,2026-05-23T19:58:24.228762,222.77,-19.9111,-43.95872,DEV0226,M003,0
T004022,U451,2026-05-23T02:35:51.283722,375.6,-25.51403,-49.22559,DEV0017,M078,0
T004023,U446,2026-05-23T17:59:09.150841,28.7,-23.62869,-46.67948,DEV0641,U272,0
T004024,U136,2026-05-23T21:17:29.589505,38.76,-12.91779,-38.51199,DEV0103,M038,0
T004025,U254,2026-05-23T06:54:36.522509,42.25,-30.10802,-51.2914,DEV0422,U088,0
T004026,U245,2026-05-24T00:10:23.215309,4.5,-23.55135,-46.62303,DEV0488,U234,0
T004027,U126,2026-05-23T07:07:45.649094,126.78,-22.93297,-43.16009,DEV0036,U237,0
T004028,U287,2026-05-23T00:58:57.659624,22.27,-19.91628,-43.96295,DEV0751,M011,0
T004029,U476,2026-05-23T02:28:17.078584,26.61,-13.05047,-38.5681,DEV0141,M004,0
T004030,U248,2026-05-22T18:09:09.867349,14.79,-15.75644,-47.99382,DEV0771,U390,0
T004031,U198,2026-05-22T21:42:17.276954,75.42,-12.94682,-38.54985,DEV0029,U285,0
T004032,U388,2026-05-22T20:43:18.493238,5.13,-15.70447,-47.85372,DEV0144,U278,0
T004033,U258,2026-05-23T07:58:22.932754,14.02,-23.48714,-46.70299,DEV0335,M092,0
T004034,U356,2026-05-22T23:15:22.257813,9.26,-22.88791,-43.19162,DEV0550,M057,0
T004035,U075,2026-05-23T05:24:06.153576,24.47,-19.85515,-43.97732,DEV0511,M055,0
T004036,U330,2026-05-23T17:17:07.837900,11.03,-23.55314,-46.52023,DEV0229,M069,0
T004037,U414,2026-05-23T04:55:39.046906,1.65,-22.91967,-43.08246,DEV0053,U208,0
T004038,U308,2026-05-23T17:17:22.711697,14.17,-19.90776,-44.01528,DEV0004,M033,0
T004039,U263,2026-05-23T16:19:14.378378,24.03,-12.91465,-38.4457,DEV0450,M080,0
T004040,U283,2026-05-23T14:46:14.376406,99.54,-22.85836,-43.1921,DEV0028,U186,0
T004041,U484,2026-05-23T06:13:48.928160,8.18,-25.44358,-49.42685,DEV0146,M022,0
T004042,U359,2026-05-23T11:31:26.908758,30.69,-15.71172,-48.00346,DEV0210,M070,0
T004043,U498,2026-05-22T23:49:17.283221,679.72,-30.02781,-51.16337,DEV0727,U240,0
T004044,U367,2026-05-23T09:30:32.242495,52.6,-15.85359,-47.93702,DEV0420,U461,0
T004045,U171,2026-05-22T23:05:16.745412,131.68,-19.95925,-43.93672,DEV0617,M027,0
T004046,U143,2026-05-23T18:25:37.260714,275.43,-30.06859,-51.19206,DEV0127,M064,0
T004047,U101,2026-05-23T09:11:36.333641,12.51,-23.59116,-46.63774,DEV0688,M040,0
T004048,U463,2026-05-23T18:18:37.860305,218.02,-22.83855,-43.0887,DEV0727,U303,0
T004049,U194,2026-05-23T11:49:14.106546,78.46,-23.46667,-46.47245,DEV0074,M028,0
T004050,U117,2026-05-23T05:58:11.238883,53.12,-22.91863,-43.07535,DEV0793,U435,0
T004051,U242,2026-05-23T00:53:59.432616,115.92,-23.48561,-46.64252,DEV0085,U275,0
T004052,U370,2026-05-23T14:42:13.830795,5.44,-12.88676,-38.50864,DEV0431,M015,0
T004053,U081,2026-05-23T09:31:45.636938,171.96,-25.39926,-49.18229,DEV0489,U400,0
T004054,U258,2026-05-23T09:04:05.236324,169.83,-23.48207,-46.61501,DEV0335,M038,0
T004055,U242,2026-05-23T01:46:31.480537,486.49,-23.50542,-46.61681,DEV0085,U386,0
T004056,U274,2026-05-23T16:55:31.277416,80.01,-22.81916,-43.10804,DEV0046,M083,0
T004057,U045,2026-05-22T19:57:49.734287,349.01,-29.97735,-51.23501,DEV0554,U138,0
T004058,U219,2026-05-23T19:15:00.134859,91.67,-19.89017,-43.87819,DEV0656,U198,0
T004059,U073,2026-05-23T01:14:15.266307,3.29,-23.52438,-46.61215,DEV0767,U367,0
T004060,U245,2026-05-24T00:17:00.520027,18.23,-23.60381,-46.76633,DEV0488,U375,0
T004061,U357,2026-05-23T18:13:41.208552,566.16,-30.0829,-51.22845,DEV0346,M100,0
T004062,U011,2026-05-23T04:34:44.444920,100.72,-22.90491,-43.15321,DEV0476,M094,0
T004063,U297,2026-05-23T14:12:44.961302,68.31,-23.51954,-46.62977,DEV0748,M031,0
T004064,U180,2026-05-23T23:18:47.483908,87.19,-23.56525,-46.6157,DEV0798,U046,0
T004065,U072,2026-05-22T20:36:13.353160,12.28,-30.00954,-51.07173,DEV0203,M032,0
T004066,U037,2026-05-23T06:34:03.998160,74.35,-23.47208,-46.64527,DEV0028,M059,0
T004067,U158,2026-05-23T02:25:35.041464,1.4,-22.93385,-43.20336,DEV0180,M022,0
T004068,U152,2026-05-23T08:32:27.739460,505.7,-23.58976,-46.68668,DEV0094,M037,0
T004069,U125,2026-05-23T04:59:10.369333,5000.0,-19.9074,-43.93531,DEV0408,U259,1
T004070,U259,2026-05-23T04:59:20.369333,4950.0,-30.0346,-51.2177,DEV0106,U144,1
T004071,U144,2026-05-23T04:59:30.369333,4900.0,-12.9714,-38.5014,DEV0641,U125,1
T004072,U285,2026-05-23T14:41:34.040851,59.26,-19.95952,-43.84349,DEV0312,M003,0
T004073,U095,2026-05-23T07:20:13.837930,423.41,-23.49748,-46.64767,DEV0099,M029,0
T004074,U139,2026-05-23T20:57:40.298711,65.86,-25.47196,-49.28164,DEV0106,M034,0
T004075,U140,2026-05-23T16:55:24.360342,77.26,-23.59849,-46.67611,DEV0120,M049,0
T004076,U138,2026-05-23T10:01:22.266311,832.03,-30.04218,-51.21966,DEV0656,M064,0
T004077,U241,2026-05-22T23:31:17.109693,259.96,-13.00094,-38.43589,DEV0714,M010,0
T004078,U397,2026-05-23T19:34:44.106415,30.24,-30.03532,-51.23471,DEV0349,M068,0
T004079,U309,2026-05-23T13:07:13.839563,71.96,-15.7811,-47.90244,DEV0606,M059,0
T004080,U130,2026-05-23T09:34:08.410811,53.81,-15.80268,-47.99525,DEV0051,U401,0
T004081,U427,2026-05-23T11:19:31.255908,150.46,-15.80932,-47.92686,DEV0378,U016,0
T004082,U450,2026-05-23T19:01:17.897348,33.73,-15.78424,-48.03861,DEV0524,M097,0
T004083,U028,2026-05-23T05:52:29.355216,142.12,-25.43312,-49.23807,DEV0702,M009,0
T004084,U065,2026-05-23T04:17:41.637997,11.86,-15.79753,-47.90645,DEV0386,M021,0
T004085,U271,2026-05-24T03:35:22.239482,46.21,-12.95897,-38.4001,DEV0005,M021,0
T004086,U027,2026-05-23T03:52:29.565737,39.47,-30.0639,-51.37047,DEV0456,M028,0
T004087,U179,2026-05-23T19:41:13.577517,276.24,-23.61599,-46.64913,DEV0695,M068,0
T004088,U424,2026-05-23T08:37:14.400102,108.37,-15.79515,-47.92136,DEV0146,U260,0
T004089,U492,2026-05-22T22:13:03.832526,91.72,-25.36164,-49.20768,DEV0772,U039,0
T004090,U188,2026-05-23T05:59:01.284409,182.94,-23.52005,-46.61608,DEV0469,M013,0
T004091,U498,2026-05-23T00:46:30.966840,201.65,-30.0313,-51.19008,DEV0727,M053,0
T004092,U328,2026-05-23T15:20:55.266990,252.37,-23.5525,-46.51678,DEV0296,M049,0
T004093,U397,2026-05-23T23:14:26.811005,136.7,-30.03235,-51.21089,DEV0349,M063,0
T004094,U455,2026-05-23T15:53:38.580560,109.57,-12.99641,-38.4279,DEV0374,U350,0
T004095,U187,2026-05-23T10:27:30.542095,32.24,-12.99429,-38.4911,DEV0069,M096,0
T004096,U171,2026-05-22T23:34:37.897284,183.39,-19.85966,-43.98372,DEV0617,U435,0
T004097,U086,2026-05-23T03:30:43.579316,8.96,-23.5666,-46.63929,DEV0572,M028,0
T004098,U150,2026-05-23T06:42:48.874401,1.34,-20.0169,-43.9335,DEV0086,M041,0
T004099,U145,2026-05-23T06:44:28.860242,38.29,-23.55843,-46.71652,DEV0751,M056,0
T004100,U488,2026-05-23T19:25:04.284374,99.59,-19.95523,-43.84044,DEV0061,U033,0
T004101,U029,2026-05-23T11:00:56.671494,11.77,-13.00413,-38.59353,DEV0338,M086,0
T004102,U378,2026-05-23T06:16:28.782844,126.69,-23.67116,-46.61102,DEV0177,U117,0
T004103,U170,2026-05-23T05:43:38.767290,156.51,-12.91319,-38.51788,DEV0602,M061,0
T004104,U223,2026-05-23T04:05:30.234763,154.73,-22.90155,-43.14424,DEV0316,M047,0
T004105,U036,2026-05-22T22:44:08.133541,49.08,-13.01763,-38.57378,DEV0490,M040,0
T004106,U414,2026-05-23T05:47:43.565427,5.18,-22.80207,-43.11914,DEV0053,U014,0
T004107,U362,2026-05-23T08:15:33.313674,6.91,-12.971,-38.50033,DEV0127,M011,0
T004108,U414,2026-05-23T06:16:41.005258,102.45,-22.81068,-43.11042,DEV0053,M098,0
T004109,U324,2026-05-23T08:21:51.083499,84.68,-15.76147,-47.90217,DEV0095,M066,0
T004110,U367,2026-05-23T11:55:18.396372,4.17,-15.81918,-47.9137,DEV0420,U309,0
T004111,U091,2026-05-23T11:58:25.792952,268.39,-15.78857,-47.95954,DEV0120,M059,0
T004112,U197,2026-05-22T22:03:08.733810,94.45,-23.60542,-46.60559,DEV0795,M028,0
T004113,U419,2026-05-23T06:37:10.214327,93.99,-23.51012,-46.64876,DEV0552,M067,0
T004114,U168,2026-05-23T19:33:05.906317,20.76,-22.95232,-43.14345,DEV0253,M088,0
T004115,U262,2026-05-23T05:24:34.297301,217.35,-25.48167,-49.24011,DEV0069,M077,0
T004116,U366,2026-05-22T22:53:29.672464,545.1,-23.63202,-46.68866,DEV0613,M041,0
T004117,U227,2026-05-22T21:44:39.357136,15.15,-12.91473,-38.5857,DEV0558,M096,0
T004118,U044,2026-05-23T11:42:48.162789,129.27,-15.70423,-47.97328,DEV0795,M032,0
T004119,U106,2026-05-23T10:09:15.276628,18.16,-15.80843,-47.96466,DEV0609,M085,0
T004120,U143,2026-05-23T19:17:57.664992,4.61,-30.00564,-51.16156,DEV0127,M096,0
T004121,U288,2026-05-23T14:32:12.576492,23.29,-22.95343,-43.1128,DEV0506,M023,0
T004122,U225,2026-05-23T06:59:23.359441,31.67,-19.85298,-43.93166,DEV0502,U482,0
T004123,U198,2026-05-22T23:36:07.035169,36.43,-12.92853,-38.46615,DEV0029,U062,0
T004124,U165,2026-05-23T04:44:30.189994,848.87,-25.3625,-49.25615,DEV0577,U298,0
T004125,U036,2026-05-23T01:19:34.107848,114.64,-12.92506,-38.46255,DEV0490,M083,0
T004126,U369,2026-05-23T13:11:55.180059,196.83,-29.98782,-51.18847,DEV0371,M023,0
T004127,U081,2026-05-23T10:13:27.002940,77.45,-25.40694,-49.18566,DEV0489,U439,0
T004128,U158,2026-05-23T06:24:30.373882,45.14,-22.87572,-43.21085,DEV0180,M018,0
T004129,U111,2026-05-23T12:12:40.348782,50.97,-12.94701,-38.53339,DEV0518,U267,0
T004130,U155,2026-05-23T15:52:33.134402,11.73,-30.01905,-51.10521,DEV0612,M077,0
T004131,U424,2026-05-23T13:22:36.155340,112.86,-15.71419,-47.92763,DEV0146,M034,0
T004132,U240,2026-05-23T03:15:41.921378,121.95,-12.95865,-38.45659,DEV0023,U429,0
T004133,U391,2026-05-23T14:36:47.710964,345.59,-23.46345,-46.64079,DEV0114,M052,0
T004134,U333,2026-05-24T05:15:58.035479,45.21,-15.74939,-47.92899,DEV0132,M048,0
T004135,U417,2026-05-23T05:40:16.659995,177.37,-19.88069,-43.89408,DEV0727,M062,0
T004136,U452,2026-05-22T19:53:03.057666,2.61,-29.96327,-51.29566,DEV0497,M017,0
T004137,U176,2026-05-23T03:17:30.805903,284.77,-19.88172,-43.94833,DEV0689,M018,0
T004138,U165,2026-05-23T07:44:57.374511,688.11,-25.45123,-49.29186,DEV0577,M020,0
T004139,U023,2026-05-23T04:39:05.951162,112.25,-22.88716,-43.12544,DEV0390,U224,0
T004140,U469,2026-05-23T02:57:32.560988,220.56,-22.90102,-43.13653,DEV0183,U470,0
T004141,U312,2026-05-22T20:16:21.392633,69.53,-19.86944,-43.92209,DEV0173,U074,0
T004142,U125,2026-05-23T07:20:52.127847,921.05,-19.94541,-43.95196,DEV0408,M084,0
T004143,U290,2026-05-23T07:35:18.352325,109.86,-30.03832,-51.16816,DEV0485,U310,0
T004144,U074,2026-05-23T08:36:22.924384,368.66,-12.95018,-38.40168,DEV0610,M100,0
T004145,U284,2026-05-22T21:11:57.039734,4.63,-22.89952,-43.17361,DEV0365,M043,0
T004146,U490,2026-05-23T03:47:29.373273,14.81,-30.02752,-51.21321,DEV0302,U076,0
T004147,U490,2026-05-23T04:00:44.884870,126.39,-30.02657,-51.15073,DEV0302,U457,0
T004148,U437,2026-05-23T05:56:20.776946,3.83,-19.98766,-43.96242,DEV0512,U260,0
T004149,U047,2026-05-22T19:04:17.938704,200.22,-23.59561,-46.58286,DEV0564,M052,0
T004150,U268,2026-05-23T06:22:53.083045,96.93,-23.55955,-46.61473,DEV0195,M058,0
T004151,U178,2026-05-23T19:18:19.618292,245.6,-15.79205,-47.90039,DEV0736,M006,0
T004152,U178,2026-05-23T20:41:20.772454,508.9,-15.76709,-47.91564,DEV0736,M073,0
T004153,U097,2026-05-23T11:28:35.593882,1277.51,-19.89078,-43.80736,DEV0720,M008,0
T004154,U005,2026-05-23T06:04:42.676887,20.33,-25.47396,-49.26847,DEV0664,M063,0
T004155,U344,2026-05-23T03:03:58.276223,18.75,-25.36574,-49.30951,DEV0157,M026,0
T004156,U394,2026-05-23T00:05:52.412673,518.61,-22.83272,-43.12462,DEV0458,M065,0
T004157,U178,2026-05-23T22:24:57.060591,387.19,-15.8333,-47.94318,DEV0736,M011,0
T004158,U418,2026-05-23T08:57:42.857558,477.67,-23.50732,-46.64708,DEV0115,U158,0
T004159,U215,2026-05-22T18:25:42.184762,162.71,-25.45927,-49.26375,DEV0227,M011,1
T004160,U014,2026-05-23T11:38:37.256043,24.68,-25.49083,-49.28501,DEV0505,M065,0
T004161,U382,2026-05-23T11:10:59.795405,238.47,-25.49343,-49.33857,DEV0630,M012,0
T004162,U225,2026-05-23T09:44:51.753949,4.01,-19.93865,-43.97073,DEV0502,M035,0
T004163,U384,2026-05-23T05:54:59.910148,12.87,-30.06094,-51.2887,DEV0769,M010,0
T004164,U232,2026-05-23T11:08:46.837127,89.97,-15.76693,-47.93197,DEV0065,M005,0
T004165,U127,2026-05-23T07:14:15.421237,482.2,-23.5641,-46.57661,DEV0776,U399,0
T004166,U265,2026-05-23T07:06:40.409114,44.16,-19.86907,-43.98375,DEV0111,M058,0
T004167,U002,2026-05-23T01:21:57.899249,18.3,-19.81102,-43.8889,DEV0072,M093,0
T004168,U282,2026-05-23T15:32:12.833520,4.38,-30.01514,-51.1811,DEV0056,M076,0
T004169,U452,2026-05-22T21:19:24.807484,4978.34,-29.99909,-51.22208,DEV0497,M033,1
T004170,U043,2026-05-22T21:04:18.504662,34.94,-12.89292,-38.53472,DEV0218,U481,0
T004171,U016,2026-05-23T05:21:25.060802,189.48,-30.04482,-51.24027,DEV0274,M099,0
T004172,U267,2026-05-23T02:53:21.137487,387.53,-25.42136,-49.32031,DEV0360,M017,0
T004173,U159,2026-05-23T08:24:18.901778,42.92,-22.91528,-43.14153,DEV0659,M068,0
T004174,U266,2026-05-23T05:24:08.845000,19.14,-30.08183,-51.27281,DEV0095,M067,0
T004175,U042,2026-05-23T21:40:24.042614,197.65,-12.94252,-38.3989,DEV0462,M100,0
T004176,U233,2026-05-23T01:23:50.671933,32.44,-30.09084,-51.17394,DEV0177,U243,0
T004177,U368,2026-05-23T20:24:19.006975,645.81,-23.4952,-46.61747,DEV0001,M047,0
T004178,U216,2026-05-23T17:02:59.634306,5.11,-23.58163,-46.59133,DEV0402,M092,0
T004179,U045,2026-05-23T05:20:58.172691,49.97,-30.07387,-51.20013,DEV0554,U284,0
T004180,U208,2026-05-23T20:26:17.215082,122.44,-13.04598,-38.53184,DEV0361,U243,0
T004181,U471,2026-05-23T05:48:00.798397,3.7,-25.33176,-49.35967,DEV0349,M049,0
T004182,U294,2026-05-23T14:57:56.279497,685.04,-25.3776,-49.17235,DEV0394,M014,0
T004183,U018,2026-05-24T00:29:54.060559,70.24,-23.53334,-46.59272,DEV0346,M041,0
T004184,U139,2026-05-23T21:45:39.466696,49.02,-25.42933,-49.26622,DEV0106,M081,0
T004185,U224,2026-05-23T11:07:28.604017,42.53,-25.4153,-49.28004,DEV0041,M021,0
T004186,U210,2026-05-22T23:38:10.515623,11.15,-29.94332,-51.18415,DEV0508,U243,0
T004187,U262,2026-05-23T22:05:29.513796,4285.46,-25.41609,-49.1726,DEV0069,M056,1
T004188,U090,2026-05-22T23:11:21.931394,17.56,-19.95271,-43.92304,DEV0208,M099,0
T004189,U134,2026-05-23T16:47:10.073090,70.88,-15.79932,-47.92681,DEV0444,M002,0
T004190,U367,2026-05-23T13:31:08.470861,6.46,-15.81167,-47.94938,DEV0420,M087,0
T004191,U488,2026-05-23T23:10:33.869883,219.52,-19.94696,-43.90672,DEV0061,M075,0
T004192,U262,2026-05-23T09:52:32.382806,25.75,-25.43691,-49.37333,DEV0069,U381,0
T004193,U254,2026-05-23T07:43:32.849719,2.39,-30.06902,-51.23742,DEV0422,M065,0
T004194,U223,2026-05-23T05:16:16.469048,4.2,-22.87435,-43.11066,DEV0316,M064,0
T004195,U451,2026-05-23T04:10:27.272588,614.83,-25.41424,-49.18348,DEV0017,M045,0
T004196,U212,2026-05-23T13:35:38.572950,68.55,-25.38718,-49.2596,DEV0685,M062,0
T004197,U050,2026-05-23T13:49:10.220975,419.22,-12.88602,-38.54647,DEV0036,M042,1
T004198,U088,2026-05-23T07:18:20.459555,409.6,-15.7801,-47.9292,DEV0037,M034,1
T004199,U071,2026-05-23T03:06:22.819221,278.23,-15.73981,-47.86328,DEV0416,M049,0
T004200,U018,2026-05-24T02:06:21.939668,8.17,-23.56258,-46.62555,DEV0346,M024,0
T004201,U162,2026-05-23T17:18:45.364103,72.17,-20.02586,-43.92956,DEV0664,U161,0
T004202,U375,2026-05-23T05:09:30.654808,393.14,-19.82409,-43.84583,DEV0418,M090,0
T004203,U115,2026-05-23T13:10:55.998969,74.21,-30.06515,-51.13673,DEV0253,M044,0
T004204,U083,2026-05-24T01:06:21.029121,13.67,-19.89593,-43.92221,DEV0473,U234,0
T004205,U393,2026-05-22T23:27:40.354214,74228.61,-12.99437,-38.49624,DEV0055,U498,1
T004206,U343,2026-05-23T19:24:47.733768,320.0,-23.54441,-46.6256,DEV0478,M066,0
T004207,U259,2026-05-23T06:56:20.000357,585.7,-30.04056,-51.29625,DEV0106,M093,0
T004208,U011,2026-05-23T05:06:20.757663,2401.48,-22.78079,-43.26837,DEV0476,M094,0
T004209,U091,2026-05-23T12:26:33.483545,110.06,-15.73836,-47.94098,DEV0120,M084,0
T004210,U237,2026-05-23T00:53:21.673424,1.03,-30.01306,-51.23905,DEV0385,U410,0
T004211,U026,2026-05-23T06:54:21.833284,482.72,-15.79901,-47.98666,DEV0270,M064,0
T004212,U490,2026-05-23T05:37:00.580245,177.98,-29.97281,-51.18651,DEV0302,M014,0
T004213,U287,2026-05-23T02:07:19.783739,18.71,-19.86173,-43.88372,DEV0751,M004,0
T004214,U262,2026-05-23T11:27:19.339567,414.93,-25.46359,-49.36298,DEV0069,U390,0
T004215,U396,2026-05-23T06:19:17.601890,575.12,-30.00795,-51.22753,DEV0476,M064,0
T004216,U328,2026-05-23T17:56:10.802429,94.51,-23.57318,-46.63067,DEV0296,M042,0
T004217,U407,2026-05-23T01:23:16.641497,410.5,-23.43803,-46.59409,DEV0151,M039,0
T004218,U367,2026-05-23T16:21:14.230676,149.86,-15.88574,-47.90989,DEV0052,U105,1
T004219,U108,2026-05-23T01:02:48.092517,21.16,-19.99841,-43.88993,DEV0516,M046,0
T004220,U389,2026-05-23T17:28:30.421397,42.34,-22.86925,-43.14119,DEV0769,U031,0
T004221,U440,2026-05-23T12:46:38.760129,336.64,-15.74351,-47.89584,DEV0406,M025,0
T004222,U172,2026-05-23T01:32:42.297184,38.45,-22.85454,-43.06494,DEV0501,M037,0
T004223,U217,2026-05-23T08:18:18.421725,92.59,-23.54534,-46.68496,DEV0526,U285,0
T004224,U267,2026-05-23T03:37:22.572190,76.74,-12.9714,-38.5014,DEV0360,M099,1
T004225,U028,2026-05-23T22:49:20.351308,13.4,-25.41042,-49.2663,DEV0702,M057,0
T004226,U461,2026-05-23T08:05:30.330220,4.42,-22.93491,-43.13571,DEV0391,M034,0
T004227,U136,2026-05-23T22:24:26.149740,108.81,-13.04234,-38.57067,DEV0103,U309,0
T004228,U164,2026-05-23T04:56:55.400418,323.94,-12.97757,-38.52375,DEV0691,M072,0
T004229,U371,2026-05-23T04:48:51.431691,237.65,-23.62597,-46.63214,DEV0202,M005,0
T004230,U157,2026-05-23T04:43:07.119719,1944.44,-22.96425,-43.17066,DEV0758,M064,1
T004231,U189,2026-05-24T06:33:02.084052,356.33,-30.00005,-51.25037,DEV0144,M085,0
T004232,U188,2026-05-23T06:26:13.722753,99.34,-23.52174,-46.67217,DEV0469,M093,0
T004233,U045,2026-05-23T07:30:21.977760,76.26,-29.94445,-51.2576,DEV0554,M008,0
T004234,U027,2026-05-23T05:26:50.581628,287.64,-30.0284,-51.15363,DEV0456,M009,0
T004235,U301,2026-05-22T21:27:43.950727,51.31,-12.90299,-38.4443,DEV0662,M036,0
T004236,U299,2026-05-23T14:03:04.580651,197.96,-22.91764,-43.18608,DEV0320,M055,0
T004237,U246,2026-05-23T21:15:26.364340,2.0,-25.37513,-49.26205,DEV0095,M091,0
T004238,U150,2026-05-23T10:35:49.741231,2.81,-19.97168,-43.95271,DEV0086,M016,0
T004239,U425,2026-05-23T18:25:05.857497,475.86,-22.86104,-43.18045,DEV0356,M031,0
T004240,U318,2026-05-23T06:29:50.155974,89.91,-13.03131,-38.43978,DEV0786,M008,1
T004241,U071,2026-05-23T04:47:59.102707,52.16,-15.77255,-47.91504,DEV0416,M092,0
T004242,U016,2026-05-23T08:14:53.227184,276.17,-30.02917,-51.22117,DEV0274,M036,0
T004243,U315,2026-05-23T00:05:23.100712,29.75,-23.5599,-46.60622,DEV0140,M074,0
T004244,U175,2026-05-23T01:03:45.393210,41.62,-25.4277,-49.27692,DEV0394,M012,0
T004245,U467,2026-05-23T01:06:09.186022,11.93,-19.91214,-43.90794,DEV0620,M098,0
T004246,U123,2026-05-23T05:25:16.644246,99.86,-19.86156,-44.05509,DEV0246,M059,0
T004247,U136,2026-05-24T00:00:34.846532,26.91,-12.90516,-38.47411,DEV0103,M067,0
T004248,U375,2026-05-23T13:41:04.435405,622.74,-19.9265,-43.91739,DEV0418,M001,0
T004249,U460,2026-05-23T05:50:10.473572,69.05,-29.98139,-51.18501,DEV0794,M058,0
T004250,U046,2026-05-23T16:26:08.872243,1481.68,-19.92524,-43.95949,DEV0575,M095,0
T004251,U136,2026-05-24T05:00:13.007141,13.87,-12.96783,-38.44309,DEV0103,M058,0
T004252,U278,2026-05-23T15:45:05.611681,134.55,-15.80735,-47.9813,DEV0107,M080,0
T004253,U022,2026-05-23T01:45:45.653444,108.41,-25.44645,-49.32954,DEV0562,U342,0
T004254,U087,2026-05-23T08:59:05.420254,879.71,-23.52819,-46.62727,DEV0304,U382,0
T004255,U067,2026-05-23T18:45:21.942342,424.31,-19.97305,-43.93213,DEV0113,M021,0
T004256,U158,2026-05-23T12:19:41.916953,10.89,-22.95097,-43.22647,DEV0180,M004,0
T004257,U093,2026-05-23T09:45:16.972661,531.33,-25.42608,-49.27641,DEV0422,M010,0
T004258,U432,2026-05-23T09:15:55.597317,292.0,-23.51406,-46.59321,DEV0476,M088,0
T004259,U183,2026-05-23T04:03:37.557739,9.95,-23.516,-46.60504,DEV0612,M096,0
T004260,U110,2026-05-23T17:52:08.579390,2358.17,-25.42045,-49.33999,DEV0282,U226,1
T004261,U238,2026-05-23T06:45:03.535417,36.41,-30.05625,-51.18053,DEV0518,M053,0
T004262,U195,2026-05-23T06:43:59.208886,40.24,-23.57375,-46.61174,DEV0253,U147,0
T004263,U085,2026-05-23T10:13:12.506363,84.67,-25.37277,-49.33516,DEV0144,M035,0
T004264,U343,2026-05-23T22:12:08.922429,563.19,-23.60296,-46.65247,DEV0478,M014,0
T004265,U343,2026-05-23T23:24:53.969851,104.09,-23.58178,-46.61034,DEV0478,U168,0
T004266,U045,2026-05-23T12:44:16.076841,94.69,-30.0386,-51.21135,DEV0554,U177,0
T004267,U461,2026-05-23T09:10:32.612946,40.74,-22.91121,-43.21314,DEV0391,U164,0
T004268,U391,2026-05-23T15:31:34.519830,33.44,-23.48406,-46.51944,DEV0114,U341,0
T004269,U336,2026-05-23T00:41:59.809570,89.48,-19.90935,-43.91749,DEV0637,M098,0
T004270,U208,2026-05-23T23:36:00.788776,18.23,-12.95331,-38.40827,DEV0361,M086,0
T004271,U405,2026-05-23T01:38:33.031995,29.8,-15.85142,-47.93138,DEV0469,U049,0
T004272,U443,2026-05-23T00:14:54.242343,374.4,-19.925,-43.94022,DEV0507,M014,0
T004273,U363,2026-05-23T11:05:30.201489,79.37,-25.46314,-49.33394,DEV0799,M021,0
T004274,U090,2026-05-22T23:31:01.421386,400.96,-19.95404,-43.96959,DEV0208,M007,0
T004275,U317,2026-05-23T16:03:12.595097,71.74,-12.93513,-38.53951,DEV0139,M005,0
T004276,U329,2026-05-23T07:16:49.152318,46.91,-25.40994,-49.27519,DEV0349,U405,0
T004277,U413,2026-05-23T02:53:34.492050,57.19,-15.74093,-47.96778,DEV0256,M047,0
T004278,U248,2026-05-22T19:50:01.952555,122.18,-15.7736,-47.96234,DEV0771,M076,0
T004279,U388,2026-05-22T22:38:41.179956,22.51,-15.78953,-47.94061,DEV0144,U059,0
T004280,U372,2026-05-22T17:00:52.483958,64.5,-13.00749,-38.46469,DEV0666,M030,0
T004281,U161,2026-05-22T21:02:09.549637,19.44,-30.0877,-51.22328,DEV0258,M054,0
T004282,U234,2026-05-23T10:36:52.333415,56.92,-22.95863,-43.13602,DEV0063,M008,0
T004283,U361,2026-05-23T02:09:50.469854,562.65,-25.45054,-49.2929,DEV0356,U500,0
T004284,U322,2026-05-23T11:01:31.630123,266.12,-13.0417,-38.50127,DEV0329,U375,0
T004285,U112,2026-05-23T13:21:58.919092,1290.09,-23.58121,-46.63626,DEV0037,U297,0
T004286,U121,2026-05-23T08:06:45.979256,55.6,-19.97326,-44.00477,DEV0490,M014,0
T004287,U392,2026-05-23T02:47:12.886864,11.07,-19.88368,-44.04788,DEV0644,M036,0
T004288,U188,2026-05-23T10:09:48.457326,9.31,-23.48273,-46.62801,DEV0469,M093,0
T004289,U046,2026-05-23T16:45:29.081616,238.6,-19.99127,-43.93753,DEV0575,M033,0
T004290,U232,2026-05-23T11:50:12.356296,704.26,-15.76975,-47.96007,DEV0065,M085,0
T004291,U243,2026-05-23T00:53:52.436560,819.65,-15.80991,-47.94991,DEV0001,M041,0
T004292,U106,2026-05-23T11:06:15.828080,74.62,-15.82983,-47.88815,DEV0609,M028,0
T004293,U341,2026-05-23T06:32:48.509680,355.87,-30.02649,-51.19462,DEV0268,M022,1
T004294,U396,2026-05-23T06:38:50.810714,111.83,-30.05352,-51.19836,DEV0476,U379,0
T004295,U366,2026-05-23T00:02:38.956353,292.69,-23.56227,-46.66753,DEV0613,M012,0
T004296,U093,2026-05-23T10:01:26.585117,61.67,-25.37702,-49.2486,DEV0422,M057,0
T004297,U059,2026-05-24T05:36:45.559718,24.09,-23.44054,-46.62645,DEV0259,M017,0
T004298,U246,2026-05-23T21:58:20.160061,2.05,-25.42737,-49.2721,DEV0095,M066,0
T004299,U495,2026-05-23T20:09:14.885595,46.59,-19.90806,-43.97357,DEV0226,M059,0
T004300,U458,2026-05-23T06:55:41.003885,4.08,-12.98654,-38.53373,DEV0538,M049,0
T004301,U105,2026-05-23T14:16:06.379883,309.79,-20.01625,-43.96954,DEV0027,U429,0
T004302,U068,2026-05-23T21:21:50.434827,36.7,-25.43704,-49.31357,DEV0566,M034,0
T004303,U177,2026-05-24T03:06:06.561719,146.98,-25.38354,-49.26756,DEV0096,M050,0
T004304,U359,2026-05-23T12:56:51.371919,207.73,-15.81441,-47.96093,DEV0210,U233,0
T004305,U307,2026-05-23T10:05:16.389059,16.65,-15.79208,-47.95193,DEV0322,U417,0
T004306,U410,2026-05-23T14:36:38.509878,34.63,-12.93172,-38.58234,DEV0523,U039,0
T004307,U115,2026-05-23T15:16:30.871182,43.11,-30.15582,-51.21132,DEV0253,M009,0
T004308,U264,2026-05-24T20:58:21.428363,1694.05,-20.00435,-43.99694,DEV0043,U090,1
T004309,U146,2026-05-23T02:53:01.863699,433.92,-15.82897,-47.99045,DEV0118,M074,0
T004310,U107,2026-05-23T04:51:43.728128,58.42,-23.62695,-46.64583,DEV0453,U416,0
T004311,U260,2026-05-23T12:45:09.736288,13.89,-12.98175,-38.52087,DEV0797,M010,0
T004312,U327,2026-05-23T13:34:24.636098,13.43,-22.88733,-43.22553,DEV0588,M035,0
T004313,U498,2026-05-23T01:35:24.304619,153.19,-30.1233,-51.25749,DEV0727,M092,0
T004314,U041,2026-05-23T11:47:19.654825,40.03,-19.96801,-43.86861,DEV0547,M004,0
T004315,U045,2026-05-23T14:03:53.276091,570.19,-30.07269,-51.23475,DEV0554,M030,0
T004316,U425,2026-05-23T18:43:58.818467,121.26,-22.82263,-43.18121,DEV0356,M015,0
T004317,U356,2026-05-23T02:56:55.120745,56.0,-22.95903,-43.18613,DEV0550,M017,0
T004318,U152,2026-05-23T10:11:24.896576,37.67,-23.50513,-46.55133,DEV0094,U377,0
T004319,U220,2026-05-23T06:14:47.615879,342.49,-19.87046,-43.97914,DEV0012,U328,0
T004320,U085,2026-05-23T10:54:02.751455,91.28,-25.41278,-49.22377,DEV0144,M100,0
T004321,U321,2026-05-23T06:56:25.327802,58.54,-22.90919,-43.17847,DEV0596,M032,0
T004322,U478,2026-05-23T08:16:11.274221,18.67,-13.04541,-38.50168,DEV0477,M095,0
T004323,U306,2026-05-23T05:14:30.034305,471.53,-13.01983,-38.50426,DEV0548,M063,0
T004324,U410,2026-05-23T15:44:17.481925,86.65,-13.01176,-38.48499,DEV0523,M098,0
T004325,U144,2026-05-23T06:56:32.386745,42.25,-12.9639,-38.51193,DEV0641,M077,0
T004326,U233,2026-05-23T03:06:36.910057,95.66,-29.98157,-51.23497,DEV0177,U259,0
T004327,U404,2026-05-23T09:52:01.821639,11.9,-19.94587,-43.85546,DEV0452,U389,0
T004328,U010,2026-05-23T08:40:08.012045,31.96,-23.52779,-46.64505,DEV0475,M098,0
T004329,U412,2026-05-22T21:23:49.850423,353.8,-25.41644,-49.31434,DEV0532,M086,0
T004330,U023,2026-05-23T04:43:01.815221,45.25,-22.89456,-43.16362,DEV0390,M028,0
T004331,U029,2026-05-23T12:28:37.411415,31.39,-13.01361,-38.53454,DEV0338,M099,0
T004332,U089,2026-05-23T07:29:12.722100,62.39,-29.99588,-51.17453,DEV0009,M030,0
T004333,U395,2026-05-23T09:24:46.965480,807.74,-22.86594,-43.16487,DEV0380,M051,0
T004334,U498,2026-05-23T03:36:02.286556,906.02,-30.10775,-51.19235,DEV0727,M002,0
T004335,U275,2026-05-23T02:42:38.897087,173.36,-15.80053,-47.91486,DEV0730,M058,0
T004336,U363,2026-05-23T14:44:08.478022,120.41,-25.36882,-49.24043,DEV0799,M085,0
T004337,U065,2026-05-23T05:44:39.355674,358.91,-15.74196,-47.97368,DEV0386,M034,0
T004338,U029,2026-05-23T19:59:59.104746,36.63,-12.98205,-38.46981,DEV0338,M012,0
T004339,U139,2026-05-24T00:52:28.419473,66.53,-25.52874,-49.30688,DEV0106,M069,0
T004340,U044,2026-05-23T15:03:48.103213,604.76,-15.79478,-48.03074,DEV0500,U248,1
T004341,U426,2026-05-23T13:53:32.241603,71.29,-22.97047,-43.18965,DEV0017,M051,0
T004342,U052,2026-05-23T05:13:14.481942,181.35,-25.45271,-49.23931,DEV0578,M008,0
T004343,U076,2026-05-23T23:41:39.509207,135.13,-23.4774,-46.62458,DEV0201,U402,0
T004344,U234,2026-05-23T11:15:36.741480,178.84,-22.94741,-43.14535,DEV0063,M076,0
T004345,U400,2026-05-23T00:15:31.192774,463.42,-15.76336,-47.86403,DEV0761,M020,0
T004346,U316,2026-05-23T16:26:07.517597,10.93,-22.98676,-43.2337,DEV0654,U360,0
T004347,U121,2026-05-23T08:26:37.319785,21.01,-19.91576,-43.86019,DEV0490,M095,0
T004348,U125,2026-05-23T08:29:33.718464,7.09,-19.91678,-43.97725,DEV0408,M069,0
T004349,U337,2026-05-23T00:56:14.546850,5000.0,-29.97943,-51.19631,DEV0575,U082,1
T004350,U082,2026-05-23T00:56:24.546850,4950.0,-30.0346,-51.2177,DEV0338,U085,1
T004351,U085,2026-05-23T00:56:34.546850,4900.0,-25.4284,-49.2733,DEV0144,U337,1
T004352,U257,2026-05-22T22:35:59.094518,148.15,-30.05494,-51.22779,DEV0308,M069,0
T004353,U198,2026-05-23T02:19:20.992644,44.0,-12.9827,-38.58573,DEV0029,M086,0
T004354,U353,2026-05-22T21:25:32.447035,18.89,-30.12375,-51.19912,DEV0627,U303,0
T004355,U154,2026-05-23T10:23:58.795208,19.97,-22.98382,-43.15475,DEV0474,M069,0
T004356,U099,2026-05-23T07:51:52.352886,35.19,-15.89399,-47.93436,DEV0277,U339,0
T004357,U342,2026-05-23T16:20:34.679498,245.64,-25.53286,-49.28767,DEV0015,U438,0
T004358,U392,2026-05-23T04:56:26.116209,3.81,-19.91393,-43.8588,DEV0644,M054,0
T004359,U380,2026-05-23T16:50:33.140751,198.85,-22.86589,-43.23444,DEV0469,M059,0
T004360,U250,2026-05-23T10:26:58.118257,134.92,-15.77392,-47.93955,DEV0734,U202,0
T004361,U387,2026-05-23T12:21:02.276574,6.71,-12.98909,-38.57844,DEV0305,M040,0
T004362,U353,2026-05-22T21:29:39.937546,97.27,-30.0709,-51.26057,DEV0627,M013,0
T004363,U431,2026-05-23T14:23:15.658105,211.78,-22.9068,-43.1729,DEV0455,M019,1
T004364,U177,2026-05-24T10:17:29.305680,46.48,-25.43284,-49.17184,DEV0096,M084,0
T004365,U392,2026-05-23T05:17:18.842491,5.09,-19.90741,-43.96582,DEV0644,M027,0
T004366,U488,2026-05-24T02:09:26.883436,38.25,-19.95496,-43.92423,DEV0061,U434,0
T004367,U041,2026-05-23T13:59:45.087746,74.41,-19.92028,-43.7574,DEV0547,M079,0
T004368,U196,2026-05-23T17:53:27.950649,46.23,-15.78943,-47.86289,DEV0653,M020,0
T004369,U085,2026-05-23T05:16:40.213361,3.53,-25.44417,-49.33776,DEV0144,U159,0
T004370,U021,2026-05-23T20:15:48.960077,667.12,-29.92533,-51.18199,DEV0035,U041,0
T004371,U007,2026-05-23T02:04:20.335378,5.75,-15.79229,-47.95171,DEV0386,M011,0
T004372,U050,2026-05-23T15:28:17.279448,350.8,-12.93695,-38.50056,DEV0036,U489,0
T004373,U323,2026-05-23T19:55:58.842459,25.56,-19.92203,-43.81913,DEV0550,M006,0
T004374,U089,2026-05-23T08:27:03.664778,35.87,-30.06227,-51.25193,DEV0009,U482,0
T004375,U070,2026-05-23T07:26:08.295003,128.78,-23.01347,-43.17105,DEV0053,M069,0
T004376,U002,2026-05-23T06:12:14.924898,139.98,-20.05809,-43.93686,DEV0072,U384,0
T004377,U350,2026-05-23T09:09:35.279957,124.67,-25.40128,-49.29969,DEV0696,M034,0
T004378,U424,2026-05-23T15:20:46.916487,78.84,-15.7066,-47.87605,DEV0146,M030,0
T004379,U437,2026-05-23T07:33:37.062222,257.21,-19.8186,-43.91933,DEV0512,M094,0
T004380,U219,2026-05-23T19:48:25.434000,144.03,-19.84433,-43.87881,DEV0656,U119,0
T004381,U400,2026-05-23T02:43:40.748851,332.14,-15.80073,-47.89334,DEV0761,M078,0
T004382,U146,2026-05-23T06:53:13.008597,233.13,-15.83805,-47.89637,DEV0118,M071,0
T004383,U382,2026-05-23T13:07:36.045330,28.43,-25.4419,-49.36961,DEV0630,U487,0
T004384,U234,2026-05-23T11:31:32.086709,30.42,-22.86602,-43.20849,DEV0063,M096,0
T004385,U042,2026-05-24T04:22:57.517034,2109.1,-12.92945,-38.46152,DEV0462,U071,0
T004386,U481,2026-05-23T07:44:55.361754,75.59,-15.722,-47.89549,DEV0359,U067,0
T004387,U253,2026-05-23T19:23:03.692238,68.34,-15.74377,-47.97609,DEV0578,M018,0
T004388,U117,2026-05-23T06:21:21.634128,74.94,-22.93982,-43.28348,DEV0793,M039,0
T004389,U412,2026-05-22T22:15:11.275712,46.55,-25.49526,-49.3937,DEV0532,M028,0
T004390,U321,2026-05-23T08:50:13.705045,3.15,-22.94557,-43.16229,DEV0596,U240,0
T004391,U066,2026-05-23T07:14:18.210897,499.68,-12.85459,-38.55251,DEV0625,M067,0
T004392,U318,2026-05-23T23:40:44.199008,1904.33,-12.99585,-38.52067,DEV0259,M038,1
T004393,U255,2026-05-23T10:24:43.326203,29.21,-22.95555,-43.13925,DEV0306,U460,0
T004394,U229,2026-05-23T05:13:28.278936,17.17,-13.01665,-38.52217,DEV0450,M029,0
T004395,U228,2026-05-24T12:17:03.195974,184.71,-15.81613,-47.89063,DEV0594,M098,0
T004396,U352,2026-05-23T07:25:18.323877,55.64,-25.47869,-49.24769,DEV0685,U233,0
T004397,U170,2026-05-23T05:48:14.989811,11.55,-12.9474,-38.48571,DEV0602,M041,0
T004398,U243,2026-05-23T02:59:52.025096,204.49,-15.86115,-47.94498,DEV0001,M049,0
T004399,U003,2026-05-22T22:32:13.168428,32.37,-29.98302,-51.28234,DEV0122,M064,0
T004400,U312,2026-05-22T23:02:53.925710,150.72,-19.87472,-43.90404,DEV0173,M025,0
T004401,U417,2026-05-23T06:02:16.318200,507.87,-19.93162,-43.98125,DEV0727,M063,0
T004402,U456,2026-05-23T22:46:09.975288,149.05,-23.58003,-46.6533,DEV0466,M074,0
T004403,U315,2026-05-23T00:23:07.182584,27.98,-23.55649,-46.71146,DEV0140,M037,0
T004404,U280,2026-05-24T02:36:41.940575,70.87,-23.50706,-46.66521,DEV0008,U208,0
T004405,U301,2026-05-22T21:40:35.056836,94.66,-12.94754,-38.43024,DEV0662,U132,0
T004406,U098,2026-05-23T03:45:11.484176,5.73,-25.4202,-49.29712,DEV0161,M003,0
T004407,U366,2026-05-23T02:48:12.960045,266.68,-23.50117,-46.67841,DEV0613,U464,0
T004408,U247,2026-05-23T02:11:33.595867,231.29,-22.90106,-43.08991,DEV0250,M078,0
T004409,U490,2026-05-23T08:20:42.356111,287.57,-29.91701,-51.21083,DEV0302,U457,0
T004410,U088,2026-05-23T09:15:39.433336,818.44,-13.00829,-38.5579,DEV0037,M043,0
T004411,U198,2026-05-23T04:14:54.997357,122.27,-13.06605,-38.46815,DEV0029,M098,0
T004412,U354,2026-05-23T09:08:52.670310,20.24,-25.44118,-49.36691,DEV0794,M015,0
T004413,U378,2026-05-23T08:03:21.378813,244.85,-23.52719,-46.70491,DEV0177,M045,0
T004414,U093,2026-05-23T11:22:26.552592,250.73,-25.47984,-49.28357,DEV0422,U478,0
T004415,U245,2026-05-24T00:56:55.581259,827.98,-23.54775,-46.76721,DEV0488,U438,0
T004416,U275,2026-05-23T04:03:36.801939,666.77,-15.8017,-47.8642,DEV0730,M098,0
T004417,U096,2026-05-23T00:11:03.933020,50.85,-22.87879,-43.22749,DEV0338,M015,0
T004418,U048,2026-05-22T21:57:32.677868,96.19,-25.36776,-49.25138,DEV0734,M054,0
T004419,U065,2026-05-23T06:45:32.059837,984.3,-15.80308,-47.97349,DEV0378,U346,1
T004420,U433,2026-05-23T04:05:20.704728,82.06,-15.841,-47.90101,DEV0576,M051,0
T004421,U361,2026-05-23T04:32:44.846407,341.35,-25.46314,-49.36541,DEV0356,M089,0
T004422,U102,2026-05-23T06:18:09.691648,50.82,-20.00232,-43.93299,DEV0470,M044,0
T004423,U065,2026-05-23T06:55:49.264926,162.98,-15.72393,-47.91581,DEV0386,U482,0
T004424,U056,2026-05-23T07:07:47.903767,6.74,-30.02824,-51.2434,DEV0348,M060,0
T004425,U314,2026-05-24T04:03:41.100058,41.8,-19.98974,-43.89312,DEV0724,M092,0
T004426,U358,2026-05-23T10:52:28.671793,224.33,-25.46877,-49.27152,DEV0218,M022,0
T004427,U293,2026-05-23T10:53:57.253507,56.09,-23.55655,-46.71849,DEV0525,U260,0
T004428,U306,2026-05-23T05:45:31.089246,224.4,-12.92827,-38.49003,DEV0548,M050,0
T004429,U080,2026-05-22T19:23:35.650197,236.62,-19.9295,-43.91798,DEV0148,U162,0
T004430,U464,2026-05-23T07:27:24.005153,34.62,-30.06633,-51.14534,DEV0372,M078,0
T004431,U320,2026-05-23T09:34:02.489405,22.24,-22.87697,-43.13589,DEV0172,M030,0
T004432,U051,2026-05-23T08:07:37.086660,209.89,-30.01097,-51.31294,DEV0699,M027,0
T004433,U138,2026-05-23T13:07:02.622263,1080.84,-30.04125,-51.27244,DEV0656,U091,0
T004434,U105,2026-05-23T15:40:53.133430,633.78,-19.85679,-43.94525,DEV0027,M022,0
T004435,U214,2026-05-23T17:07:54.064350,85.14,-12.95665,-38.46273,DEV0203,U159,0
T004436,U303,2026-05-22T22:58:23.104695,157.8,-15.91717,-47.82165,DEV0446,U096,0
T004437,U459,2026-05-24T06:54:36.568056,106.68,-22.7871,-43.17389,DEV0016,U387,0
T004438,U216,2026-05-23T22:41:52.508348,2.22,-23.59844,-46.59627,DEV0402,M069,0
T004439,U169,2026-05-23T11:11:05.733770,11.04,-19.88871,-43.90739,DEV0727,U109,0
T004440,U008,2026-05-23T03:12:04.806079,28.12,-12.9576,-38.39227,DEV0161,U395,0
T004441,U198,2026-05-23T05:41:45.313345,11.56,-13.02047,-38.50816,DEV0029,U424,0
T004442,U422,2026-05-23T01:52:23.262734,300.98,-22.98476,-43.18151,DEV0442,M036,0
T004443,U270,2026-05-22T23:54:13.447704,97.69,-12.86084,-38.5506,DEV0634,U305,0
T004444,U465,2026-05-23T09:11:21.298663,363.95,-22.94541,-43.06904,DEV0443,U442,0
T004445,U475,2026-05-23T13:32:54.483757,27.71,-22.97941,-43.19491,DEV0414,U229,0
T004446,U285,2026-05-23T15:15:10.486642,36.03,-19.83101,-43.91654,DEV0312,M099,0
T004447,U437,2026-05-23T08:25:48.240847,257.24,-19.91635,-43.87521,DEV0512,M067,0
T004448,U486,2026-05-22T18:30:48.601810,22.95,-15.79409,-47.8982,DEV0585,U012,0
T004449,U319,2026-05-23T06:57:06.310693,94.79,-22.92227,-43.18945,DEV0010,U159,0
T004450,U397,2026-05-23T23:35:07.728067,369.58,-30.02508,-51.27884,DEV0349,M002,0
T004451,U303,2026-05-23T04:25:11.508287,40.49,-15.75209,-48.00384,DEV0446,M067,0
T004452,U432,2026-05-23T10:22:26.088970,2.0,-23.5851,-46.60397,DEV0476,M088,0
T004453,U286,2026-05-23T07:12:31.709458,227.62,-19.86978,-43.98176,DEV0623,M061,0
T004454,U109,2026-05-23T05:39:58.964127,60.21,-23.54498,-46.69427,DEV0512,M088,0
T004455,U187,2026-05-23T10:47:49.622688,25.68,-12.97327,-38.629,DEV0069,M054,0
T004456,U173,2026-05-22T22:35:40.943195,2.01,-19.89871,-43.95481,DEV0413,M087,0
T004457,U282,2026-05-23T22:03:12.459154,60.16,-30.02578,-51.22015,DEV0056,U239,0
T004458,U187,2026-05-23T12:13:41.917745,50.63,-13.03235,-38.42613,DEV0069,U057,0
T004459,U333,2026-05-24T06:14:37.049937,80.7,-15.80709,-47.91934,DEV0132,M085,0
T004460,U441,2026-05-23T00:42:46.868151,10.91,-23.57612,-46.5989,DEV0762,U093,0
T004461,U115,2026-05-23T16:00:59.809403,32.25,-30.05133,-51.28756,DEV0253,U500,0
T004462,U279,2026-05-23T03:10:20.407713,83.05,-12.86846,-38.54074,DEV0337,M093,0
T004463,U389,2026-05-23T23:06:37.796814,516.7,-22.8493,-43.29896,DEV0769,M075,0
T004464,U343,2026-05-24T01:33:34.796176,131.5,-23.45262,-46.59596,DEV0478,M003,0
T004465,U381,2026-05-23T00:59:39.044075,79.41,-23.54566,-46.63893,DEV0084,M053,0
T004466,U196,2026-05-23T18:44:16.381654,25.76,-15.81152,-47.89564,DEV0653,M022,0
T004467,U051,2026-05-23T08:22:49.804057,63.35,-30.06361,-51.22987,DEV0699,M022,0
T004468,U110,2026-05-23T18:32:38.063075,165.77,-25.3586,-49.23061,DEV0158,M029,0
T004469,U255,2026-05-23T10:38:09.683961,44.54,-22.87992,-43.16745,DEV0306,M024,0
T004470,U434,2026-05-23T02:20:40.841711,104.25,-15.79151,-48.02027,DEV0363,U440,0
T004471,U318,2026-05-23T06:54:03.724079,13.04,-12.98031,-38.48391,DEV0259,M050,0
T004472,U296,2026-05-24T03:58:34.296194,69.51,-30.09695,-51.22224,DEV0470,M054,0
T004473,U253,2026-05-23T22:37:26.928853,363.62,-15.75883,-47.95345,DEV0578,M074,0
T004474,U017,2026-05-23T07:42:48.780504,185.66,-25.38184,-49.27688,DEV0014,M042,0
T004475,U255,2026-05-23T14:34:43.273002,403.54,-22.85717,-43.2313,DEV0306,M056,0
T004476,U432,2026-05-23T10:57:55.154735,246.64,-23.56999,-46.67607,DEV0476,M031,0
T004477,U280,2026-05-24T02:43:43.939688,44.24,-23.5585,-46.63152,DEV0008,U051,0
T004478,U075,2026-05-23T07:52:40.256999,16.03,-19.96151,-43.95973,DEV0511,M063,0
T004479,U230,2026-05-23T05:35:40.219709,443.21,-15.792,-47.94047,DEV0242,M011,0
T004480,U056,2026-05-23T11:36:16.060514,97.14,-30.06578,-51.20796,DEV0348,M030,0
T004481,U385,2026-05-23T07:45:27.400446,93.93,-15.77144,-47.99152,DEV0215,M048,0
T004482,U072,2026-05-22T21:40:00.379261,30.67,-30.0437,-51.21638,DEV0203,U438,0
T004483,U177,2026-05-24T11:29:45.070551,47.61,-25.43681,-49.26179,DEV0096,M060,0
T004484,U417,2026-05-23T06:55:50.074584,61311.06,-19.94202,-43.95298,DEV0727,M086,1
T004485,U087,2026-05-23T10:23:41.568676,119.0,-23.49829,-46.69009,DEV0304,M008,0
T004486,U128,2026-05-24T05:09:23.379339,12.93,-15.74369,-47.88222,DEV0471,M024,0
T004487,U284,2026-05-22T21:21:46.807518,8.53,-22.97616,-43.19368,DEV0365,M006,0
T004488,U466,2026-05-23T10:08:51.830531,184.79,-23.65515,-46.55013,DEV0526,M032,0
T004489,U185,2026-05-22T20:31:10.238170,140.46,-25.43552,-49.19552,DEV0718,M076,0
T004490,U282,2026-05-23T22:08:43.296871,38.78,-29.99035,-51.09889,DEV0056,M077,0
T004491,U139,2026-05-24T01:39:00.349034,102.33,-25.41956,-49.29975,DEV0106,U081,0
T004492,U379,2026-05-23T14:05:00.205337,44.39,-19.86799,-43.91503,DEV0662,M016,0
T004493,U246,2026-05-23T22:28:52.594841,27.57,-25.44538,-49.28594,DEV0095,M025,0
T004494,U292,2026-05-23T14:27:24.191482,10.02,-22.92073,-43.12918,DEV0126,U184,0
T004495,U071,2026-05-23T05:25:09.578172,122.36,-15.82436,-47.99073,DEV0416,M063,0
T004496,U349,2026-05-23T07:56:26.285893,169.54,-30.00342,-51.23047,DEV0228,M076,0
T004497,U476,2026-05-23T03:22:30.025596,7.82,-12.98844,-38.49763,DEV0141,M066,0
T004498,U476,2026-05-23T12:53:18.657831,25.9,-13.02879,-38.56557,DEV0141,U317,0
T004499,U126,2026-05-23T12:58:35.694669,530.09,-22.87362,-43.20688,DEV0036,M097,0
T004500,U312,2026-05-22T23:22:10.928946,397.98,-19.96455,-44.02394,DEV0173,M057,0
T004501,U001,2026-05-22T23:49:04.384905,1207.14,-30.0651,-51.29126,DEV0436,M034,0
T004502,U426,2026-05-23T17:43:02.149733,61540.33,-22.9247,-43.18092,DEV0017,M099,1
T004503,U012,2026-05-23T16:59:50.558903,23.86,-29.99664,-51.25859,DEV0190,M055,0
T004504,U083,2026-05-24T01:07:27.380355,90.73,-19.90118,-43.9307,DEV0473,U421,0
T004505,U145,2026-05-23T08:43:32.216460,93.01,-23.59834,-46.73083,DEV0751,M016,0
T004506,U092,2026-05-23T00:18:10.423356,726.83,-25.45656,-49.32743,DEV0587,U197,0
T004507,U498,2026-05-23T04:06:21.605163,157.93,-29.98991,-51.24489,DEV0727,M042,0
T004508,U290,2026-05-23T09:25:00.622942,30.12,-30.12622,-51.22863,DEV0485,U496,0
T004509,U272,2026-05-23T11:47:35.608596,1.49,-22.91691,-43.20611,DEV0534,M030,0
T004510,U362,2026-05-23T15:18:04.201904,5000.0,-12.98383,-38.58317,DEV0127,U024,1
T004511,U024,2026-05-23T15:18:14.201904,4950.0,-25.4284,-49.2733,DEV0477,U228,1
T004512,U228,2026-05-23T15:18:24.201904,4900.0,-15.7801,-47.9292,DEV0594,U362,1
T004513,U339,2026-05-23T10:59:06.831010,53.98,-30.085,-51.23563,DEV0616,M073,0
T004514,U463,2026-05-23T18:23:30.683294,475.04,-22.90917,-43.16441,DEV0727,U199,0
T004515,U057,2026-05-23T04:32:49.665757,3.36,-15.67652,-47.80785,DEV0225,U246,0
T004516,U136,2026-05-24T06:20:50.960623,24.75,-12.97304,-38.4748,DEV0103,M006,0
T004517,U087,2026-05-23T20:10:32.478713,412.96,-23.61124,-46.66974,DEV0304,M023,0
T004518,U433,2026-05-23T05:58:18.537333,188.58,-15.73488,-47.95372,DEV0576,M100,0
T004519,U278,2026-05-23T16:56:14.149955,174.66,-15.67739,-47.95916,DEV0107,M077,0
T004520,U018,2026-05-24T02:25:50.445688,23.33,-23.5858,-46.58905,DEV0346,U315,0
T004521,U162,2026-05-23T17:34:55.264168,631.4,-19.90126,-43.81799,DEV0664,U057,0
T004522,U297,2026-05-23T18:08:19.815265,16.21,-23.58782,-46.59161,DEV0748,U487,0
T004523,U276,2026-05-23T07:48:01.919137,154.57,-23.51225,-46.55522,DEV0794,U440,0
T004524,U106,2026-05-23T11:11:47.494278,64.31,-15.87879,-47.94245,DEV0609,M043,0
T004525,U035,2026-05-23T03:10:54.718337,131.57,-19.8436,-43.98845,DEV0419,M034,0
T004526,U357,2026-05-23T19:07:42.030260,452.25,-30.05219,-51.20215,DEV0346,M077,0
T004527,U485,2026-05-23T10:26:16.580332,4.76,-23.50138,-46.55826,DEV0432,M007,0
T004528,U255,2026-05-23T14:37:32.842735,12.03,-22.88682,-43.22665,DEV0306,M013,0
T004529,U290,2026-05-23T12:59:03.183230,68576.17,-30.04648,-51.25436,DEV0485,U192,1
T004530,U090,2026-05-23T00:45:51.363845,177.17,-19.96296,-43.87912,DEV0208,M035,0
T004531,U244,2026-05-23T05:38:48.145008,35.17,-13.00296,-38.46037,DEV0772,M080,0
T004532,U070,2026-05-23T12:21:09.930159,115.53,-22.94391,-43.16734,DEV0053,U374,0
T004533,U382,2026-05-23T13:46:01.373761,897.18,-25.47256,-49.29595,DEV0630,U269,0
T004534,U022,2026-05-23T07:16:28.137860,17.52,-25.41539,-49.3027,DEV0562,M052,0
T004535,U077,2026-05-24T21:16:26.095588,2140.05,-15.77703,-47.95803,DEV0464,U264,1
T004536,U358,2026-05-23T12:42:28.111111,5.75,-25.36867,-49.28893,DEV0218,M002,0
T004537,U402,2026-05-23T11:55:04.878885,42.18,-30.0511,-51.28347,DEV0264,M100,0
T004538,U136,2026-05-24T23:58:25.697473,3899.5,-13.04463,-38.506,DEV0103,U021,1
T004539,U106,2026-05-23T12:36:34.099487,203.96,-15.79246,-47.97723,DEV0609,M006,0
T004540,U188,2026-05-23T14:42:36.230160,179.55,-23.5674,-46.5488,DEV0469,M061,0
T004541,U358,2026-05-23T14:52:43.932339,541.12,-25.40166,-49.24244,DEV0218,U152,0
T004542,U367,2026-05-23T18:01:58.693118,19.6,-15.76398,-47.94148,DEV0420,M085,0
T004543,U404,2026-05-23T12:39:44.500843,365.26,-19.93675,-43.90117,DEV0452,M083,0
T004544,U237,2026-05-23T01:52:33.722653,6.3,-30.02782,-51.22408,DEV0385,M097,0
T004545,U196,2026-05-23T19:15:48.815191,34.6,-12.9714,-38.5014,DEV0653,U294,1
T004546,U397,2026-05-23T23:41:16.012678,48.29,-30.03223,-51.22125,DEV0349,M067,0
T004547,U336,2026-05-23T11:12:27.347656,15.94,-19.90435,-43.98487,DEV0637,U127,0
T004548,U086,2026-05-23T11:04:18.404030,294.53,-23.51646,-46.60284,DEV0572,U407,0
T004549,U200,2026-05-23T01:10:43.174788,806.52,-23.62767,-46.58873,DEV0342,M080,0
T004550,U115,2026-05-23T19:32:40.180549,272.76,-30.01462,-51.23589,DEV0253,M050,0
T004551,U500,2026-05-23T02:12:50.282510,97.63,-12.94115,-38.47988,DEV0490,M056,0
T004552,U079,2026-05-22T23:43:42.598704,14.53,-19.9909,-43.90629,DEV0346,M095,0
T004553,U184,2026-05-23T12:19:20.317560,65.91,-23.56564,-46.67318,DEV0076,U385,0
T004554,U047,2026-05-22T19:20:50.444334,25.88,-23.51669,-46.63499,DEV0564,M072,0
T004555,U321,2026-05-23T09:39:00.770975,60.95,-22.92003,-43.16002,DEV0596,M086,0
T004556,U333,2026-05-24T06:46:02.360240,17.78,-15.76375,-47.97084,DEV0132,U411,0
T004557,U479,2026-05-23T15:12:13.569561,55.11,-25.48826,-49.30803,DEV0697,M071,0
T004558,U259,2026-05-23T13:08:14.598614,43.59,-30.01361,-51.19681,DEV0106,M093,0
T004559,U241,2026-05-23T01:40:11.814838,1186.19,-13.09443,-38.52059,DEV0714,M062,0
T004560,U233,2026-05-23T03:27:12.169443,13.54,-29.95156,-51.21151,DEV0177,M063,0
T004561,U287,2026-05-23T03:56:48.463209,16.85,-19.95365,-44.01138,DEV0751,M029,0
T004562,U423,2026-05-23T08:55:29.698847,9.89,-22.90619,-43.24788,DEV0727,M100,0
T004563,U180,2026-05-24T02:25:43.860465,78.05,-23.5286,-46.67955,DEV0798,M005,0
T004564,U492,2026-05-22T23:01:12.372688,113.43,-25.3379,-49.35125,DEV0772,M049,0
T004565,U314,2026-05-24T05:10:57.599549,524.53,-19.90119,-43.8892,DEV0724,U426,0
T004566,U220,2026-05-23T06:38:40.018715,517.63,-19.93478,-43.99949,DEV0012,U225,0
T004567,U469,2026-05-23T03:55:36.047184,1.51,-22.86527,-43.19114,DEV0183,U211,0
T004568,U325,2026-05-22T23:01:29.345748,24.92,-15.78135,-47.99319,DEV0236,U103,0
T004569,U012,2026-05-23T17:22:56.773558,20.82,-30.06895,-51.18457,DEV0190,M070,0
T004570,U162,2026-05-23T18:56:00.725834,12.94,-19.9044,-43.87311,DEV0664,M043,0
T004571,U062,2026-05-23T08:54:01.205319,26.65,-29.98544,-51.27111,DEV0374,M057,0
T004572,U376,2026-05-22T23:57:10.477531,7.35,-19.8945,-43.91549,DEV0763,M053,0
T004573,U099,2026-05-23T10:36:52.694809,62.33,-15.76297,-47.92316,DEV0277,U001,0
T004574,U250,2026-05-23T11:21:26.856458,319.19,-15.79068,-47.87134,DEV0734,M031,0
T004575,U328,2026-05-23T18:48:31.529903,184.13,-23.541,-46.59545,DEV0296,M022,0
T004576,U190,2026-05-23T02:45:23.079908,153.47,-13.04329,-38.48656,DEV0693,M098,0
T004577,U302,2026-05-23T17:53:06.271594,13.96,-15.82055,-47.97325,DEV0503,M029,0
T004578,U479,2026-05-23T18:38:02.961695,56.62,-25.38624,-49.29718,DEV0697,M043,0
T004579,U187,2026-05-23T13:05:23.907469,55.81,-12.98154,-38.47705,DEV0069,M004,0
T004580,U354,2026-05-23T09:56:29.162673,95.89,-25.34435,-49.30302,DEV0794,M094,0
T004581,U470,2026-05-23T04:29:59.232908,342.44,-29.96711,-51.22604,DEV0527,M022,0
T004582,U187,2026-05-23T22:29:45.144047,23.83,-12.86246,-38.50645,DEV0069,M043,0
T004583,U406,2026-05-23T05:21:28.464103,54.7,-29.95978,-51.23675,DEV0007,M045,0
T004584,U469,2026-05-23T05:20:56.388412,49.45,-22.86781,-43.28321,DEV0183,M062,0
T004585,U484,2026-05-23T09:19:47.568570,174.91,-25.42311,-49.19501,DEV0146,U015,0
T004586,U412,2026-05-23T03:48:14.564588,5.8,-25.43394,-49.30579,DEV0532,U327,0
T004587,U327,2026-05-23T14:33:43.459764,63.2,-22.89804,-43.26911,DEV0588,U059,0
T004588,U005,2026-05-23T09:49:22.234707,57.89,-25.40745,-49.27411,DEV0664,U066,0
T004589,U180,2026-05-24T03:16:02.041771,124.67,-23.61041,-46.52591,DEV0798,U048,0
T004590,U183,2026-05-23T05:45:13.956237,14.41,-23.54932,-46.62806,DEV0612,M086,0
T004591,U291,2026-05-23T04:58:15.772465,8.88,-30.13189,-51.2357,DEV0273,M019,0
T004592,U434,2026-05-23T02:27:32.063533,59.51,-15.83421,-47.8987,DEV0363,U331,0
T004593,U130,2026-05-23T10:54:19.322217,310.95,-15.73616,-47.94026,DEV0051,U052,0
T004594,U240,2026-05-23T03:44:42.606889,211.44,-12.84815,-38.4461,DEV0023,U219,0
T004595,U119,2026-05-23T17:10:51.435518,47.78,-15.81218,-47.84113,DEV0792,U157,0
T004596,U064,2026-05-23T07:01:18.535006,70.3,-23.60554,-46.66918,DEV0442,M044,0
T004597,U435,2026-05-22T23:41:43.305447,147.06,-12.92165,-38.50727,DEV0292,M061,0
T004598,U155,2026-05-23T17:32:25.326110,50.94,-29.98244,-51.274,DEV0612,M048,0
T004599,U262,2026-05-23T12:54:11.815639,224.16,-25.43791,-49.22561,DEV0069,U367,0
T004600,U365,2026-05-24T08:14:23.095887,515.33,-23.55037,-46.66951,DEV0726,M037,0
T004601,U124,2026-05-23T21:25:04.962267,746.2,-12.96267,-38.5782,DEV0682,M012,0
T004602,U136,2026-05-24T07:22:52.335467,17.71,-12.99623,-38.55757,DEV0103,U265,0
T004603,U078,2026-05-23T18:56:47.458631,141.31,-25.39831,-49.26994,DEV0764,U137,0
T004604,U089,2026-05-23T11:04:46.118344,4.82,-30.03104,-51.18447,DEV0009,M058,0
T004605,U177,2026-05-24T11:38:20.102085,23.13,-25.47038,-49.26911,DEV0096,U452,0
T004606,U025,2026-05-22T23:35:29.139245,29.94,-22.91345,-43.1142,DEV0556,M049,0
T004607,U339,2026-05-23T12:04:50.558724,45.52,-29.98356,-51.17549,DEV0616,M022,0
T004608,U225,2026-05-23T09:54:53.758082,5.18,-19.83962,-43.90762,DEV0502,M005,0
T004609,U216,2026-05-23T23:32:18.711801,13.45,-23.53794,-46.66003,DEV0402,M016,0
T004610,U196,2026-05-23T20:46:20.321262,40.75,-15.7315,-47.94,DEV0653,M084,0
T004611,U310,2026-05-23T10:30:23.099843,350.91,-19.93171,-43.94738,DEV0574,M074,0
T004612,U086,2026-05-23T14:15:56.286675,11.2,-23.48688,-46.59119,DEV0572,M048,0
T004613,U264,2026-05-24T03:24:55.478976,27.63,-19.88115,-43.90184,DEV0043,M075,0
T004614,U291,2026-05-23T07:21:47.531184,53.96,-30.00378,-51.23475,DEV0273,M048,0
T004615,U352,2026-05-23T09:55:18.283785,253.51,-25.43739,-49.27267,DEV0685,U446,0
T004616,U401,2026-05-23T03:20:50.097752,611.97,-19.96767,-43.96217,DEV0051,U012,0
T004617,U181,2026-05-23T07:47:52.175623,262.97,-15.72279,-47.87839,DEV0596,M045,0
T004618,U301,2026-05-22T22:48:42.969092,80.63,-12.97501,-38.46601,DEV0662,M039,0
T004619,U067,2026-05-23T19:07:09.658827,1160.61,-20.01917,-43.8989,DEV0113,U321,0
T004620,U381,2026-05-23T05:04:01.880617,379.6,-23.54222,-46.63753,DEV0084,M054,1
T004621,U411,2026-05-23T10:42:23.142523,155.81,-22.86231,-43.23611,DEV0707,M017,0
T004622,U300,2026-05-24T01:50:58.267213,36.76,-20.00399,-44.02889,DEV0741,M094,0
T004623,U107,2026-05-23T06:58:51.846714,3.14,-23.51635,-46.67775,DEV0453,M100,0
T004624,U394,2026-05-23T00:16:09.864139,189.91,-22.86244,-43.11222,DEV0458,M030,0
T004625,U305,2026-05-22T15:39:43.465359,1.84,-30.06677,-51.26119,DEV0243,M003,0
T004626,U286,2026-05-23T07:33:08.144351,5000.0,-19.8438,-43.96534,DEV0623,U063,1
T004627,U063,2026-05-23T07:33:18.144351,4950.0,-23.5505,-46.6333,DEV0692,U449,1
T004628,U449,2026-05-23T07:33:28.144351,4900.0,-25.4284,-49.2733,DEV0172,U286,1
T004629,U192,2026-05-23T05:29:39.112328,2364.91,-13.04367,-38.53323,DEV0163,M010,0
T004630,U096,2026-05-23T00:52:27.691746,548.59,-22.88812,-43.19436,DEV0592,M090,1
T004631,U167,2026-05-23T13:22:10.483193,56.59,-13.00659,-38.43864,DEV0012,M036,0
T004632,U363,2026-05-23T16:16:41.200218,154.48,-25.33193,-49.18004,DEV0799,U315,0
T004633,U241,2026-05-23T03:13:34.980826,658.62,-13.09089,-38.57921,DEV0714,U121,0
T004634,U110,2026-05-23T18:46:17.653983,295.8,-25.46152,-49.32553,DEV0158,M090,0
T004635,U420,2026-05-23T07:08:44.527796,98.47,-23.58391,-46.68419,DEV0359,M041,0
T004636,U437,2026-05-23T12:44:38.029358,57.82,-20.00974,-43.96201,DEV0512,M001,0
T004637,U318,2026-05-23T07:45:23.143824,21.26,-12.93332,-38.49743,DEV0259,M059,0
T004638,U156,2026-05-23T06:03:33.611006,155.13,-15.78732,-47.9282,DEV0357,M092,0
T004639,U116,2026-05-23T10:44:36.482584,26.07,-30.0637,-51.27472,DEV0161,M034,0
T004640,U325,2026-05-22T23:13:03.523391,214.77,-15.74202,-47.97466,DEV0236,M001,0
T004641,U385,2026-05-23T20:12:43.708903,116.3,-19.9173,-43.9345,DEV0215,M005,1
T004642,U445,2026-05-23T08:29:24.405677,20.01,-13.01495,-38.48802,DEV0073,M060,0
T004643,U034,2026-05-22T22:28:25.739646,13.64,-30.01386,-51.13925,DEV0139,M093,0
T004644,U301,2026-05-23T01:46:24.340785,105.57,-12.94574,-38.42188,DEV0662,M070,0
T004645,U164,2026-05-23T09:14:34.949066,204.66,-12.96724,-38.5006,DEV0691,U002,0
T004646,U443,2026-05-23T01:16:26.105073,406.05,-19.9106,-43.97536,DEV0507,M052,0
T004647,U214,2026-05-23T17:40:18.025567,188.64,-13.01967,-38.44862,DEV0203,U193,0
T004648,U064,2026-05-23T07:21:05.588707,56.26,-23.55503,-46.63971,DEV0442,M062,0
T004649,U426,2026-05-23T18:54:49.215130,183.78,-22.8661,-43.16545,DEV0017,M095,0
T004650,U120,2026-05-23T03:44:09.254909,28.87,-30.02117,-51.14739,DEV0663,M058,0
T004651,U260,2026-05-23T20:33:24.894653,18.25,-13.01028,-38.58874,DEV0797,M097,0
T004652,U011,2026-05-23T08:19:47.327690,1163.65,-22.89557,-43.21687,DEV0476,M061,0
T004653,U314,2026-05-24T06:11:35.310650,92.71,-19.9267,-43.89922,DEV0724,U182,0
T004654,U272,2026-05-23T11:57:01.088370,7.75,-22.93038,-43.16752,DEV0534,U155,0
T004655,U376,2026-05-23T00:32:10.158167,37.9,-19.94493,-43.87958,DEV0763,M019,0
T004656,U153,2026-05-22T22:23:28.543284,562.6,-25.47718,-49.28481,DEV0453,U205,0
T004657,U279,2026-05-23T03:34:39.509662,9.76,-12.93654,-38.48869,DEV0337,M021,0
T004658,U098,2026-05-23T07:06:51.183167,31.57,-25.35529,-49.2233,DEV0161,M029,0
T004659,U021,2026-05-23T20:55:12.737029,304.71,-30.07397,-51.22373,DEV0035,U337,1
T004660,U469,2026-05-23T06:59:24.035830,39.9,-22.80028,-43.23524,DEV0183,M078,0
T004661,U068,2026-05-24T00:41:53.579403,38.57,-25.4571,-49.22756,DEV0566,U420,0
T004662,U060,2026-05-23T04:15:49.724926,34.06,-19.86256,-44.00593,DEV0649,U355,0
T004663,U080,2026-05-22T20:24:35.038242,74.52,-19.89357,-43.89772,DEV0148,U286,0
T004664,U189,2026-05-24T08:04:33.256165,244.63,-30.02931,-51.16295,DEV0144,M092,0
T004665,U472,2026-05-23T02:18:16.677026,115.39,-12.92381,-38.50506,DEV0722,M060,0
T004666,U498,2026-05-23T10:56:19.652150,693.56,-30.12489,-51.16569,DEV0727,M036,0
T004667,U068,2026-05-24T01:44:30.600169,16.2,-25.44854,-49.34726,DEV0566,U079,0
T004668,U038,2026-05-23T04:13:20.858693,114.0,-25.412,-49.27867,DEV0033,M069,0
T004669,U054,2026-05-22T20:40:06.777908,132.55,-25.44849,-49.24396,DEV0556,M059,0
T004670,U433,2026-05-23T07:06:47.106092,5.02,-15.75344,-47.92489,DEV0576,M064,0
T004671,U403,2026-05-23T11:02:45.464428,118.29,-15.74476,-47.99126,DEV0288,M089,0
T004672,U149,2026-05-23T00:00:48.517313,58.66,-30.04902,-51.25826,DEV0076,U407,0
T004673,U165,2026-05-23T08:07:23.465104,36.94,-25.44583,-49.23402,DEV0577,M035,0
T004674,U106,2026-05-23T15:26:58.082577,160.28,-15.78896,-47.91545,DEV0609,U096,0
T004675,U340,2026-05-22T16:42:14.189950,1135.64,-30.04272,-51.32298,DEV0198,U081,0
T004676,U228,2026-05-23T15:40:53.338979,255.47,-15.81519,-47.94394,DEV0594,M085,0
T004677,U040,2026-05-23T14:46:09.030238,78.22,-19.89951,-43.91128,DEV0684,M090,0
T004678,U356,2026-05-23T03:34:20.295923,2.64,-22.98958,-43.26347,DEV0550,M071,0
T004679,U398,2026-05-23T14:11:17.711592,46.41,-23.49378,-46.6352,DEV0759,M096,0
T004680,U178,2026-05-24T00:03:47.119435,15.43,-15.8563,-48.00953,DEV0736,M093,0
T004681,U391,2026-05-23T15:33:59.683433,186.37,-23.52565,-46.61801,DEV0114,M085,0
T004682,U266,2026-05-23T06:38:59.420303,97.67,-29.99298,-51.19242,DEV0095,U098,0
T004683,U390,2026-05-22T22:10:36.648680,243.09,-30.04293,-51.22153,DEV0194,U141,0
T004684,U076,2026-05-24T01:19:40.835484,26.61,-23.55945,-46.68605,DEV0201,M035,0
T004685,U170,2026-05-23T06:07:33.681937,55.75,-13.02577,-38.49738,DEV0602,U382,0
T004686,U056,2026-05-23T13:09:12.527988,34.61,-30.03235,-51.19063,DEV0348,M076,0
T004687,U115,2026-05-23T22:14:15.913047,70.22,-30.08482,-51.21296,DEV0253,M014,0
T004688,U496,2026-05-22T20:20:50.828627,135.99,-23.51677,-46.57032,DEV0753,M049,0
T004689,U229,2026-05-23T09:01:56.969926,28.32,-12.96396,-38.55253,DEV0450,U176,0
T004690,U326,2026-05-23T00:17:43.956156,56831.31,-12.96214,-38.4863,DEV0376,U142,1
T004691,U264,2026-05-24T05:33:45.797776,134.94,-19.85287,-43.91301,DEV0043,U263,0
T004692,U294,2026-05-23T15:53:11.325584,161.39,-25.41906,-49.26427,DEV0394,U224,0
T004693,U355,2026-05-22T23:02:03.520342,1.13,-13.01052,-38.455,DEV0660,M060,0
T004694,U186,2026-05-22T20:43:34.824056,24.26,-25.43735,-49.20287,DEV0506,U451,0
T004695,U074,2026-05-23T09:00:35.403788,20.41,-12.94177,-38.55038,DEV0610,M020,0
T004696,U209,2026-05-23T16:42:16.844241,386.01,-19.84409,-43.98859,DEV0348,M043,0
T004697,U363,2026-05-23T17:09:24.879902,77.51,-25.4591,-49.2456,DEV0799,M062,0
T004698,U349,2026-05-23T08:49:02.686850,64618.5,-30.01069,-51.25235,DEV0228,M007,1
T004699,U308,2026-05-23T17:43:12.576691,19.32,-19.84025,-44.0289,DEV0004,M018,0
T004700,U112,2026-05-23T15:44:50.984679,580.25,-23.56822,-46.66653,DEV0037,U200,0
T004701,U035,2026-05-23T03:56:46.999715,120.04,-19.93629,-43.9985,DEV0419,M007,0
T004702,U055,2026-05-23T15:38:43.557857,95.12,-15.74661,-47.92844,DEV0331,M074,0
T004703,U442,2026-05-24T03:16:40.842369,90.19,-25.39188,-49.14905,DEV0467,M097,0
T004704,U103,2026-05-23T07:36:22.452285,416.01,-15.71199,-47.94521,DEV0670,M037,0
T004705,U302,2026-05-23T20:37:48.205839,132.11,-15.76845,-47.92004,DEV0503,U326,0
T004706,U167,2026-05-23T14:13:38.694336,75.89,-12.96646,-38.4592,DEV0012,M036,0
T004707,U084,2026-05-22T22:25:17.012999,56.86,-30.04061,-51.24044,DEV0298,U487,0
T004708,U494,2026-05-23T20:02:43.821946,50.46,-19.91634,-43.91935,DEV0493,M076,0
T004709,U260,2026-05-23T21:37:03.934211,33.3,-12.91016,-38.46292,DEV0797,M059,0
T004710,U204,2026-05-23T10:51:15.849840,8.67,-12.9714,-38.5014,DEV0091,M034,1
T004711,U369,2026-05-23T14:22:39.095146,49.86,-30.09692,-51.21812,DEV0371,M094,0
T004712,U411,2026-05-23T15:56:03.713279,53.95,-22.99664,-43.13507,DEV0707,M005,0
T004713,U383,2026-05-22T19:55:23.723217,34.1,-30.05635,-51.20962,DEV0701,U006,0
T004714,U162,2026-05-23T22:09:43.066358,122.94,-19.91309,-43.98067,DEV0664,U251,0
T004715,U074,2026-05-23T09:52:40.858845,68.63,-12.99708,-38.47085,DEV0610,M040,0
T004716,U216,2026-05-24T00:15:13.724486,35.41,-23.58332,-46.57387,DEV0402,M001,0
T004717,U101,2026-05-23T17:10:33.022081,9.82,-23.52082,-46.55388,DEV0688,M078,0
T004718,U221,2026-05-23T17:41:04.860515,83.63,-15.8002,-47.93879,DEV0408,M050,0
T004719,U370,2026-05-23T15:26:53.780580,19.8,-12.9195,-38.49024,DEV0431,U292,0
T004720,U321,2026-05-23T12:03:52.685600,107.53,-22.88186,-43.13413,DEV0596,M012,0
T004721,U022,2026-05-23T11:48:59.262129,80.16,-25.50391,-49.30162,DEV0562,M032,0
T004722,U108,2026-05-23T03:22:58.148536,2.11,-19.93631,-44.06346,DEV0516,U251,0
T004723,U056,2026-05-23T14:40:14.135367,80.32,-30.05347,-51.18287,DEV0348,M090,0
T004724,U373,2026-05-23T08:31:46.922181,12.23,-30.02185,-51.16736,DEV0244,U060,0
T004725,U025,2026-05-23T02:44:53.424095,62.4,-22.86804,-43.18949,DEV0556,M044,0
T004726,U112,2026-05-23T15:57:36.532491,260.73,-23.49297,-46.55254,DEV0037,M087,0
T004727,U083,2026-05-24T02:53:57.625179,53.12,-19.88196,-43.9604,DEV0473,M048,0
T004728,U348,2026-05-23T05:23:24.594398,54.39,-23.6289,-46.61632,DEV0118,U015,0
T004729,U375,2026-05-23T14:03:05.590293,804.75,-19.96366,-44.03282,DEV0418,M057,0
T004730,U132,2026-05-23T03:04:53.710357,15.8,-22.97705,-43.15185,DEV0570,M068,0
T004731,U384,2026-05-23T07:17:31.671134,11.59,-30.03567,-51.21979,DEV0769,U128,0
T004732,U371,2026-05-23T06:06:26.340651,357.34,-23.59322,-46.63527,DEV0202,M039,0
T004733,U253,2026-05-23T23:17:43.434014,362.28,-15.76184,-47.97499,DEV0578,U091,0
T004734,U111,2026-05-23T13:33:17.248752,82.65,-19.9173,-43.9345,DEV0518,M038,1
T004735,U031,2026-05-24T06:40:05.963958,87.88,-25.45298,-49.34678,DEV0493,M024,0
T004736,U333,2026-05-24T06:52:13.144160,335.06,-15.86436,-47.97911,DEV0082,M026,1
T004737,U146,2026-05-23T10:01:44.708733,263.81,-15.67351,-47.90848,DEV0118,M046,0
T004738,U232,2026-05-23T12:44:12.589427,71.95,-15.76387,-47.90075,DEV0065,M029,0
T004739,U039,2026-05-23T20:34:43.453014,344.99,-29.95685,-51.23019,DEV0459,M082,1
T004740,U185,2026-05-23T00:49:14.581779,90.62,-25.50871,-49.24452,DEV0718,U211,0
T004741,U124,2026-05-24T01:25:59.790193,413.72,-13.00137,-38.51435,DEV0682,M088,0
T004742,U049,2026-05-23T06:24:29.882983,72.53,-30.04536,-51.23289,DEV0749,U289,0
T004743,U071,2026-05-23T05:50:46.308691,292.2,-15.77797,-47.88311,DEV0416,U211,0
T004744,U359,2026-05-23T12:59:55.114144,21.86,-15.85546,-47.87759,DEV0210,M056,0
T004745,U151,2026-05-23T11:02:04.224871,2.44,-15.75014,-47.90268,DEV0220,M082,0
T004746,U351,2026-05-24T03:39:32.305586,13.56,-12.96761,-38.53499,DEV0157,M046,0
T004747,U155,2026-05-24T00:18:32.242193,60.33,-29.99515,-51.19106,DEV0612,M076,0
T004748,U498,2026-05-23T11:26:59.515832,190.63,-30.08848,-51.22196,DEV0727,M033,0
T004749,U174,2026-05-23T02:43:00.716013,842.01,-23.59679,-46.67254,DEV0277,M005,0
T004750,U288,2026-05-23T00:36:38.646494,1860.99,-22.95227,-43.13757,DEV0506,U353,1
T004751,U100,2026-05-22T23:04:12.085213,541.84,-22.9068,-43.1729,DEV0195,M029,1
T004752,U074,2026-05-23T09:55:08.456970,100.53,-12.85525,-38.47963,DEV0610,M041,0
T004753,U371,2026-05-23T07:01:47.610682,390.85,-23.48857,-46.5453,DEV0202,U330,0
T004754,U415,2026-05-22T19:23:42.115643,67828.53,-25.47783,-49.35906,DEV0506,M096,1
T004755,U342,2026-05-23T18:22:19.449267,21.45,-25.42424,-49.31266,DEV0015,M003,0
T004756,U023,2026-05-23T08:22:55.969013,15.86,-22.83531,-43.15283,DEV0390,M052,0
T004757,U300,2026-05-24T04:30:50.165071,1195.5,-19.97451,-44.00645,DEV0741,M082,0
T004758,U392,2026-05-23T05:27:12.931709,11.71,-19.93473,-43.90226,DEV0644,M069,0
T004759,U183,2026-05-23T07:54:05.528218,12.12,-23.5869,-46.64456,DEV0612,M003,0
T004760,U248,2026-05-22T23:18:36.436974,65.29,-15.79547,-48.01796,DEV0771,M060,0
T004761,U386,2026-05-23T02:28:52.525304,1.57,-19.88367,-43.96722,DEV0318,M053,0
T004762,U400,2026-05-23T05:38:15.632366,204.12,-15.71937,-47.84643,DEV0761,M022,0
T004763,U073,2026-05-23T02:43:21.302373,10.0,-23.49403,-46.63707,DEV0767,U200,0
T004764,U237,2026-05-23T02:13:46.449349,7.03,-29.99932,-51.27273,DEV0385,M042,0
T004765,U179,2026-05-23T21:30:48.594643,349.43,-23.5035,-46.65295,DEV0695,M004,0
T004766,U296,2026-05-24T04:16:17.920049,420.95,-30.13419,-51.18892,DEV0470,M080,0
T004767,U372,2026-05-22T19:38:45.832960,21.67,-12.94466,-38.54115,DEV0666,M056,0
T004768,U142,2026-05-22T21:21:46.249599,436.91,-12.98916,-38.47816,DEV0474,M022,0
T004769,U169,2026-05-23T14:57:45.366208,105.39,-19.98898,-43.91314,DEV0549,M038,1
T004770,U492,2026-05-22T23:07:41.440766,5.7,-25.3569,-49.27676,DEV0772,M026,0
T004771,U209,2026-05-23T16:51:32.664958,71.98,-19.85914,-44.06054,DEV0348,U183,0
T004772,U257,2026-05-22T23:07:42.586917,106.38,-30.02755,-51.17508,DEV0308,M001,0
T004773,U455,2026-05-23T20:37:53.266271,140.71,-12.92389,-38.47365,DEV0374,M099,0
T004774,U113,2026-05-23T13:16:58.982577,251.5,-23.61505,-46.6249,DEV0302,M074,0
T004775,U183,2026-05-23T08:59:17.351831,33.37,-23.58748,-46.58947,DEV0612,M008,0
T004776,U345,2026-05-23T14:34:23.311512,57.57,-23.5743,-46.60938,DEV0411,U041,0
T004777,U448,2026-05-23T13:54:25.113146,17.9,-30.01723,-51.16558,DEV0131,M044,0
T004778,U263,2026-05-23T17:40:39.890223,76.45,-12.96381,-38.43942,DEV0450,U132,0
T004779,U267,2026-05-23T05:03:34.760611,117.23,-25.49703,-49.23896,DEV0360,M052,0
T004780,U125,2026-05-23T09:52:04.041324,205.75,-19.9176,-43.88976,DEV0408,M013,0
T004781,U168,2026-05-23T22:08:17.097892,4.38,-22.92925,-43.10155,DEV0253,M029,0
T004782,U134,2026-05-23T22:25:27.130431,46.88,-15.69314,-47.97611,DEV0444,M019,0
T004783,U485,2026-05-23T11:06:51.655756,1.64,-23.56746,-46.71399,DEV0432,U329,0
T004784,U369,2026-05-23T15:59:59.394143,14.32,-29.98475,-51.27645,DEV0371,M002,0
T004785,U353,2026-05-22T23:31:39.498882,224.06,-30.06329,-51.2389,DEV0627,U088,0
T004786,U166,2026-05-22T23:52:05.531463,10.3,-22.83543,-43.14398,DEV0043,M020,0
T004787,U427,2026-05-23T12:05:39.885743,330.67,-15.8569,-47.95415,DEV0378,M047,0
T004788,U235,2026-05-23T10:20:15.508995,105.99,-19.83257,-43.96743,DEV0795,U363,0
T004789,U252,2026-05-23T00:22:31.050065,10.1,-30.03596,-51.14421,DEV0207,U395,0
T004790,U492,2026-05-23T05:23:55.074111,16.67,-25.34662,-49.28238,DEV0772,M072,0
T004791,U281,2026-05-22T21:13:44.426971,88868.78,-13.02413,-38.52585,DEV0692,M025,1
T004792,U290,2026-05-23T14:02:45.461911,28.38,-30.09651,-51.25705,DEV0485,M088,0
T004793,U276,2026-05-23T08:01:54.412210,183.59,-23.64572,-46.64444,DEV0794,M058,0
T004794,U202,2026-05-23T07:33:10.723680,53.3,-25.46195,-49.22629,DEV0070,M034,0
T004795,U465,2026-05-23T11:30:00.084126,5000.0,-22.98015,-43.14161,DEV0443,U116,1
T004796,U116,2026-05-23T11:30:10.084126,4950.0,-30.0346,-51.2177,DEV0161,U027,1
T004797,U027,2026-05-23T11:30:20.084126,4900.0,-30.0346,-51.2177,DEV0456,U465,1
T004798,U095,2026-05-23T07:22:01.041013,1331.95,-23.6355,-46.63693,DEV0099,M008,0
T004799,U402,2026-05-23T12:10:54.540165,39.69,-29.94539,-51.13608,DEV0264,U375,0
T004800,U400,2026-05-23T06:25:25.550829,25.95,-15.82272,-47.91678,DEV0761,M085,0
T004801,U119,2026-05-23T19:09:59.885421,192.44,-15.70546,-48.00574,DEV0792,M006,0
T004802,U244,2026-05-23T10:21:47.355550,5000.0,-12.98184,-38.55811,DEV0772,U184,1
T004803,U184,2026-05-23T10:21:57.355550,4950.0,-23.5505,-46.6333,DEV0076,U106,1
T004804,U106,2026-05-23T10:22:07.355550,4900.0,-15.7801,-47.9292,DEV0609,U244,1
T004805,U243,2026-05-23T03:25:29.146039,370.91,-15.7392,-47.93417,DEV0001,M056,0
T004806,U150,2026-05-23T11:30:23.599647,24.3,-19.82134,-43.89796,DEV0086,M034,0
T004807,U456,2026-05-24T00:25:05.087917,64.94,-23.47973,-46.63405,DEV0466,M017,0
T004808,U060,2026-05-23T05:19:03.887270,7.93,-19.98343,-43.96332,DEV0649,U175,0
T004809,U345,2026-05-23T16:58:04.528091,83615.6,-23.49798,-46.71456,DEV0411,M064,1
T004810,U458,2026-05-23T08:21:12.225196,7.91,-12.97917,-38.5134,DEV0538,M027,0
T004811,U118,2026-05-23T03:29:10.340179,1422.05,-15.78039,-47.87789,DEV0570,M057,0
T004812,U442,2026-05-24T03:59:31.517542,728.05,-25.42362,-49.28627,DEV0473,M080,1
T004813,U398,2026-05-23T16:03:00.171960,38.35,-23.5491,-46.67196,DEV0759,M049,0
T004814,U213,2026-05-23T01:25:42.580938,6.66,-12.98599,-38.52845,DEV0149,U319,0
T004815,U462,2026-05-23T12:16:55.080582,13.36,-12.91431,-38.51082,DEV0519,M005,0
T004816,U107,2026-05-23T10:52:16.509942,11.9,-23.43114,-46.64942,DEV0453,M099,0
T004817,U178,2026-05-24T05:35:41.588652,99.91,-15.83064,-47.97577,DEV0736,M046,0
T004818,U134,2026-05-24T00:55:51.869339,160.85,-15.73249,-48.0243,DEV0444,U402,0
T004819,U424,2026-05-23T16:36:57.403047,293.3,-15.73509,-47.93545,DEV0146,U287,0
T004820,U166,2026-05-23T00:26:24.863449,103.04,-22.8286,-43.11912,DEV0043,M096,0
T004821,U289,2026-05-23T15:26:05.469193,12.13,-19.88355,-43.94616,DEV0015,U277,0
T004822,U417,2026-05-23T11:00:39.483502,307.24,-19.91109,-43.93733,DEV0727,U238,0
T004823,U304,2026-05-23T04:54:17.676224,1075.35,-30.11122,-51.19582,DEV0664,M096,0
T004824,U097,2026-05-23T12:35:06.114704,547.85,-19.90067,-43.80608,DEV0720,M029,0
T004825,U276,2026-05-23T13:48:46.583033,88.27,-23.47241,-46.66061,DEV0794,M020,0
T004826,U208,2026-05-24T00:19:05.999731,340.65,-12.98854,-38.51963,DEV0361,M016,0
T004827,U435,2026-05-22T23:48:58.321000,211.18,-13.00417,-38.49353,DEV0292,U383,0
T004828,U401,2026-05-23T06:52:19.114984,66.76,-20.00286,-43.94005,DEV0051,M089,0
T004829,U045,2026-05-23T14:59:11.040069,28.26,-29.9382,-51.15614,DEV0554,M013,0
T004830,U124,2026-05-24T02:25:15.026450,545.38,-13.01413,-38.49877,DEV0682,M005,0
T004831,U241,2026-05-23T06:53:19.681676,630.67,-12.94235,-38.4755,DEV0714,M097,0
T004832,U306,2026-05-23T07:09:47.547749,77.44,-12.94481,-38.57942,DEV0548,U415,0
T004833,U070,2026-05-23T14:58:15.267378,37.01,-22.90306,-43.23303,DEV0053,M038,0
T004834,U442,2026-05-24T05:24:13.658991,7.51,-25.40225,-49.29625,DEV0467,M072,0
T004835,U484,2026-05-23T10:01:03.935253,41.55,-25.39835,-49.28348,DEV0146,M099,0
T004836,U144,2026-05-23T12:12:52.806703,7.85,-12.95777,-38.57119,DEV0641,M026,0
T004837,U021,2026-05-24T00:16:30.784456,210.03,-30.12505,-51.18113,DEV0035,U301,0
T004838,U123,2026-05-23T06:05:02.303491,74.15,-19.9072,-43.86426,DEV0246,M038,0
T004839,U388,2026-05-23T02:12:41.234216,98.4,-15.73864,-47.98252,DEV0144,U280,0
T004840,U160,2026-05-23T22:27:22.977485,4437.23,-23.61681,-46.61779,DEV0325,M078,1
T004841,U365,2026-05-24T08:16:34.419394,28.49,-23.6285,-46.64943,DEV0726,M065,0
T004842,U415,2026-05-22T22:53:33.243155,294.88,-25.35343,-49.3121,DEV0506,U149,0
T004843,U490,2026-05-23T08:27:29.958500,160.26,-30.00655,-51.21902,DEV0302,M008,0
T004844,U275,2026-05-23T04:16:24.281846,61.11,-15.8452,-47.87421,DEV0730,M012,0
T004845,U029,2026-05-23T23:22:25.201524,479.05,-13.02867,-38.50313,DEV0338,M057,0
T004846,U488,2026-05-24T05:00:58.247251,222.25,-19.92031,-43.93526,DEV0061,M007,0
T004847,U445,2026-05-23T11:56:01.234575,9.34,-12.95688,-38.57607,DEV0073,M090,0
T004848,U111,2026-05-23T13:40:24.972273,139.25,-13.00724,-38.51738,DEV0518,U314,0
T004849,U109,2026-05-23T06:59:03.237086,77.62,-23.52608,-46.66543,DEV0512,U345,0
T004850,U295,2026-05-23T07:37:39.214482,3.45,-13.01901,-38.48242,DEV0146,U285,0
T004851,U386,2026-05-23T05:02:07.463940,33.05,-19.82421,-43.87302,DEV0318,M087,0
T004852,U419,2026-05-23T07:32:33.932473,11.84,-23.58674,-46.65315,DEV0552,U313,0
T004853,U400,2026-05-23T08:24:29.997785,186.49,-15.86207,-47.83203,DEV0761,M066,0
T004854,U163,2026-05-23T01:49:53.480000,97.98,-19.94737,-43.97971,DEV0380,M073,0
T004855,U116,2026-05-23T11:33:57.725222,17.84,-29.9429,-51.25367,DEV0161,M091,0
T004856,U475,2026-05-23T15:21:02.939589,9.5,-22.91559,-43.20901,DEV0414,M011,0
T004857,U272,2026-05-23T16:29:31.728982,3.65,-23.00464,-43.1561,DEV0534,U009,0
T004858,U049,2026-05-23T06:33:32.108188,73.86,-30.04629,-51.24214,DEV0749,M042,0
T004859,U327,2026-05-23T15:15:00.675817,14.09,-22.91263,-43.31814,DEV0588,U063,0
T004860,U319,2026-05-23T09:37:52.471084,46.61,-22.93746,-43.10323,DEV0010,M058,0
T004861,U056,2026-05-23T15:58:19.841345,4.12,-29.96877,-51.25916,DEV0348,M005,0
T004862,U135,2026-05-23T10:56:59.899984,53.35,-12.9318,-38.449,DEV0572,U234,0
T004863,U385,2026-05-23T22:53:44.674603,95.85,-15.72718,-48.0006,DEV0215,U119,0
T004864,U181,2026-05-23T11:17:47.821917,145.46,-15.81911,-47.92256,DEV0596,U003,0
T004865,U173,2026-05-22T22:51:55.196723,18.28,-19.87781,-43.92763,DEV0413,M027,0
T004866,U152,2026-05-23T11:19:25.763053,51.71,-23.5755,-46.5364,DEV0094,M045,0
T004867,U424,2026-05-23T17:21:39.422520,31.73,-15.73759,-47.97674,DEV0146,M078,0
T004868,U376,2026-05-23T01:11:56.360695,45.14,-19.81968,-43.97421,DEV0763,M049,0
T004869,U307,2026-05-23T11:26:41.285060,172.12,-15.78546,-47.94345,DEV0322,M056,0
T004870,U241,2026-05-23T08:20:30.420624,156.11,-12.93238,-38.4945,DEV0714,U342,0
T004871,U120,2026-05-23T04:06:22.352720,5000.0,-30.08834,-51.32683,DEV0663,U089,1
T004872,U089,2026-05-23T04:06:32.352720,4950.0,-30.0346,-51.2177,DEV0009,U137,1
T004873,U137,2026-05-23T04:06:42.352720,4900.0,-12.9714,-38.5014,DEV0350,U120,1
T004874,U002,2026-05-23T07:45:58.306554,185.81,-20.01743,-43.97567,DEV0072,M078,0
T004875,U191,2026-05-22T23:16:35.955414,367.02,-30.01898,-51.25777,DEV0398,M046,0
T004876,U042,2026-05-24T05:35:30.709160,516.81,-12.99185,-38.56996,DEV0462,M036,0
T004877,U451,2026-05-23T04:53:00.310641,27.76,-25.39926,-49.38743,DEV0017,U090,0
T004878,U056,2026-05-23T17:44:28.491112,269.85,-30.0557,-51.19744,DEV0348,U155,0
T004879,U460,2026-05-23T07:59:39.554630,80.0,-29.96852,-51.17829,DEV0794,M073,0
T004880,U453,2026-05-23T19:51:37.941275,365.02,-15.7163,-47.93883,DEV0592,U099,0
T004881,U076,2026-05-24T02:46:04.583978,84.44,-23.58212,-46.68681,DEV0201,M033,0
T004882,U262,2026-05-23T12:56:10.486737,123.43,-25.46244,-49.32047,DEV0069,M091,0
T004883,U169,2026-05-23T19:39:43.176011,114.73,-19.96766,-43.95462,DEV0727,M079,0
T004884,U199,2026-05-22T18:52:49.216001,118.52,-19.96923,-43.89246,DEV0648,U223,0
T004885,U330,2026-05-23T22:33:18.527220,67.87,-23.50908,-46.62357,DEV0229,M019,0
T004886,U247,2026-05-23T06:29:53.376029,16.74,-22.78066,-43.26224,DEV0250,M037,0
T004887,U402,2026-05-23T12:52:13.968708,53.89,-29.97978,-51.11054,DEV0264,M026,0
T004888,U292,2026-05-23T15:58:30.496665,4.96,-22.83995,-43.18493,DEV0126,M035,0
T004889,U454,2026-05-22T18:02:17.555512,134.86,-30.00817,-51.22496,DEV0661,M055,0
T004890,U457,2026-05-22T20:44:41.440960,458.16,-30.04142,-51.15176,DEV0571,M062,0
T004891,U456,2026-05-24T03:42:26.415573,8.69,-23.55543,-46.66816,DEV0466,M093,0
T004892,U199,2026-05-22T21:17:00.001149,12.18,-19.92333,-43.91801,DEV0648,M062,0
T004893,U330,2026-05-23T23:10:31.191845,34.24,-23.47686,-46.62615,DEV0229,M027,0
T004894,U080,2026-05-22T23:59:20.702961,18.09,-19.92688,-43.90707,DEV0148,M066,0
T004895,U411,2026-05-23T23:47:09.194339,521.85,-22.93856,-43.15618,DEV0707,M034,0
T004896,U162,2026-05-23T23:32:08.720097,173.13,-19.91072,-43.91695,DEV0664,U002,0
T004897,U222,2026-05-23T11:02:00.958638,11.07,-22.846,-43.08161,DEV0348,M021,0
T004898,U093,2026-05-23T12:02:49.882711,5000.0,-25.44746,-49.22502,DEV0422,U264,1
T004899,U264,2026-05-23T12:02:59.882711,4950.0,-19.9173,-43.9345,DEV0043,U198,1
T004900,U198,2026-05-23T12:03:09.882711,4900.0,-12.9714,-38.5014,DEV0029,U093,1
T004901,U186,2026-05-22T21:41:19.183808,67.56,-25.45357,-49.32297,DEV0506,M005,0
T004902,U460,2026-05-23T09:13:10.881348,217.19,-30.09114,-51.19225,DEV0794,M061,0
T004903,U201,2026-05-23T06:12:56.790305,58.62,-30.00853,-51.21351,DEV0327,U382,0
T004904,U224,2026-05-23T11:47:44.210483,74.51,-25.4207,-49.19802,DEV0041,M089,0
T004905,U356,2026-05-23T05:30:29.431300,25.03,-22.89704,-43.12544,DEV0550,M014,0
T004906,U020,2026-05-23T16:19:13.269362,236.45,-30.0916,-51.15796,DEV0428,U361,0
T004907,U266,2026-05-23T07:56:00.605550,61.21,-30.07547,-51.29375,DEV0095,M038,0
T004908,U114,2026-05-23T13:57:35.622890,3.09,-19.93652,-43.88477,DEV0700,M006,0
T004909,U147,2026-05-23T13:27:16.622895,23.74,-12.90143,-38.5307,DEV0272,U238,0
T004910,U329,2026-05-23T10:45:17.408729,2.56,-25.47126,-49.34474,DEV0349,U500,0
T004911,U375,2026-05-23T15:50:40.380444,1054.02,-19.89391,-43.87476,DEV0418,M060,0
T004912,U306,2026-05-23T08:05:53.756015,1472.46,-12.9731,-38.46056,DEV0548,M001,0
T004913,U393,2026-05-23T05:09:06.946313,231.59,-12.94905,-38.52772,DEV0055,M021,0
T004914,U069,2026-05-23T08:59:14.795359,15.1,-23.55894,-46.65396,DEV0385,M006,0
T004915,U245,2026-05-24T01:16:41.135800,150.14,-23.57114,-46.64839,DEV0488,U123,0
T004916,U035,2026-05-23T04:16:29.883885,496.83,-20.00754,-43.91225,DEV0419,M088,0
T004917,U415,2026-05-22T22:57:33.841791,295.93,-25.4301,-49.24674,DEV0506,M021,0
T004918,U118,2026-05-23T03:30:15.313312,893.37,-15.77476,-47.87927,DEV0570,M078,0
T004919,U060,2026-05-23T06:47:41.012968,14.01,-19.96781,-43.95706,DEV0649,M100,0
T004920,U476,2026-05-23T14:04:32.068319,8.2,-12.95313,-38.56177,DEV0141,M025,0
T004921,U386,2026-05-23T05:45:53.168396,13.73,-19.95732,-43.81149,DEV0318,M019,0
T004922,U407,2026-05-23T02:03:20.494195,376.26,-23.45456,-46.68415,DEV0151,U129,0
T004923,U315,2026-05-23T04:07:59.773993,18.01,-23.4837,-46.69137,DEV0140,U400,0
T004924,U314,2026-05-24T06:39:53.585922,56.61,-19.91083,-43.88166,DEV0724,M089,0
T004925,U040,2026-05-23T16:17:28.064791,30.62,-19.87816,-43.93957,DEV0684,M011,0
T004926,U201,2026-05-23T06:25:21.315722,567.53,-30.08376,-51.23461,DEV0327,M033,0
T004927,U103,2026-05-23T09:42:03.900981,144.84,-15.87325,-47.98506,DEV0670,M025,0
T004928,U096,2026-05-23T01:29:00.507612,28.57,-22.96072,-43.12267,DEV0338,M016,0
T004929,U350,2026-05-23T10:26:32.659582,17.51,-25.4869,-49.23801,DEV0696,M032,0
T004930,U347,2026-05-23T03:41:28.912961,20.29,-22.91858,-43.19638,DEV0517,U288,0
T004931,U435,2026-05-23T00:14:35.088512,114.43,-13.04036,-38.54673,DEV0292,M070,0
T004932,U014,2026-05-23T12:06:13.535219,22.77,-25.38249,-49.27279,DEV0505,U479,0
T004933,U182,2026-05-23T04:07:15.465639,134.85,-15.76334,-47.87241,DEV0397,M052,0
T004934,U325,2026-05-23T04:29:36.083733,241.6,-15.73564,-47.95421,DEV0236,M044,0
T004935,U205,2026-05-23T19:37:54.235984,34.22,-19.93385,-44.01032,DEV0039,M034,0
T004936,U105,2026-05-23T17:13:38.987758,19.72,-19.88629,-43.88556,DEV0027,M084,0
T004937,U262,2026-05-23T13:34:09.707184,226.13,-25.45859,-49.2423,DEV0069,M005,0
T004938,U243,2026-05-23T03:58:42.409286,489.86,-15.69087,-47.91842,DEV0001,M049,0
T004939,U428,2026-05-22T20:21:30.030777,31.76,-13.00279,-38.46524,DEV0342,M093,0
T004940,U303,2026-05-23T05:11:43.919493,9.53,-15.7988,-47.92456,DEV0446,U181,0
T004941,U303,2026-05-23T06:21:16.218970,58.61,-15.79034,-48.01914,DEV0446,U043,0
T004942,U018,2026-05-24T04:56:38.700066,3.05,-23.47204,-46.55886,DEV0346,M022,0
T004943,U151,2026-05-23T12:13:58.511077,8.0,-15.77351,-47.91212,DEV0220,M042,0
T004944,U313,2026-05-23T01:04:03.517582,6.41,-15.78695,-47.92451,DEV0410,U076,0
T004945,U315,2026-05-23T06:50:49.913213,2.01,-23.47808,-46.71354,DEV0140,U285,0
T004946,U496,2026-05-22T20:32:12.515664,36.99,-23.58765,-46.55513,DEV0753,M036,0
T004947,U260,2026-05-24T00:48:02.236298,36.51,-12.9218,-38.55451,DEV0797,M059,0
T004948,U278,2026-05-23T18:17:43.683515,563.22,-15.79819,-47.88374,DEV0107,M051,0
T004949,U250,2026-05-23T16:16:41.569489,491.5,-15.87354,-47.91491,DEV0734,U043,0
T004950,U396,2026-05-23T06:41:48.343514,479.08,-30.09476,-51.25669,DEV0476,M060,1
T004951,U135,2026-05-23T11:55:45.308146,33.03,-12.89729,-38.41232,DEV0572,M002,0
T004952,U393,2026-05-23T05:54:23.879508,301.47,-12.92834,-38.43932,DEV0055,M096,0
T004953,U121,2026-05-23T09:54:08.755942,380.32,-19.76985,-44.00792,DEV0490,U148,0
T004954,U187,2026-05-24T00:35:10.572050,91.31,-30.0346,-51.2177,DEV0069,U316,1
T004955,U160,2026-05-23T06:36:22.542767,139.17,-23.49072,-46.63744,DEV0325,M068,0
T004956,U009,2026-05-22T22:48:09.766355,63.11,-15.85121,-47.99063,DEV0253,U117,0
T004957,U393,2026-05-23T06:47:49.115082,401.41,-12.96491,-38.49522,DEV0055,U193,0
T004958,U025,2026-05-23T03:44:15.896293,208.23,-22.9614,-43.08823,DEV0556,M046,0
T004959,U397,2026-05-24T02:57:40.506194,82.45,-30.11581,-51.22218,DEV0349,M070,0
T004960,U241,2026-05-23T08:52:51.518850,240.7,-13.04325,-38.45689,DEV0714,M091,0
T004961,U450,2026-05-23T20:51:23.754947,74.52,-15.86254,-47.86799,DEV0524,U087,0
T004962,U419,2026-05-23T08:24:57.441026,27.52,-23.48674,-46.71375,DEV0552,M087,0
T004963,U412,2026-05-23T04:31:15.177304,59.45,-25.50989,-49.28441,DEV0532,M018,0
T004964,U463,2026-05-23T18:40:25.707678,252.45,-22.92835,-43.13861,DEV0727,M056,1
T004965,U438,2026-05-23T03:19:14.105125,120.76,-19.91908,-43.9481,DEV0744,M023,0
T004966,U301,2026-05-23T08:27:28.393360,36.14,-12.87908,-38.4611,DEV0662,U158,0
T004967,U052,2026-05-23T06:25:42.371207,73.8,-25.41659,-49.26285,DEV0578,M055,0
T004968,U455,2026-05-23T20:49:21.833109,431.13,-12.86175,-38.48624,DEV0374,M036,0
T004969,U393,2026-05-23T08:52:07.789171,54.24,-12.98327,-38.49029,DEV0055,U256,0
T004970,U334,2026-05-23T16:33:53.590725,147.48,-22.90985,-43.1519,DEV0089,M057,0
T004971,U321,2026-05-23T12:23:03.532333,23.1,-22.84205,-43.18937,DEV0596,M088,0
T004972,U248,2026-05-23T00:04:27.370249,352.36,-15.80637,-47.90525,DEV0771,M040,0
T004973,U069,2026-05-23T10:21:56.429524,4.82,-23.56421,-46.6545,DEV0385,M054,0
T004974,U176,2026-05-23T03:32:30.261980,262.89,-19.93495,-43.87058,DEV0689,M019,0
T004975,U485,2026-05-23T12:59:14.923602,11.97,-23.49174,-46.63758,DEV0432,M083,0
T004976,U132,2026-05-23T03:09:22.102519,3.33,-22.91054,-43.06828,DEV0570,U327,0
T004977,U375,2026-05-23T20:14:55.083100,1060.32,-19.88918,-43.92171,DEV0418,U107,0
T004978,U409,2026-05-23T22:09:56.294042,303.01,-22.91825,-43.18849,DEV0514,U361,0
T004979,U326,2026-05-23T00:33:44.184701,381.52,-12.96145,-38.6051,DEV0376,M004,0
T004980,U068,2026-05-24T01:56:41.416616,1.54,-25.44875,-49.23356,DEV0566,M042,0
T004981,U105,2026-05-23T18:08:18.927555,84.59,-20.01152,-43.84437,DEV0027,M016,0
T004982,U022,2026-05-23T12:28:53.553924,60.33,-25.36483,-49.28246,DEV0562,M018,0
T004983,U114,2026-05-23T14:31:33.477625,673.32,-19.99133,-43.97432,DEV0700,U285,0
T004984,U228,2026-05-23T17:48:48.793912,230.99,-15.75394,-47.88689,DEV0594,M096,0
T004985,U040,2026-05-23T16:21:17.092346,257.57,-19.95419,-43.96357,DEV0684,M094,0
T004986,U474,2026-05-23T09:42:25.801522,76.8,-22.8839,-43.08586,DEV0311,U022,0
T004987,U473,2026-05-22T19:14:39.892873,327.34,-12.92571,-38.49187,DEV0426,M055,0
T004988,U466,2026-05-23T10:27:12.218701,54.31,-23.61837,-46.54111,DEV0526,U351,0
T004989,U185,2026-05-23T02:23:10.920560,232.37,-25.49624,-49.28265,DEV0718,U318,0
T004990,U429,2026-05-23T15:15:03.801906,305.88,-23.51531,-46.69433,DEV0287,M008,0
T004991,U363,2026-05-23T22:28:39.445438,45.53,-25.45914,-49.34238,DEV0799,U273,0
T004992,U186,2026-05-23T00:21:18.068796,58.5,-25.46181,-49.18261,DEV0506,M046,0
T004993,U145,2026-05-23T08:49:00.475604,153.15,-23.53481,-46.67305,DEV0751,M087,0
T004994,U366,2026-05-23T08:15:20.149948,5000.0,-23.58683,-46.62636,DEV0613,U134,1
T004995,U134,2026-05-23T08:15:30.149948,4950.0,-15.7801,-47.9292,DEV0444,U081,1
T004996,U081,2026-05-23T08:15:40.149948,4900.0,-25.4284,-49.2733,DEV0489,U366,1
T004997,U360,2026-05-23T10:04:03.666337,456.0,-30.1242,-51.28055,DEV0616,U096,0
T004998,U234,2026-05-23T18:16:59.330400,9.96,-22.96138,-43.16683,DEV0063,U420,0
T004999,U037,2026-05-23T07:19:04.867079,225.11,-23.55544,-46.54425,DEV0028,M027,0
T005000,U136,2026-05-24T11:46:05.399348,38.11,-13.05929,-38.50529,DEV0103,M002,0
T005001,U220,2026-05-23T07:30:18.198446,422.14,-19.87084,-43.88158,DEV0012,M001,0
T005002,U441,2026-05-23T03:48:42.830116,18.46,-23.57911,-46.61124,DEV0762,U084,0
T005003,U354,2026-05-23T14:05:25.714444,30.22,-25.48712,-49.30494,DEV0794,U021,0
T005004,U231,2026-05-23T07:39:28.219783,272.64,-12.91763,-38.53792,DEV0119,M033,0
T005005,U041,2026-05-23T19:12:28.954074,171.6,-19.94055,-44.01454,DEV0547,M083,0
T005006,U152,2026-05-23T11:22:38.315325,206.9,-23.61849,-46.60797,DEV0094,M013,0
T005007,U076,2026-05-24T04:00:04.558118,11.61,-23.55353,-46.69735,DEV0201,M098,0
T005008,U024,2026-05-23T17:42:04.211372,128.35,-25.44568,-49.25338,DEV0477,M070,0
T005009,U002,2026-05-23T09:04:53.942981,69.9,-20.04526,-43.9749,DEV0072,U484,0
T005010,U014,2026-05-23T14:15:02.734985,8.34,-25.4773,-49.34742,DEV0505,M018,0
T005011,U110,2026-05-23T22:40:06.156804,1111.04,-25.52767,-49.39407,DEV0158,M055,0
T005012,U426,2026-05-23T23:23:53.765393,126.79,-22.85655,-43.15075,DEV0017,U497,0
T005013,U197,2026-05-22T22:29:01.726731,83.71,-23.6441,-46.6444,DEV0795,M038,0
T005014,U322,2026-05-23T15:39:49.695133,105.83,-12.94429,-38.5353,DEV0329,M011,0
T005015,U124,2026-05-24T02:52:12.684712,137.91,-12.95374,-38.51645,DEV0682,M023,0
T005016,U492,2026-05-23T13:52:50.122054,15.98,-25.45851,-49.29213,DEV0772,M063,0
T005017,U457,2026-05-22T22:04:46.928098,2116.43,-29.98485,-51.23279,DEV0571,U006,0
T005018,U153,2026-05-22T22:51:31.330120,11.16,-25.43443,-49.36765,DEV0453,M071,0
T005019,U477,2026-05-23T13:53:15.192439,58.72,-19.8803,-43.95302,DEV0039,M098,0
T005020,U048,2026-05-22T23:22:24.861787,10.68,-25.40117,-49.28891,DEV0734,M069,0
T005021,U288,2026-05-23T17:00:28.339802,2.35,-22.91194,-43.16306,DEV0506,M014,0
T005022,U175,2026-05-23T03:58:54.655807,77.82,-25.4519,-49.23468,DEV0394,M033,0
T005023,U292,2026-05-23T20:36:34.183349,208.27,-22.92406,-43.1104,DEV0126,M090,0
T005024,U321,2026-05-23T18:00:35.323636,18.74,-22.84952,-43.18908,DEV0596,M044,0
T005025,U182,2026-05-23T08:04:25.011136,36.77,-15.6797,-47.86945,DEV0397,M091,0
T005026,U029,2026-05-24T00:15:35.824103,167.38,-13.0371,-38.55563,DEV0338,M083,0
T005027,U073,2026-05-23T06:54:20.680577,3.86,-23.49827,-46.5958,DEV0767,M027,0
T005028,U328,2026-05-23T20:02:29.092178,98.35,-23.60639,-46.60537,DEV0296,M035,0
T005029,U388,2026-05-23T04:25:55.268773,98.5,-15.81426,-47.89643,DEV0144,M076,0
T005030,U133,2026-05-23T02:42:23.019884,650.4,-25.51048,-49.21112,DEV0682,U071,0
T005031,U362,2026-05-23T16:39:10.654475,1.28,-12.99612,-38.51667,DEV0127,M035,0
T005032,U437,2026-05-23T13:37:57.764121,59.83,-19.83981,-43.93779,DEV0512,M093,0
T005033,U487,2026-05-23T08:10:37.691469,149.67,-23.53172,-46.59179,DEV0203,M067,1
T005034,U033,2026-05-22T22:43:22.539147,83.61,-23.66061,-46.59999,DEV0344,M029,0
T005035,U133,2026-05-23T03:35:21.514438,198.73,-25.37288,-49.23355,DEV0682,U327,0
T005036,U332,2026-05-23T00:55:16.409160,631.44,-12.96793,-38.47133,DEV0379,U232,0
T005037,U233,2026-05-23T05:14:28.252542,77926.15,-29.90385,-51.22294,DEV0177,M057,1
T005038,U098,2026-05-23T07:17:08.112281,5.64,-25.41758,-49.33348,DEV0161,M014,0
T005039,U231,2026-05-23T10:28:46.663264,130.38,-12.99491,-38.58388,DEV0119,M085,0
T005040,U003,2026-05-22T22:44:13.333567,15.71,-30.01611,-51.16258,DEV0122,M021,0
T005041,U306,2026-05-23T09:40:22.921384,99.55,-12.88346,-38.54266,DEV0548,M047,0
T005042,U330,2026-05-23T23:27:20.253580,46.66,-23.52622,-46.66493,DEV0229,U066,0
T005043,U047,2026-05-22T19:59:37.530060,7.59,-23.59884,-46.64622,DEV0564,U260,0
T005044,U425,2026-05-23T18:58:38.581762,75.29,-22.83504,-43.25443,DEV0356,M024,0
T005045,U142,2026-05-22T21:39:08.306349,367.26,-12.93768,-38.53541,DEV0474,M019,0
T005046,U348,2026-05-23T06:17:29.450573,357.4,-23.56107,-46.59866,DEV0118,M067,0
T005047,U393,2026-05-23T09:01:18.549529,288.45,-12.93611,-38.60394,DEV0055,M019,0
T005048,U084,2026-05-22T23:25:17.811700,11.55,-30.01154,-51.21145,DEV0298,U017,0
T005049,U002,2026-05-23T14:02:14.003464,148.86,-19.89461,-43.97014,DEV0072,M035,0
T005050,U068,2026-05-24T04:32:54.764213,4.7,-25.35674,-49.30601,DEV0566,U342,0
T005051,U462,2026-05-23T12:19:39.251522,48.54,-12.93418,-38.50796,DEV0519,U485,0
T005052,U280,2026-05-24T03:18:05.333235,16.35,-23.50181,-46.60183,DEV0008,U252,0
T005053,U170,2026-05-23T02:18:53.592373,4730.61,-12.92744,-38.51512,DEV0602,M018,1
T005054,U019,2026-05-23T20:12:32.822915,10.57,-25.4608,-49.30553,DEV0092,M011,0
T005055,U398,2026-05-23T21:09:01.077295,120.15,-23.49758,-46.68141,DEV0759,M078,0
T005056,U165,2026-05-23T14:11:31.987028,26.97,-25.43158,-49.30073,DEV0577,U201,0
T005057,U025,2026-05-23T05:04:02.484530,39.96,-22.86954,-43.12428,DEV0556,M004,0
T005058,U390,2026-05-23T00:29:33.944218,15.82,-30.04413,-51.2599,DEV0194,M024,0
T005059,U308,2026-05-23T20:02:16.365397,13.93,-19.9444,-43.97982,DEV0004,M092,0
T005060,U186,2026-05-23T01:48:26.076821,57.13,-15.7801,-47.9292,DEV0506,M024,1
T005061,U154,2026-05-23T12:48:42.462634,212.75,-22.91859,-43.23518,DEV0474,M041,0
T005062,U402,2026-05-23T14:39:23.010347,1.43,-30.09735,-51.23598,DEV0264,U238,0
T005063,U181,2026-05-23T11:44:55.769485,453.9,-15.84165,-47.94547,DEV0596,U200,0
T005064,U083,2026-05-24T05:57:10.084403,8.09,-19.94355,-44.031,DEV0473,M023,0
T005065,U244,2026-05-23T16:09:38.696392,44.55,-13.01042,-38.49931,DEV0772,M096,0
T005066,U008,2026-05-23T04:01:43.459835,67.16,-12.91411,-38.45597,DEV0161,M055,0
T005067,U056,2026-05-23T18:23:03.154536,53.39,-30.06977,-51.20722,DEV0348,U081,0
T005068,U234,2026-05-23T19:24:34.437630,6.4,-22.96272,-43.17885,DEV0063,M083,0
T005069,U077,2026-05-24T10:00:48.726390,1.05,-15.8576,-47.91272,DEV0464,U091,0
T005070,U400,2026-05-23T09:59:49.731798,20.51,-15.78904,-47.87797,DEV0761,M055,0
T005071,U396,2026-05-23T09:20:40.615991,174.92,-30.07282,-51.26091,DEV0476,U183,1
T005072,U144,2026-05-23T13:52:40.431499,191.63,-12.96496,-38.44065,DEV0641,M024,0
T005073,U069,2026-05-23T14:41:33.976839,29.3,-23.56963,-46.67105,DEV0385,M023,0
T005074,U164,2026-05-23T11:54:15.821223,497.81,-12.9817,-38.5519,DEV0691,M090,0
T005075,U310,2026-05-23T11:35:58.633438,203.99,-19.80928,-43.89823,DEV0574,U489,0
T005076,U379,2026-05-23T14:10:17.353672,1.05,-19.9196,-43.95589,DEV0662,M049,0
T005077,U094,2026-05-23T07:26:11.716181,85.58,-15.71797,-47.90051,DEV0227,M083,0
T005078,U367,2026-05-23T18:13:41.849771,41.07,-15.74945,-47.92138,DEV0420,U357,0
T005079,U305,2026-05-22T17:45:49.842052,2.23,-30.13257,-51.23235,DEV0243,M028,0
T005080,U446,2026-05-23T19:43:14.423045,55.01,-23.54625,-46.73617,DEV0641,M042,0
T005081,U445,2026-05-23T12:33:17.578514,7.06,-13.01643,-38.49045,DEV0073,M030,0
T005082,U367,2026-05-23T21:28:31.980823,66.03,-15.76018,-47.92,DEV0420,U034,0
T005083,U449,2026-05-23T09:08:57.808522,58.8,-25.43623,-49.26631,DEV0172,M074,0
T005084,U454,2026-05-22T18:13:45.634757,132.55,-29.93524,-51.29423,DEV0661,M089,0
T005085,U057,2026-05-23T04:47:04.513652,21.94,-15.77361,-47.84889,DEV0225,U062,0
T005086,U001,2026-05-23T01:13:37.357007,422.64,-30.0761,-51.25047,DEV0436,M036,0
T005087,U416,2026-05-23T06:18:49.294914,23.32,-23.44946,-46.56696,DEV0714,U028,0
T005088,U119,2026-05-23T22:06:25.475664,2.3,-15.78766,-47.87989,DEV0792,M058,0
T005089,U079,2026-05-23T01:37:38.472588,139.94,-22.9068,-43.1729,DEV0346,M026,1
T005090,U459,2026-05-24T09:47:41.842771,470.1,-22.94028,-43.11194,DEV0016,M052,0
T005091,U237,2026-05-23T06:51:15.129818,11.12,-30.02815,-51.21327,DEV0385,M074,0
T005092,U470,2026-05-23T07:28:10.889355,122.25,-30.07166,-51.13786,DEV0527,M039,0
T005093,U370,2026-05-23T16:59:15.634317,21.56,-12.95707,-38.54923,DEV0431,M044,0
T005094,U359,2026-05-23T15:49:45.882347,3.57,-15.79324,-47.84363,DEV0210,M025,0
T005095,U366,2026-05-23T09:03:26.872598,432.47,-23.58145,-46.62332,DEV0613,U265,0
T005096,U349,2026-05-23T13:35:11.582622,13.79,-30.03147,-51.22548,DEV0228,M076,0
T005097,U475,2026-05-23T16:20:08.561438,3.69,-22.9493,-43.13558,DEV0414,M007,0
T005098,U019,2026-05-23T22:47:25.495645,55.4,-25.33961,-49.2396,DEV0092,U423,0
T005099,U022,2026-05-23T15:49:37.816071,28.46,-25.39136,-49.24414,DEV0562,U198,0
T005100,U441,2026-05-23T05:57:27.083089,1.14,-23.59767,-46.5052,DEV0762,U427,0
T005101,U410,2026-05-23T15:52:19.998296,29.31,-12.95049,-38.51565,DEV0523,M046,0
T005102,U408,2026-05-22T18:53:53.361938,606.23,-12.99073,-38.42316,DEV0548,U163,0
T005103,U431,2026-05-23T17:26:50.585804,228.6,-13.00412,-38.52343,DEV0455,M064,0
T005104,U382,2026-05-23T14:59:41.227254,145.37,-25.5356,-49.34328,DEV0630,U022,0
T005105,U398,2026-05-24T00:44:35.891493,72.0,-23.50548,-46.72061,DEV0759,M019,0
T005106,U001,2026-05-23T11:03:59.779224,469.01,-30.09418,-51.25721,DEV0436,M062,0
T005107,U005,2026-05-23T10:07:47.970156,76.98,-25.48105,-49.25737,DEV0664,M066,0
T005108,U250,2026-05-23T16:42:59.936926,191.16,-15.8779,-47.95391,DEV0734,U222,0
T005109,U251,2026-05-23T02:48:20.284682,392.82,-23.55133,-46.6971,DEV0624,M031,0
T005110,U251,2026-05-23T03:21:02.668519,14.2,-23.51468,-46.62747,DEV0624,M083,0
T005111,U120,2026-05-23T04:49:08.722278,63.6,-29.92,-51.27755,DEV0663,M067,0
T005112,U418,2026-05-23T10:03:50.519682,11.69,-23.55388,-46.63264,DEV0115,M090,0
T005113,U391,2026-05-23T17:39:50.470231,339.09,-23.56573,-46.69373,DEV0114,M071,0
T005114,U245,2026-05-24T02:19:48.419259,25.82,-23.5397,-46.65146,DEV0488,M016,0
T005115,U207,2026-05-22T23:49:07.479014,839.67,-15.78513,-47.96124,DEV0058,M011,0
T005116,U336,2026-05-23T12:20:45.200165,91.47,-30.0346,-51.2177,DEV0637,M055,1
T005117,U224,2026-05-23T15:43:18.420849,21.63,-25.45134,-49.42786,DEV0041,M080,0
T005118,U400,2026-05-23T10:52:07.213951,9.1,-15.73263,-47.90379,DEV0761,U449,0
T005119,U141,2026-05-23T13:36:28.914976,55.03,-25.40795,-49.28004,DEV0058,M054,0
T005120,U315,2026-05-23T10:04:17.490507,3.91,-23.49538,-46.668,DEV0140,M032,0
T005121,U325,2026-05-23T15:05:23.913149,2.67,-15.75391,-47.91685,DEV0236,M003,0
T005122,U082,2026-05-23T02:04:45.821893,205.82,-30.12634,-51.19111,DEV0338,M078,0
T005123,U269,2026-05-23T13:44:52.009350,994.54,-19.80776,-43.95628,DEV0093,M036,0
T005124,U024,2026-05-23T18:36:48.089879,505.1,-25.43797,-49.31759,DEV0477,U295,0
T005125,U210,2026-05-23T01:30:13.694215,48.06,-29.96035,-51.24851,DEV0508,M074,0
T005126,U296,2026-05-24T06:42:35.033354,410.59,-30.05899,-51.22243,DEV0470,M008,0
T005127,U081,2026-05-23T08:28:46.574580,37.53,-25.41298,-49.28043,DEV0489,U297,0
T005128,U067,2026-05-23T19:11:35.049690,6.97,-19.9119,-43.936,DEV0113,U210,0
T005129,U129,2026-05-23T21:55:56.562786,199.28,-22.95368,-43.16775,DEV0800,U253,0
T005130,U435,2026-05-23T00:40:13.906703,11.7,-13.02324,-38.47948,DEV0292,M034,0
T005131,U257,2026-05-22T23:35:53.968986,21.85,-30.03396,-51.2258,DEV0308,M019,0
T005132,U117,2026-05-23T08:34:37.856207,341.65,-22.87342,-43.22926,DEV0793,U394,0
T005133,U477,2026-05-23T14:11:04.784877,1.63,-19.90032,-43.94328,DEV0039,M057,0
T005134,U413,2026-05-23T03:43:01.775645,27.14,-15.89778,-47.91865,DEV0256,M086,0
T005135,U155,2026-05-24T00:54:10.333962,23.71,-30.06864,-51.24624,DEV0612,U329,0
T005136,U406,2026-05-23T05:50:42.510510,239.41,-30.03457,-51.14992,DEV0007,M009,0
T005137,U100,2026-05-23T02:39:46.682925,202.89,-30.06689,-51.28091,DEV0195,M064,0
T005138,U054,2026-05-22T23:39:10.986978,32.27,-25.45226,-49.25667,DEV0556,M002,0
T005139,U482,2026-05-23T11:21:17.499097,11.99,-23.48249,-46.63829,DEV0689,M048,0
T005140,U486,2026-05-22T19:23:49.354606,18.28,-15.88055,-47.82619,DEV0585,U406,0
T005141,U183,2026-05-23T11:37:40.886017,36.41,-23.62837,-46.70752,DEV0612,U300,0
T005142,U252,2026-05-23T05:46:30.172167,144.73,-30.04354,-51.30504,DEV0207,M088,0
T005143,U106,2026-05-23T13:10:38.476521,55.2,-15.81408,-47.95395,DEV0609,M085,0
T005144,U346,2026-05-23T06:17:59.513485,81.89,-15.92439,-47.9464,DEV0196,U147,0
T005145,U438,2026-05-23T05:03:07.345971,84.54,-19.94573,-43.97959,DEV0744,M061,0
T005146,U456,2026-05-24T04:19:41.977966,119.93,-23.54327,-46.60545,DEV0466,M016,0
T005147,U339,2026-05-23T12:59:08.553459,133.9,-30.08609,-51.18938,DEV0616,M043,0
T005148,U490,2026-05-23T10:35:38.929468,17.25,-30.03109,-51.31372,DEV0302,M001,0
T005149,U037,2026-05-23T12:27:35.744510,65.05,-23.52856,-46.69826,DEV0028,M054,0
T005150,U016,2026-05-23T08:30:48.935910,901.2,-30.015,-51.21103,DEV0274,M023,0
T005151,U231,2026-05-23T10:58:36.276040,104.26,-13.10068,-38.55036,DEV0119,M099,0
T005152,U253,2026-05-24T04:38:43.933353,227.87,-15.72997,-47.96526,DEV0578,M043,0
T005153,U089,2026-05-23T06:12:24.234640,107.38,-30.03533,-51.20301,DEV0009,M015,0
T005154,U051,2026-05-23T09:48:45.724633,190.04,-30.0348,-51.27015,DEV0699,U409,0
T005155,U018,2026-05-24T11:49:35.528653,9.8,-23.66252,-46.68588,DEV0346,U238,0
T005156,U494,2026-05-23T22:06:11.607697,14.78,-19.88742,-43.9321,DEV0493,M050,0
T005157,U142,2026-05-23T01:21:44.271951,49.56,-12.88714,-38.54221,DEV0474,U203,0
T005158,U236,2026-05-22T23:56:01.669561,15.6,-23.51441,-46.69988,DEV0610,M089,0
T005159,U361,2026-05-23T05:38:47.891774,69.37,-25.37457,-49.30823,DEV0356,M007,0
T005160,U116,2026-05-23T11:48:31.895235,193.5,-29.92362,-51.3021,DEV0161,M032,0
T005161,U333,2026-05-24T08:45:20.763822,76.58,-15.87987,-47.88636,DEV0132,M088,0
T005162,U471,2026-05-23T10:04:03.688548,18.1,-25.52034,-49.2552,DEV0349,M060,0
T005163,U174,2026-05-23T05:04:01.318741,66.71,-23.6479,-46.58171,DEV0277,M065,0
T005164,U307,2026-05-23T12:43:17.042802,90.46,-15.84736,-47.9136,DEV0322,U342,0
T005165,U028,2026-05-23T23:25:50.707142,145.56,-25.48651,-49.3099,DEV0702,M008,0
T005166,U184,2026-05-23T17:13:50.313355,79.08,-23.55279,-46.69696,DEV0076,M083,0
T005167,U052,2026-05-23T06:52:49.447679,44.63,-25.47318,-49.18804,DEV0578,M005,0
T005168,U203,2026-05-22T23:54:40.412163,251.18,-19.95208,-43.98156,DEV0445,U042,0
T005169,U141,2026-05-23T18:56:30.149238,1.23,-25.45645,-49.23241,DEV0058,M037,0
T005170,U076,2026-05-24T09:46:58.815947,88.25,-23.58013,-46.72348,DEV0201,M074,0
T005171,U134,2026-05-23T10:39:40.658280,32.15,-15.70588,-47.90289,DEV0444,M023,0
T005172,U264,2026-05-23T13:11:37.623148,255.97,-19.81977,-43.96718,DEV0304,U500,1
T005173,U102,2026-05-23T12:12:04.010907,101.44,-19.98421,-43.90805,DEV0470,M083,0
T005174,U403,2026-05-23T16:01:37.074910,760.43,-15.82483,-48.00175,DEV0288,M067,0
T005175,U088,2026-05-23T15:33:04.448817,1756.22,-12.96659,-38.60143,DEV0037,M055,0
T005176,U206,2026-05-24T11:50:28.655905,263.72,-13.01219,-38.52919,DEV0653,M024,0
T005177,U091,2026-05-23T15:11:16.487249,174.88,-15.74448,-47.9724,DEV0120,M099,0
T005178,U366,2026-05-23T13:02:11.162315,312.18,-23.61008,-46.66295,DEV0613,U360,0
T005179,U131,2026-05-22T16:49:01.271618,12.99,-29.98544,-51.29594,DEV0190,M080,0
T005180,U422,2026-05-23T06:29:04.465265,33.22,-22.92745,-43.25421,DEV0442,M100,0
T005181,U265,2026-05-23T07:34:16.531038,5000.0,-19.86217,-43.94905,DEV0111,U467,1
T005182,U467,2026-05-23T07:34:26.531038,4950.0,-19.9173,-43.9345,DEV0620,U040,1
T005183,U040,2026-05-23T07:34:36.531038,4900.0,-19.9173,-43.9345,DEV0684,U265,1
T005184,U142,2026-05-23T02:19:53.083699,7.42,-13.01959,-38.52637,DEV0474,M084,0
T005185,U440,2026-05-23T14:50:13.875423,261.62,-15.78357,-47.9069,DEV0406,M070,0
T005186,U003,2026-05-23T04:23:46.987832,43.06,-29.99236,-51.22718,DEV0122,M051,0
T005187,U102,2026-05-23T13:20:50.594926,4.98,-19.94085,-43.92075,DEV0470,U328,0
T005188,U329,2026-05-23T15:46:15.194663,21.78,-25.48221,-49.28023,DEV0349,M062,0
T005189,U376,2026-05-23T06:22:41.922399,11.3,-19.94308,-43.96444,DEV0763,M066,0
T005190,U154,2026-05-23T13:04:28.345158,27.46,-22.92068,-43.19781,DEV0474,U223,0
T005191,U205,2026-05-23T21:14:30.346477,105.89,-19.94159,-43.97156,DEV0039,M042,0
T005192,U183,2026-05-23T13:03:31.889120,288.03,-23.44228,-46.66956,DEV0612,U385,1
T005193,U319,2026-05-23T13:27:25.638205,55.41,-22.90812,-43.16984,DEV0010,U123,0
T005194,U062,2026-05-23T10:58:42.838940,7.72,-30.03858,-51.24284,DEV0374,M048,0
T005195,U279,2026-05-23T03:51:17.092793,65.25,-12.95828,-38.40713,DEV0337,M087,0
T005196,U250,2026-05-23T17:11:37.117496,1025.33,-15.79973,-47.88371,DEV0734,M020,0
T005197,U073,2026-05-23T10:56:04.879824,253.26,-23.57713,-46.63557,DEV0767,U365,0
T005198,U288,2026-05-23T18:47:46.460325,47.47,-22.94356,-43.14026,DEV0506,M064,0
T005199,U246,2026-05-24T02:15:57.926445,41.72,-25.46588,-49.22547,DEV0095,M078,0
T005200,U085,2026-05-23T06:21:31.801842,59.81,-25.4357,-49.24488,DEV0144,M080,0
T005201,U041,2026-05-23T22:40:06.901264,192.54,-19.96581,-43.84993,DEV0547,M038,0
T005202,U389,2026-05-23T23:49:50.027889,99.59,-22.93888,-43.16922,DEV0769,U346,0
T005203,U067,2026-05-23T19:39:00.646277,494.2,-19.9607,-44.00505,DEV0113,U487,0
T005204,U322,2026-05-23T17:24:15.386572,452.42,-13.03817,-38.406,DEV0329,M066,0
T005205,U473,2026-05-22T21:52:39.066168,463.08,-12.98952,-38.60011,DEV0426,U090,0
T005206,U076,2026-05-24T09:56:04.619964,3.74,-23.53915,-46.68484,DEV0201,M008,0
T005207,U029,2026-05-24T00:58:22.153151,23.26,-12.9782,-38.44251,DEV0338,M074,0
T005208,U069,2026-05-23T14:49:36.983398,25.17,-23.48006,-46.68941,DEV0385,M055,0
T005209,U263,2026-05-23T19:04:01.505711,49.38,-13.00858,-38.48463,DEV0450,U399,0
T005210,U401,2026-05-23T13:43:58.267089,147.97,-19.90887,-43.98007,DEV0051,M048,0
T005211,U468,2026-05-22T17:56:02.378261,484.39,-22.93153,-43.13501,DEV0131,U301,0
T005212,U062,2026-05-23T17:56:03.499378,31.57,-30.08079,-51.23391,DEV0374,U413,0
T005213,U493,2026-05-22T20:00:50.691851,39.92,-25.42532,-49.32283,DEV0575,U406,0
T005214,U030,2026-05-23T10:32:09.152130,5.72,-23.00607,-43.20026,DEV0217,U145,0
T005215,U193,2026-05-22T23:55:41.382210,187.7,-20.01695,-43.89989,DEV0658,M063,0
T005216,U214,2026-05-23T19:07:39.982395,5000.0,-12.98891,-38.44437,DEV0203,U060,1
T005217,U060,2026-05-23T19:07:49.982395,4950.0,-19.9173,-43.9345,DEV0649,U496,1
T005218,U496,2026-05-23T19:07:59.982395,4900.0,-23.5505,-46.6333,DEV0753,U214,1
T005219,U130,2026-05-23T12:06:25.498205,5.4,-15.74117,-47.93124,DEV0051,M033,0
T005220,U064,2026-05-23T07:42:13.897070,41.55,-23.46559,-46.62469,DEV0442,M062,0
T005221,U192,2026-05-23T09:22:06.772220,414.51,-12.93964,-38.54576,DEV0163,U360,0
T005222,U099,2026-05-23T14:38:02.745004,24.39,-15.76433,-47.94383,DEV0277,U176,0
T005223,U021,2026-05-24T01:15:24.062292,4.84,-30.11342,-51.18411,DEV0035,M001,0
T005224,U208,2026-05-24T02:41:27.162272,50.62,-12.99365,-38.48989,DEV0361,U466,0
T005225,U059,2026-05-24T07:13:42.471310,3.48,-23.4902,-46.58336,DEV0259,U439,0
T005226,U159,2026-05-23T09:46:32.001668,222.29,-22.89827,-43.16079,DEV0659,U218,0
T005227,U079,2026-05-23T02:02:59.834286,71.03,-19.87915,-43.91145,DEV0346,U486,0
T005228,U020,2026-05-23T16:42:04.491016,451.61,-30.10427,-51.17702,DEV0428,U115,0
T005229,U066,2026-05-23T11:03:09.583105,1279.74,-12.94895,-38.59374,DEV0625,U028,0
T005230,U056,2026-05-23T18:26:49.855217,36.1,-30.14209,-51.20432,DEV0348,M042,0
T005231,U040,2026-05-23T17:12:39.162529,52.32,-19.94128,-43.93647,DEV0684,M079,0
T005232,U076,2026-05-24T10:32:41.223445,28.1,-23.51101,-46.62268,DEV0201,M051,0
T005233,U222,2026-05-23T11:16:16.522395,139.45,-22.86936,-43.09334,DEV0348,M042,0
T005234,U109,2026-05-23T04:43:21.431168,3944.61,-23.56325,-46.64233,DEV0512,M025,1
T005235,U085,2026-05-23T09:07:42.034774,196.61,-25.41437,-49.3431,DEV0144,M063,0
T005236,U269,2026-05-23T14:28:59.889564,70.44,-19.90992,-43.92697,DEV0093,M072,0
T005237,U253,2026-05-24T07:13:35.984134,50.77,-15.84111,-47.88278,DEV0578,M054,0
T005238,U416,2026-05-23T07:42:40.451067,48.82,-23.51994,-46.60137,DEV0714,M009,0
T005239,U472,2026-05-23T03:57:29.290908,6.66,-12.98655,-38.46218,DEV0722,M054,0
T005240,U230,2026-05-23T06:28:58.683139,21.15,-15.6747,-47.88519,DEV0242,U088,0
T005241,U295,2026-05-23T07:45:22.018252,54.17,-12.91596,-38.57384,DEV0146,U063,0
T005242,U153,2026-05-22T23:03:23.370022,49.9,-25.41601,-49.13037,DEV0453,M066,0
T005243,U141,2026-05-23T19:59:53.746334,3.98,-25.40964,-49.26235,DEV0058,M091,0
T005244,U384,2026-05-23T10:52:14.576918,15.48,-29.95474,-51.19445,DEV0769,M038,0
T005245,U045,2026-05-23T18:39:36.223230,146.38,-30.07186,-51.2551,DEV0554,U084,0
T005246,U074,2026-05-23T10:59:41.831906,281.59,-12.98175,-38.53593,DEV0610,M039,0
T005247,U321,2026-05-23T19:02:23.578700,261.8,-22.90714,-43.20233,DEV0596,M073,0
T005248,U362,2026-05-23T17:10:00.106194,21.41,-12.89789,-38.5198,DEV0127,U310,0
T005249,U061,2026-05-23T11:18:42.613345,9.58,-23.54393,-46.59132,DEV0234,U066,0
T005250,U419,2026-05-23T09:27:49.999629,193.43,-23.66017,-46.66223,DEV0552,M084,0
T005251,U269,2026-05-23T15:56:40.971044,112.93,-19.92345,-43.86594,DEV0093,M060,0
T005252,U320,2026-05-23T12:00:43.290785,31.93,-22.92601,-43.26724,DEV0172,M091,0
T005253,U363,2026-05-23T23:08:32.101461,7.55,-25.40409,-49.32584,DEV0799,M029,0
T005254,U065,2026-05-23T07:41:02.424449,218.72,-15.85607,-47.82833,DEV0386,U383,0
T005255,U037,2026-05-23T15:44:18.881094,414.03,-23.52184,-46.57398,DEV0028,M023,0
T005256,U301,2026-05-23T08:45:18.532442,83.8,-12.90048,-38.57193,DEV0662,M045,0
T005257,U351,2026-05-24T05:38:46.412851,15.13,-13.02706,-38.55013,DEV0157,U073,0
T005258,U062,2026-05-23T18:21:08.507625,62.56,-30.04695,-51.17277,DEV0374,M099,0
T005259,U247,2026-05-23T06:38:50.747681,262.25,-22.99981,-43.18464,DEV0250,U104,0
T005260,U497,2026-05-23T03:33:06.518244,58.36,-15.81238,-47.90895,DEV0517,M068,0
T005261,U150,2026-05-23T13:44:47.703194,3.66,-19.79446,-43.95808,DEV0086,U165,0
T005262,U207,2026-05-23T00:10:43.577480,125.75,-15.756,-47.95069,DEV0058,M012,0
T005263,U418,2026-05-23T10:49:42.777377,1.06,-23.57824,-46.64487,DEV0115,U223,0
T005264,U181,2026-05-23T13:07:04.014970,197.3,-15.74633,-47.8794,DEV0596,M091,0
T005265,U229,2026-05-23T11:42:51.844480,11.16,-12.96389,-38.47329,DEV0450,U121,0
T005266,U365,2026-05-24T09:04:46.797788,1861.7,-23.56259,-46.633,DEV0291,M003,1
T005267,U258,2026-05-23T09:51:58.022587,3.85,-23.54385,-46.68347,DEV0335,M040,0
T005268,U346,2026-05-23T06:40:23.482313,18.78,-15.803,-47.88086,DEV0196,M051,0
T005269,U394,2026-05-23T00:17:35.036854,978.46,-22.92349,-43.27271,DEV0458,M003,0
T005270,U123,2026-05-23T08:47:46.751599,29.2,-19.98518,-43.92466,DEV0246,M060,0
T005271,U124,2026-05-24T02:53:45.805513,1293.03,-13.02616,-38.44137,DEV0348,M015,1
T005272,U426,2026-05-24T00:59:05.840919,201.13,-22.82147,-43.1346,DEV0017,M078,0
T005273,U004,2026-05-23T01:52:15.845355,354.52,-19.91456,-43.92416,DEV0459,M072,0
T005274,U306,2026-05-23T15:05:55.295943,42.63,-12.99483,-38.48386,DEV0548,U123,0
T005275,U465,2026-05-23T13:37:58.152309,191.93,-22.90407,-43.11935,DEV0443,M081,0
T005276,U129,2026-05-23T22:01:38.739302,308.57,-22.88098,-43.14961,DEV0800,M064,0
T005277,U031,2026-05-24T09:51:21.245685,15.52,-25.41863,-49.25107,DEV0493,M021,0
T005278,U290,2026-05-23T21:01:53.052516,163.44,-30.07095,-51.22418,DEV0485,M063,0
T005279,U192,2026-05-23T10:52:22.449136,314.59,-13.01429,-38.56793,DEV0163,U099,0
T005280,U239,2026-05-23T18:42:07.271991,247.9,-13.06242,-38.49003,DEV0645,M069,1
T005281,U030,2026-05-23T10:53:20.236345,85.69,-22.83665,-43.23271,DEV0217,M011,0
T005282,U410,2026-05-23T19:46:54.068582,46.63,-12.9745,-38.57548,DEV0523,M004,0
T005283,U269,2026-05-23T17:01:02.960394,21.01,-19.90639,-43.92084,DEV0093,M012,0
T005284,U030,2026-05-23T11:12:59.643668,161.44,-22.86012,-43.23713,DEV0217,M063,0
T005285,U421,2026-05-23T03:30:37.067496,128.36,-15.81639,-47.92078,DEV0235,M028,0
T005286,U241,2026-05-23T10:12:51.203925,198.32,-12.92669,-38.48766,DEV0714,M045,0
T005287,U340,2026-05-22T17:04:34.067685,76.74,-29.97467,-51.22496,DEV0198,U152,0
T005288,U145,2026-05-23T11:36:22.926825,19.37,-23.51767,-46.66447,DEV0751,U151,0
T005289,U081,2026-05-23T13:02:12.439990,5.99,-25.38997,-49.30439,DEV0489,M045,0
T005290,U290,2026-05-23T22:18:26.280545,319.89,-30.07008,-51.22382,DEV0485,U027,1
T005291,U011,2026-05-23T10:12:18.532370,480.93,-22.8524,-43.27801,DEV0476,M067,0
T005292,U264,2026-05-23T13:28:01.980298,43.3,-19.8833,-43.91546,DEV0043,M072,0
T005293,U430,2026-05-23T14:29:48.003368,156.2,-22.83664,-43.21703,DEV0268,U227,0
T005294,U015,2026-05-22T22:47:04.170670,23.29,-20.01651,-43.99198,DEV0647,M056,0
T005295,U452,2026-05-22T23:59:10.743857,25.11,-29.9696,-51.243,DEV0497,M080,0
T005296,U489,2026-05-23T06:20:00.629183,86.92,-25.42151,-49.28955,DEV0710,M052,0
T005297,U223,2026-05-23T05:25:23.511051,211.97,-22.8904,-43.18474,DEV0316,M019,0
T005298,U383,2026-05-22T22:59:10.671183,47.49,-30.02295,-51.25802,DEV0701,U062,0
T005299,U135,2026-05-23T12:16:33.554036,213.36,-13.07176,-38.45028,DEV0572,M003,0
T005300,U089,2026-05-23T06:19:34.375840,25.15,-29.97123,-51.22224,DEV0009,M020,0
T005301,U087,2026-05-23T20:49:55.108501,82400.0,-23.57634,-46.66802,DEV0304,M087,1
T005302,U389,2026-05-24T00:09:02.002908,259.05,-22.90032,-43.21522,DEV0769,M088,0
T005303,U481,2026-05-23T07:49:42.255111,140.14,-15.81199,-47.97958,DEV0359,U238,0
T005304,U459,2026-05-24T09:59:54.767728,586.89,-22.94491,-43.19136,DEV0016,U322,0
T005305,U424,2026-05-23T18:45:32.549371,27.03,-15.84859,-47.98437,DEV0146,U455,0
T005306,U254,2026-05-23T09:35:44.118091,318.62,-30.01959,-51.27105,DEV0422,M093,0
T005307,U141,2026-05-23T20:04:32.564085,20.44,-25.47832,-49.23218,DEV0058,M094,0
T005308,U390,2026-05-23T01:46:28.686348,250.96,-30.07836,-51.28745,DEV0194,M020,0
T005309,U358,2026-05-23T15:38:37.415270,26.96,-25.46466,-49.28475,DEV0218,U240,0
T005310,U030,2026-05-23T11:23:27.783604,14.17,-22.87555,-43.14293,DEV0217,U487,0
T005311,U137,2026-05-23T04:47:38.958547,25.96,-13.01666,-38.56135,DEV0350,M084,0
T005312,U158,2026-05-23T19:38:32.926390,80.33,-22.93277,-43.15988,DEV0180,U363,0
T005313,U364,2026-05-23T07:10:20.951646,17.84,-15.74744,-47.88698,DEV0051,M084,0
T005314,U095,2026-05-23T12:20:47.147195,1.17,-23.50363,-46.56072,DEV0099,M003,0
T005315,U321,2026-05-23T22:08:00.422076,61.76,-22.92623,-43.21042,DEV0596,U192,0
T005316,U163,2026-05-23T03:48:53.980686,26.35,-19.8489,-43.88945,DEV0380,U276,0
T005317,U459,2026-05-24T10:53:49.743674,19.03,-22.87278,-43.18539,DEV0016,M091,0
T005318,U328,2026-05-24T01:08:57.303530,533.57,-23.56053,-46.62618,DEV0296,M029,0
T005319,U101,2026-05-23T19:04:01.306800,33.08,-23.5388,-46.60028,DEV0688,M001,0
T005320,U028,2026-05-24T04:36:15.295767,345.15,-25.45179,-49.2307,DEV0396,U116,1
T005321,U253,2026-05-24T07:56:12.362447,297.49,-15.75707,-47.8677,DEV0578,M042,0
T005322,U321,2026-05-23T22:41:06.212692,2.1,-22.95631,-43.15252,DEV0596,U031,0
T005323,U440,2026-05-23T18:26:37.576163,133.16,-15.75022,-47.87038,DEV0406,M080,0
T005324,U104,2026-05-23T10:05:39.093629,453.03,-13.03853,-38.52155,DEV0563,M054,0
T005325,U196,2026-05-23T22:23:19.760086,55.99,-15.75531,-48.02378,DEV0653,M073,0
T005326,U186,2026-05-23T04:09:35.798710,10.73,-25.3505,-49.27986,DEV0506,M082,0
T005327,U379,2026-05-23T15:38:18.485347,130.89,-19.90569,-43.88721,DEV0662,U442,0
T005328,U262,2026-05-23T15:44:12.179006,464.7,-25.34735,-49.28087,DEV0069,U110,0
T005329,U342,2026-05-23T21:20:17.291166,368.49,-25.51366,-49.22901,DEV0015,M009,0
T005330,U290,2026-05-24T04:46:36.339335,43.55,-30.0062,-51.1461,DEV0485,M092,0
T005331,U012,2026-05-23T19:06:25.940878,24.42,-29.9885,-51.25803,DEV0190,M001,0
T005332,U044,2026-05-23T20:46:47.092881,358.87,-15.69225,-47.96922,DEV0795,U324,0
T005333,U400,2026-05-23T12:29:52.674382,326.97,-15.75661,-47.95205,DEV0761,M065,0
T005334,U361,2026-05-23T07:51:24.406119,56.18,-25.31608,-49.25724,DEV0356,U473,0
T005335,U118,2026-05-23T06:44:16.533968,57.03,-15.77769,-47.94351,DEV0570,U449,0
T005336,U085,2026-05-23T11:05:32.410995,281.63,-25.38231,-49.23384,DEV0144,M076,0
T005337,U132,2026-05-23T03:23:40.739919,17.15,-22.78445,-43.19859,DEV0570,M085,0
T005338,U127,2026-05-23T13:45:33.796082,253.41,-23.49842,-46.71298,DEV0776,M001,0
T005339,U356,2026-05-23T07:44:37.803737,66.43,-22.79599,-43.17273,DEV0550,M087,0
T005340,U331,2026-05-22T20:39:24.768688,31.54,-15.6752,-47.99387,DEV0291,M100,0
T005341,U282,2026-05-23T22:44:40.313094,25.51,-29.99092,-51.18938,DEV0056,U220,0
T005342,U476,2026-05-23T16:34:29.274409,77.8,-12.97113,-38.54314,DEV0141,M045,0
T005343,U427,2026-05-23T15:15:41.752053,125.06,-15.72529,-47.95435,DEV0378,M069,0
T005344,U104,2026-05-23T14:38:46.799674,113.24,-13.00296,-38.58502,DEV0563,M047,0
T005345,U088,2026-05-23T18:44:34.630363,123.89,-13.10974,-38.47829,DEV0037,M053,0
T005346,U456,2026-05-24T09:47:07.779403,57.21,-23.49274,-46.61112,DEV0466,M057,0
T005347,U086,2026-05-23T15:21:19.995949,65.96,-23.52446,-46.66904,DEV0572,M094,0
T005348,U376,2026-05-23T06:32:26.192565,20.2,-19.91816,-44.03104,DEV0763,M069,0
T005349,U267,2026-05-23T05:14:56.423550,98.07,-25.38,-49.26583,DEV0360,U078,0
T005350,U242,2026-05-23T02:30:31.445409,26.72,-23.48794,-46.54287,DEV0085,M092,0
T005351,U445,2026-05-23T13:42:30.784196,14.89,-12.8906,-38.54987,DEV0073,U089,0
T005352,U170,2026-05-23T11:13:25.725581,40.84,-12.92229,-38.56032,DEV0602,M009,0
T005353,U309,2026-05-23T14:55:19.188339,4.8,-15.72474,-48.00328,DEV0606,M096,0
T005354,U043,2026-05-22T22:23:55.297318,219.58,-13.01673,-38.55448,DEV0218,M069,0
T005355,U150,2026-05-23T13:52:08.779308,2.66,-20.02131,-43.94608,DEV0086,U448,0
T005356,U209,2026-05-23T17:03:24.422216,484.93,-19.88266,-43.96124,DEV0348,M027,0
T005357,U297,2026-05-23T18:42:26.315039,20.01,-23.47426,-46.65462,DEV0748,U495,0
T005358,U238,2026-05-23T06:50:42.968481,109.67,-30.04129,-51.1435,DEV0518,U167,0
T005359,U045,2026-05-23T18:57:18.882686,28.09,-30.06723,-51.28248,DEV0554,M059,0
T005360,U304,2026-05-23T05:07:41.851717,176.78,-30.05504,-51.12739,DEV0664,U447,0
T005361,U240,2026-05-23T03:58:13.128912,487.54,-12.99695,-38.56977,DEV0023,M031,0
T005362,U428,2026-05-22T20:36:21.836431,49.99,-12.94659,-38.63127,DEV0342,M087,0
T005363,U357,2026-05-23T20:32:43.334185,234.82,-30.00897,-51.25834,DEV0346,M096,1
T005364,U248,2026-05-23T04:50:53.054011,651.11,-15.74721,-47.94963,DEV0771,U472,0
T005365,U247,2026-05-23T07:16:48.416133,41.96,-22.93746,-43.21499,DEV0250,M046,0
T005366,U315,2026-05-23T11:41:40.392205,34.41,-23.58945,-46.60069,DEV0140,U085,0
T005367,U050,2026-05-23T16:30:00.300070,405.36,-12.90399,-38.55121,DEV0036,U235,0
T005368,U342,2026-05-23T22:47:25.182124,96.83,-25.51894,-49.293,DEV0015,U349,0
T005369,U180,2026-05-24T06:44:34.169626,437.06,-23.55218,-46.61148,DEV0798,U111,0
T005370,U092,2026-05-23T00:24:55.256941,55.89,-25.4802,-49.31712,DEV0587,U068,0
T005371,U393,2026-05-23T09:46:54.287369,1250.38,-12.97647,-38.37953,DEV0055,M011,0
T005372,U410,2026-05-23T22:35:04.964777,72.1,-12.91419,-38.45165,DEV0523,U208,0
T005373,U074,2026-05-23T13:55:42.364394,19.96,-12.99768,-38.46623,DEV0610,M084,0
T005374,U339,2026-05-23T13:44:28.799948,14.16,-30.10222,-51.17625,DEV0616,M031,0
T005375,U088,2026-05-23T20:17:04.976617,911.76,-13.00419,-38.51778,DEV0037,M028,0
T005376,U483,2026-05-23T14:57:45.444037,29.7,-15.72005,-47.91821,DEV0376,U059,0
T005377,U115,2026-05-24T00:02:19.014563,1.64,-30.08434,-51.27824,DEV0253,M032,0
T005378,U088,2026-05-23T22:05:23.094819,177.98,-13.01076,-38.56717,DEV0037,M006,0
T005379,U184,2026-05-23T21:15:37.034319,116.15,-23.52965,-46.64285,DEV0076,U012,0
T005380,U163,2026-05-23T04:18:03.316979,48.71,-19.97006,-43.94102,DEV0380,M065,0
T005381,U066,2026-05-23T13:03:57.045219,1046.09,-12.93585,-38.49668,DEV0625,M061,0
T005382,U120,2026-05-23T07:23:46.174542,5.75,-29.97084,-51.14,DEV0663,M075,0
T005383,U440,2026-05-23T19:05:40.003942,445.35,-15.74942,-47.94581,DEV0406,M019,0
T005384,U386,2026-05-23T08:28:07.584472,24.98,-19.93753,-43.96456,DEV0318,M031,0
T005385,U428,2026-05-22T21:04:58.422265,20.1,-13.10189,-38.48308,DEV0342,M039,0
T005386,U138,2026-05-23T19:50:00.573831,886.99,-30.05977,-51.25519,DEV0656,M076,0
T005387,U472,2026-05-23T04:25:11.672030,29.88,-13.00906,-38.55226,DEV0722,M024,0
T005388,U018,2026-05-24T12:22:57.458628,5.79,-23.5505,-46.67144,DEV0346,U244,0
T005389,U317,2026-05-23T18:10:24.057638,371.96,-12.97959,-38.52747,DEV0139,M053,0
T005390,U150,2026-05-23T14:16:27.740659,4.99,-19.92587,-43.85531,DEV0086,M040,0
T005391,U496,2026-05-23T20:06:41.276500,257.2,-23.56503,-46.63796,DEV0753,M097,0
T005392,U047,2026-05-23T00:53:29.056398,57.96,-23.55404,-46.67616,DEV0564,M083,0
T005393,U131,2026-05-22T17:49:23.462483,107.62,-30.06839,-51.19919,DEV0190,M055,0
T005394,U400,2026-05-23T13:30:50.985464,101.33,-15.78769,-47.93391,DEV0761,M076,0
T005395,U349,2026-05-23T13:59:54.818392,27.75,-30.01184,-51.22862,DEV0228,M028,0
T005396,U036,2026-05-23T10:29:38.616082,47.6,-13.09575,-38.42144,DEV0490,U135,0
T005397,U376,2026-05-23T09:24:57.538980,34.6,-19.87471,-43.91364,DEV0763,M055,0
T005398,U040,2026-05-23T17:36:00.681516,3.33,-19.94271,-43.95552,DEV0684,M029,0
T005399,U386,2026-05-23T08:48:50.181637,15.56,-19.88216,-43.9492,DEV0318,M004,0
T005400,U286,2026-05-23T12:40:24.374340,312.24,-19.95212,-43.99285,DEV0623,M066,0
T005401,U435,2026-05-23T01:57:44.518509,98.37,-12.98092,-38.54724,DEV0292,U483,0
T005402,U054,2026-05-22T23:50:38.704477,22.78,-25.43233,-49.13546,DEV0556,M053,0
T005403,U284,2026-05-22T21:40:59.649176,63.24,-22.95805,-43.08641,DEV0365,M027,0
T005404,U023,2026-05-23T10:29:49.520539,13.25,-22.8395,-43.15267,DEV0390,M009,0
T005405,U117,2026-05-23T10:00:32.419113,3.41,-22.92669,-43.11872,DEV0793,U339,0
T005406,U108,2026-05-23T07:14:28.727929,4.84,-19.79829,-43.99151,DEV0516,M091,0
T005407,U057,2026-05-23T04:54:53.808366,11.68,-15.84057,-47.89258,DEV0225,M088,0
T005408,U045,2026-05-23T22:14:36.141845,38.24,-30.07969,-51.23967,DEV0554,M014,0
T005409,U059,2026-05-24T07:49:53.379956,2.85,-23.58999,-46.59967,DEV0259,M049,0
T005410,U310,2026-05-23T11:52:51.664215,13.27,-19.92621,-43.96367,DEV0574,M097,0
T005411,U245,2026-05-24T07:22:51.426370,220.66,-23.59799,-46.65514,DEV0488,U072,0
T005412,U246,2026-05-24T07:03:51.588704,24.29,-25.40335,-49.2306,DEV0095,M022,0
T005413,U265,2026-05-23T11:55:41.711611,7.12,-19.82799,-43.95487,DEV0111,M003,0
T005414,U388,2026-05-23T05:21:45.485458,89.21,-15.86029,-47.86333,DEV0144,M069,0
T005415,U313,2026-05-23T01:36:34.466765,102.83,-15.85711,-47.97278,DEV0410,M085,0
T005416,U256,2026-05-23T02:16:21.854779,27.41,-15.78875,-47.95617,DEV0335,M080,0
T005417,U075,2026-05-23T08:00:06.935849,36.37,-19.86757,-43.86248,DEV0511,M057,0
T005418,U335,2026-05-23T04:20:31.810640,86.25,-30.00973,-51.26083,DEV0616,U344,0
T005419,U186,2026-05-23T05:20:09.309793,374.87,-25.35707,-49.17045,DEV0506,M073,0
T005420,U038,2026-05-23T04:43:30.675527,62.88,-25.39734,-49.26473,DEV0033,M049,0
T005421,U289,2026-05-23T16:09:56.058578,59.79,-19.98175,-43.82291,DEV0015,M009,0
T005422,U106,2026-05-23T19:56:12.741447,153.54,-15.77595,-47.87113,DEV0609,M006,0
T005423,U271,2026-05-24T05:42:12.305493,25.43,-12.94675,-38.5152,DEV0005,U286,0
T005424,U448,2026-05-23T18:02:34.800474,7.28,-30.03739,-51.23746,DEV0131,U273,0
T005425,U375,2026-05-23T22:22:10.717620,528.43,-19.85733,-43.92569,DEV0418,M056,0
T005426,U120,2026-05-23T07:43:45.511673,70.96,-29.94758,-51.2095,DEV0663,U382,0
T005427,U445,2026-05-23T17:13:15.049378,3.54,-12.96747,-38.51919,DEV0073,M063,0
T005428,U455,2026-05-24T03:11:37.574309,283.33,-12.89335,-38.5363,DEV0374,M049,1
T005429,U159,2026-05-23T11:59:52.647026,363.43,-22.91209,-43.14255,DEV0659,M001,0
T005430,U150,2026-05-23T14:26:48.265177,6.69,-19.90997,-43.96073,DEV0086,M059,0
T005431,U319,2026-05-23T16:59:28.183473,196.77,-22.86822,-43.18356,DEV0010,M055,0
T005432,U374,2026-05-23T01:05:54.282038,20.55,-19.90238,-43.88383,DEV0386,M066,0
T005433,U335,2026-05-23T04:34:01.152236,193.98,-30.14112,-51.25013,DEV0616,U150,0
T005434,U416,2026-05-23T08:21:55.881482,113.5,-23.56641,-46.63138,DEV0714,M009,0
T005435,U095,2026-05-23T16:26:30.544406,180.73,-23.52035,-46.68038,DEV0099,M048,0
T005436,U006,2026-05-23T02:57:25.895183,5000.0,-13.0061,-38.5211,DEV0770,U418,1
T005437,U418,2026-05-23T02:57:35.895183,4950.0,-23.5505,-46.6333,DEV0115,U301,1
T005438,U301,2026-05-23T02:57:45.895183,4900.0,-12.9714,-38.5014,DEV0662,U006,1
T005439,U281,2026-05-22T21:17:37.973653,22.78,-13.02552,-38.46209,DEV0692,M100,0
T005440,U424,2026-05-24T01:00:15.980436,2.27,-15.77168,-47.87733,DEV0146,M096,0
T005441,U160,2026-05-23T07:16:09.596820,60.26,-23.55595,-46.63093,DEV0325,U184,0
T005442,U097,2026-05-23T13:07:34.864537,1483.74,-19.97144,-43.94207,DEV0720,U463,0
T005443,U489,2026-05-23T06:25:13.871798,278.42,-25.42841,-49.23121,DEV0710,U052,0
T005444,U230,2026-05-23T08:13:36.630868,235.77,-15.67354,-47.87628,DEV0242,U069,0
T005445,U123,2026-05-23T10:19:41.647001,234.36,-19.94654,-43.91225,DEV0246,M035,0
T005446,U058,2026-05-23T06:34:10.301504,174.31,-19.81974,-43.92815,DEV0633,U014,0
T005447,U318,2026-05-23T07:56:48.106002,21.95,-12.90954,-38.50171,DEV0259,M043,0
T005448,U372,2026-05-22T21:19:36.960992,82.67,-12.993,-38.47278,DEV0666,M056,0
T005449,U498,2026-05-23T13:08:48.433928,75.34,-30.08902,-51.27746,DEV0727,U106,0
T005450,U193,2026-05-23T01:23:10.149152,333.96,-19.91418,-43.88636,DEV0658,U271,0
T005451,U480,2026-05-22T22:34:28.625322,216.96,-25.47837,-49.29156,DEV0239,M078,0
T005452,U009,2026-05-22T23:00:41.207049,59.02,-15.78978,-47.96684,DEV0253,M093,0
T005453,U445,2026-05-23T17:38:50.839918,13.69,-12.91225,-38.52912,DEV0073,M057,0
T005454,U201,2026-05-23T07:51:14.612552,883.23,-30.05235,-51.19867,DEV0327,M069,0
T005455,U145,2026-05-23T15:53:11.056942,266.0,-23.53302,-46.53624,DEV0286,M062,1
T005456,U446,2026-05-23T20:46:52.228502,13.74,-23.63698,-46.62757,DEV0641,M032,0
T005457,U161,2026-05-23T03:57:29.361353,8.4,-30.02432,-51.24476,DEV0258,M012,0
T005458,U076,2026-05-24T10:48:54.479962,82.77,-23.55947,-46.553,DEV0201,M002,0
T005459,U107,2026-05-23T11:23:54.354400,94.63,-23.55764,-46.66678,DEV0453,U195,0
T005460,U040,2026-05-23T20:04:01.929494,13.36,-19.91886,-43.88603,DEV0684,M097,0
T005461,U082,2026-05-23T07:08:00.810023,72397.12,-30.03353,-51.15101,DEV0338,M017,1
T005462,U185,2026-05-23T04:04:14.202223,331.6,-25.38816,-49.31134,DEV0718,M049,0
T005463,U469,2026-05-23T12:27:06.459895,23.45,-22.95331,-43.23385,DEV0183,M008,0
T005464,U204,2026-05-23T12:08:51.097054,43.45,-30.0126,-51.24474,DEV0091,M005,0
T005465,U117,2026-05-23T13:59:58.031744,38.08,-23.02348,-43.16757,DEV0793,M043,0
T005466,U158,2026-05-23T23:44:48.790041,68.68,-22.95749,-43.09852,DEV0180,U251,0
T005467,U117,2026-05-23T14:03:22.210506,4.88,-22.84973,-43.12275,DEV0793,U090,0
T005468,U412,2026-05-23T04:54:11.887372,5000.0,-25.43704,-49.25943,DEV0532,U459,1
T005469,U459,2026-05-23T04:54:21.887372,4950.0,-22.9068,-43.1729,DEV0016,U098,1
T005470,U098,2026-05-23T04:54:31.887372,4900.0,-25.4284,-49.2733,DEV0161,U412,1
T005471,U360,2026-05-23T10:37:47.722096,426.18,-29.95588,-51.17736,DEV0616,M094,0
T005472,U398,2026-05-24T00:46:17.726034,47.14,-23.53945,-46.64192,DEV0759,U120,0
T005473,U064,2026-05-23T07:43:43.076045,1227.79,-23.56124,-46.69109,DEV0442,M069,0
T005474,U206,2026-05-24T12:54:07.072395,132.39,-12.96241,-38.40335,DEV0653,U347,0
T005475,U436,2026-05-23T14:20:46.647854,342.45,-13.00074,-38.55858,DEV0149,M048,0
T005476,U446,2026-05-23T21:12:04.632476,290.31,-23.54487,-46.58409,DEV0641,M087,0
T005477,U018,2026-05-24T14:53:09.620765,7.0,-23.58278,-46.58305,DEV0346,M092,0
T005478,U335,2026-05-23T07:37:44.121540,15.16,-30.02838,-51.24429,DEV0616,M082,0
T005479,U245,2026-05-24T21:07:17.076966,3339.66,-23.58335,-46.59128,DEV0488,U298,1
T005480,U259,2026-05-23T14:50:39.432685,202.5,-30.06667,-51.24396,DEV0106,U257,0
T005481,U355,2026-05-23T03:26:17.171300,7.4,-12.95213,-38.53868,DEV0660,M064,0
T005482,U130,2026-05-23T15:20:27.745150,362.19,-15.77622,-47.89222,DEV0051,M025,0
T005483,U256,2026-05-23T03:27:18.750543,2.26,-15.72544,-47.95987,DEV0335,M013,0
T005484,U033,2026-05-22T23:11:18.189392,51.67,-23.60129,-46.57203,DEV0344,M082,0
T005485,U199,2026-05-22T23:06:16.166920,26.47,-19.93062,-43.89981,DEV0648,U167,0
T005486,U109,2026-05-23T07:50:05.925423,60.13,-23.53182,-46.64868,DEV0512,M025,0
T005487,U289,2026-05-23T19:12:28.814126,3.11,-19.91053,-43.81727,DEV0015,M025,0
T005488,U302,2026-05-23T22:01:24.987727,79.02,-15.73217,-48.04776,DEV0503,M056,0
T005489,U341,2026-05-23T07:54:05.731539,3.93,-30.06953,-51.1943,DEV0179,U086,0
T005490,U439,2026-05-23T04:06:00.914302,74.99,-22.94233,-43.19374,DEV0055,M028,0
T005491,U016,2026-05-23T09:22:52.429641,32.93,-30.00338,-51.14171,DEV0274,M077,0
T005492,U381,2026-05-23T11:18:35.202642,100.59,-23.5668,-46.63843,DEV0084,U449,0
T005493,U417,2026-05-23T15:12:29.541500,2.93,-19.93643,-43.85777,DEV0727,M068,0
T005494,U348,2026-05-23T10:00:08.655226,198.78,-23.54183,-46.56951,DEV0118,M002,0
T005495,U043,2026-05-23T02:16:34.511910,78.45,-12.99505,-38.53327,DEV0218,M072,0
T005496,U176,2026-05-23T04:04:50.291691,422.59,-19.88575,-43.98251,DEV0689,M042,0
T005497,U488,2026-05-24T07:10:12.779206,9.44,-19.94219,-43.91681,DEV0061,M036,0
T005498,U303,2026-05-23T09:37:53.921617,5.13,-15.77602,-47.93239,DEV0446,M019,0
T005499,U253,2026-05-24T18:30:30.326198,655.6,-15.78977,-47.87738,DEV0578,M046,0
T005500,U375,2026-05-24T01:30:37.102339,236.55,-20.00078,-43.92389,DEV0418,U219,0
T005501,U221,2026-05-23T22:24:04.640675,20.11,-15.76544,-47.85747,DEV0408,M051,0
T005502,U325,2026-05-23T18:59:12.908658,138.54,-15.81539,-47.9167,DEV0236,U283,0
T005503,U336,2026-05-23T15:36:45.695487,10.09,-19.92949,-43.93053,DEV0637,M100,0
T005504,U013,2026-05-23T07:29:11.132176,116.35,-15.84271,-47.90346,DEV0563,U386,0
T005505,U001,2026-05-23T11:48:03.274916,305.68,-30.06565,-51.27236,DEV0436,M029,0
T005506,U475,2026-05-23T16:47:30.160233,16.87,-22.87537,-43.15887,DEV0414,M042,0
T005507,U003,2026-05-23T05:07:29.884724,3.07,-30.04684,-51.18762,DEV0122,M057,0
T005508,U455,2026-05-24T07:50:59.776637,28.3,-12.92189,-38.53474,DEV0374,U258,0
T005509,U184,2026-05-24T05:55:12.147548,56.0,-23.57898,-46.57335,DEV0076,U305,0
T005510,U111,2026-05-23T13:55:12.051278,176.72,-12.99978,-38.4497,DEV0518,M062,0
T005511,U144,2026-05-23T14:11:30.796195,49.46,-12.98297,-38.53419,DEV0641,M057,0
T005512,U211,2026-05-24T05:33:39.502363,1871.75,-23.60506,-46.6704,DEV0117,M096,1
T005513,U244,2026-05-23T17:01:36.077208,2.41,-12.85319,-38.56676,DEV0772,M067,0
T005514,U095,2026-05-23T18:21:28.133931,544.13,-23.53543,-46.61779,DEV0099,M062,0
T005515,U407,2026-05-23T02:40:40.430639,244.31,-23.53403,-46.63957,DEV0151,M064,0
T005516,U312,2026-05-23T01:08:31.566547,183.44,-19.99174,-43.90615,DEV0173,U159,0
T005517,U022,2026-05-23T16:14:01.754123,294.34,-25.36912,-49.30689,DEV0562,M093,0
T005518,U461,2026-05-23T12:28:55.040761,16.64,-22.89571,-43.26783,DEV0391,M098,0
T005519,U384,2026-05-23T12:30:14.825647,10.1,-29.98945,-51.19462,DEV0769,M049,0
T005520,U090,2026-05-23T00:48:44.094220,463.08,-19.93833,-43.82058,DEV0208,M034,0
T005521,U355,2026-05-23T04:45:43.385562,132.89,-13.01372,-38.53946,DEV0660,M098,0
T005522,U278,2026-05-23T20:45:48.696180,1248.51,-15.76156,-47.86849,DEV0107,M055,0
T005523,U140,2026-05-23T23:00:39.230263,135.76,-23.57647,-46.67414,DEV0120,M028,0
T005524,U107,2026-05-23T13:07:01.104525,19.68,-23.50392,-46.58817,DEV0453,M023,0
T005525,U457,2026-05-23T04:51:13.221626,1579.58,-30.00937,-51.27495,DEV0571,M002,0
T005526,U344,2026-05-23T03:28:54.383471,19.95,-25.32052,-49.19766,DEV0157,U323,0
T005527,U377,2026-05-22T23:22:56.905016,221.61,-23.55026,-46.5825,DEV0180,M004,0
T005528,U031,2026-05-24T11:17:24.131992,4.89,-25.35419,-49.31195,DEV0493,M036,0
T005529,U230,2026-05-23T08:37:36.515656,16.95,-15.85262,-47.93382,DEV0242,U393,0
T005530,U113,2026-05-23T13:18:11.722969,153.17,-23.50662,-46.67771,DEV0302,M014,0
T005531,U345,2026-05-23T19:03:16.679662,218.04,-23.52827,-46.64767,DEV0411,M065,0
T005532,U246,2026-05-24T08:49:20.760594,20.34,-25.44527,-49.22156,DEV0095,M086,0
T005533,U268,2026-05-23T07:00:04.587322,553.53,-23.5395,-46.70262,DEV0195,M043,0
T005534,U397,2026-05-24T04:22:24.735397,37.13,-30.09061,-51.16963,DEV0349,M061,0
T005535,U412,2026-05-23T06:00:14.082860,216.83,-25.45713,-49.22229,DEV0532,U194,0
T005536,U202,2026-05-23T08:16:11.394833,541.75,-25.52229,-49.22543,DEV0070,M050,0
T005537,U439,2026-05-23T08:38:03.322004,83.99,-22.89693,-43.11702,DEV0055,M026,0
T005538,U293,2026-05-23T11:05:33.276171,387.9,-23.56768,-46.62963,DEV0525,M044,0
T005539,U441,2026-05-23T08:25:51.732149,32.23,-23.55994,-46.62243,DEV0762,M068,0
T005540,U454,2026-05-23T00:26:09.915225,45.85,-30.00791,-51.22336,DEV0661,U442,0
T005541,U123,2026-05-23T19:10:17.914473,383.37,-19.84507,-43.88799,DEV0246,M060,1
T005542,U329,2026-05-23T17:24:15.100029,21.2,-25.4168,-49.25142,DEV0349,M032,0
T005543,U429,2026-05-23T17:04:18.777706,263.52,-23.47665,-46.72163,DEV0287,U290,0
T005544,U005,2026-05-23T10:41:37.900928,100.66,-25.42628,-49.29343,DEV0664,M038,0
T005545,U473,2026-05-22T23:00:42.880279,174.28,-13.02213,-38.50628,DEV0426,M019,0
T005546,U086,2026-05-23T18:18:46.229182,58.98,-23.44855,-46.62495,DEV0572,U471,0
T005547,U406,2026-05-23T06:32:48.631755,372.02,-30.038,-51.21869,DEV0007,M079,1
T005548,U030,2026-05-23T14:06:48.630537,49.67,-22.89207,-43.16601,DEV0217,U201,0
T005549,U470,2026-05-23T01:10:30.864706,2937.22,-30.01937,-51.17147,DEV0527,U219,1
T005550,U411,2026-05-24T01:22:16.246961,55.33,-22.88847,-43.13775,DEV0707,M040,0
T005551,U214,2026-05-23T19:13:19.943838,59.99,-12.90491,-38.46447,DEV0203,M086,0
T005552,U065,2026-05-23T08:27:45.340536,246.66,-15.85094,-47.99251,DEV0386,M044,0
T005553,U176,2026-05-23T04:26:48.580381,144.02,-19.89115,-43.95011,DEV0689,M080,0
T005554,U350,2026-05-23T10:41:23.327955,61965.6,-25.34715,-49.26761,DEV0696,M012,1
T005555,U373,2026-05-23T09:03:39.574443,256.76,-30.06217,-51.20947,DEV0244,M015,1
T005556,U299,2026-05-23T16:38:14.331779,81.9,-22.89613,-43.15051,DEV0320,U193,0
T005557,U439,2026-05-23T10:09:50.870090,12.74,-22.89341,-43.14029,DEV0055,M069,0
T005558,U196,2026-05-23T22:45:44.249588,67.03,-15.83771,-47.81111,DEV0653,U043,0
T005559,U405,2026-05-23T02:37:26.035099,97.77,-15.86207,-47.91883,DEV0469,M007,0
T005560,U499,2026-05-23T00:06:34.910612,30.94,-19.78345,-43.90303,DEV0020,U245,0
T005561,U115,2026-05-24T00:11:33.494394,99.08,-30.13901,-51.21083,DEV0253,M040,0
T005562,U370,2026-05-23T20:10:57.076061,11.21,-12.91816,-38.51788,DEV0431,M017,0
T005563,U184,2026-05-24T07:45:51.734087,70.96,-23.5034,-46.62318,DEV0076,U376,0
T005564,U313,2026-05-23T02:23:31.426130,27.35,-15.81282,-47.82919,DEV0410,U192,0
T005565,U360,2026-05-23T11:20:03.303422,65.17,-30.0643,-51.24938,DEV0616,M063,0
T005566,U490,2026-05-23T10:39:24.041870,69.26,-30.03333,-51.17195,DEV0302,U025,0
T005567,U349,2026-05-23T14:27:57.676788,35.79,-30.02409,-51.15403,DEV0228,M022,0
T005568,U182,2026-05-23T08:26:07.236650,522.32,-15.76642,-47.97435,DEV0397,M067,0
T005569,U485,2026-05-23T14:12:26.540817,109.03,-23.53592,-46.56833,DEV0432,M067,0
T005570,U343,2026-05-24T02:14:50.616962,47.17,-23.50602,-46.59961,DEV0478,M056,0
T005571,U111,2026-05-23T14:17:42.429248,41.16,-12.9991,-38.49796,DEV0518,M067,0
T005572,U214,2026-05-23T19:27:20.738218,1.04,-12.94044,-38.47689,DEV0203,M022,0
T005573,U199,2026-05-23T02:49:15.719022,143.22,-19.99781,-43.98535,DEV0648,U134,0
T005574,U012,2026-05-23T20:18:21.416829,15.12,-29.97597,-51.14968,DEV0190,M100,0
T005575,U186,2026-05-23T06:50:44.288216,132.76,-25.46583,-49.13024,DEV0506,U165,0
T005576,U128,2026-05-24T10:28:43.636495,4.4,-15.81883,-47.89661,DEV0471,U211,0
T005577,U198,2026-05-23T18:06:02.384404,3.05,-12.87468,-38.5449,DEV0029,U393,0
T005578,U062,2026-05-23T18:52:06.447326,95.59,-29.89614,-51.10357,DEV0374,M021,0
T005579,U297,2026-05-23T19:50:12.468354,20.87,-23.59042,-46.56878,DEV0748,M051,0
T005580,U051,2026-05-23T11:02:29.178285,1035.77,-30.07306,-51.22967,DEV0699,M010,0
T005581,U420,2026-05-23T10:18:47.833666,3.65,-23.57885,-46.62162,DEV0359,M069,0
T005582,U334,2026-05-23T16:51:56.701590,2.74,-22.91643,-43.18351,DEV0089,M064,0
T005583,U364,2026-05-23T10:51:49.710610,67.65,-15.77834,-47.92609,DEV0051,M069,0
T005584,U303,2026-05-23T11:23:43.951208,16.66,-15.72833,-47.91904,DEV0446,U317,0
T005585,U173,2026-05-23T01:50:11.932797,93.46,-20.03407,-43.96098,DEV0413,M094,0
T005586,U017,2026-05-23T11:22:28.815208,31.92,-25.37894,-49.34954,DEV0014,M068,0
T005587,U413,2026-05-23T03:50:08.647880,272.17,-15.72536,-47.89424,DEV0256,M037,0
T005588,U408,2026-05-22T19:22:04.519693,65.97,-12.93096,-38.4548,DEV0548,M029,0
T005589,U193,2026-05-23T01:32:41.433248,1144.83,-19.90819,-43.97317,DEV0658,U227,0
T005590,U355,2026-05-23T05:34:24.782753,17.9,-13.04631,-38.46981,DEV0660,M055,0
T005591,U002,2026-05-23T14:20:39.251141,90.23,-19.85804,-43.94398,DEV0072,M067,0
T005592,U041,2026-05-24T00:42:05.612163,48.34,-19.87583,-43.96388,DEV0547,M063,0
T005593,U412,2026-05-23T09:15:43.195070,256.88,-25.36615,-49.18034,DEV0532,U236,0
T005594,U060,2026-05-23T19:14:57.555796,17.62,-19.85341,-43.94698,DEV0649,U165,0
T005595,U082,2026-05-23T08:06:38.388125,49.89,-30.0582,-51.29312,DEV0338,M070,0
T005596,U136,2026-05-24T14:32:34.747997,44.17,-12.99382,-38.43949,DEV0103,U459,0
T005597,U275,2026-05-23T08:13:33.800212,114.76,-15.75202,-47.83329,DEV0730,M041,0
T005598,U103,2026-05-23T17:04:13.985256,961.84,-15.81396,-47.9014,DEV0670,M039,0
T005599,U317,2026-05-23T19:01:08.530597,134.02,-13.01882,-38.56175,DEV0139,M070,0
T005600,U263,2026-05-23T22:59:42.901586,131.42,-12.96001,-38.57524,DEV0450,U496,0
T005601,U174,2026-05-23T06:26:47.517923,391.38,-23.60257,-46.57206,DEV0277,M040,0
T005602,U110,2026-05-24T23:52:28.832616,1706.64,-25.41293,-49.29038,DEV0158,M025,1
T005603,U154,2026-05-23T14:25:31.276140,56.07,-22.8815,-43.20065,DEV0474,M006,0
T005604,U191,2026-05-22T23:45:46.131498,30.44,-30.04306,-51.15411,DEV0398,M046,0
T005605,U379,2026-05-23T16:48:54.550330,7.49,-19.88867,-43.84,DEV0662,M015,0
T005606,U012,2026-05-23T21:51:23.461578,3.31,-30.08417,-51.22529,DEV0190,M007,0
T005607,U290,2026-05-24T06:32:55.386215,59.3,-30.07855,-51.14407,DEV0485,M085,0
T005608,U409,2026-05-23T22:26:21.713756,193.34,-22.9801,-43.09362,DEV0514,M044,0
T005609,U238,2026-05-23T06:52:14.839417,59.36,-29.97437,-51.15807,DEV0518,M047,0
T005610,U236,2026-05-23T00:34:44.905184,27.09,-23.6199,-46.66275,DEV0610,M025,0
T005611,U021,2026-05-24T03:38:10.292647,2039.52,-30.10123,-51.17456,DEV0035,M049,0
T005612,U261,2026-05-23T00:18:29.851871,248.84,-23.49455,-46.63149,DEV0330,M051,0
T005613,U026,2026-05-23T10:33:29.829404,480.29,-15.84258,-47.91725,DEV0270,U248,0
T005614,U379,2026-05-23T18:04:23.845936,106.43,-19.95774,-43.90761,DEV0662,M018,0
T005615,U374,2026-05-23T01:41:16.123477,58.13,-19.92749,-43.96426,DEV0386,M069,0
T005616,U418,2026-05-23T03:01:19.182653,206.41,-23.59671,-46.61589,DEV0115,M017,0
T005617,U215,2026-05-22T18:44:30.053925,79.22,-25.40862,-49.19525,DEV0227,M075,0
T005618,U163,2026-05-23T04:41:52.756872,18.17,-19.94163,-43.99437,DEV0380,M054,0
T005619,U309,2026-05-23T15:32:22.275188,23.5,-15.82644,-47.95725,DEV0606,M040,0
T005620,U130,2026-05-23T16:45:43.303105,63.34,-15.73892,-47.85574,DEV0051,M088,0
T005621,U248,2026-05-23T09:51:20.987679,481.65,-15.76727,-47.86402,DEV0771,U413,0
T005622,U045,2026-05-23T23:29:38.920970,16.13,-30.03642,-51.25791,DEV0554,M018,0
T005623,U376,2026-05-23T11:58:00.951295,5000.0,-19.87125,-43.89906,DEV0763,U324,1
T005624,U324,2026-05-23T11:58:10.951295,4950.0,-15.7801,-47.9292,DEV0095,U357,1
T005625,U357,2026-05-23T11:58:20.951295,4900.0,-30.0346,-51.2177,DEV0346,U376,1
T005626,U385,2026-05-23T23:14:44.717381,151.59,-15.77659,-47.98015,DEV0215,M029,0
T005627,U292,2026-05-23T20:45:25.685706,66.11,-22.89095,-43.21868,DEV0126,M018,0
T005628,U398,2026-05-24T01:38:30.264934,128.0,-23.59168,-46.59101,DEV0759,M068,0
T005629,U211,2026-05-24T05:06:01.731858,691.65,-23.53113,-46.7091,DEV0117,M004,0
T005630,U034,2026-05-22T22:51:42.056987,40.24,-30.05947,-51.09689,DEV0139,U262,0
T005631,U147,2026-05-23T17:45:39.934669,59.14,-12.88024,-38.54222,DEV0272,M018,0
T005632,U189,2026-05-24T08:54:14.533124,241.91,-29.93469,-51.18081,DEV0144,M088,0
T005633,U273,2026-05-22T22:31:54.664881,29.43,-23.5048,-46.55208,DEV0645,M075,0
T005634,U298,2026-05-23T00:32:16.978018,19.6,-23.65233,-46.60818,DEV0613,U216,0
T005635,U153,2026-05-22T23:17:16.592429,118.53,-25.44563,-49.2412,DEV0453,M073,0
T005636,U191,2026-05-23T05:16:38.073554,171.8,-29.96721,-51.2189,DEV0398,U024,0
T005637,U172,2026-05-23T03:25:47.367370,86.3,-22.91886,-43.07955,DEV0501,M012,0
T005638,U060,2026-05-23T23:15:21.317984,126.56,-19.85177,-44.00933,DEV0649,M071,0
T005639,U317,2026-05-23T19:36:50.016514,288.73,-12.92154,-38.59224,DEV0139,M020,0
T005640,U297,2026-05-23T20:54:16.205793,76.59,-23.55876,-46.63612,DEV0748,M087,0
T005641,U399,2026-05-24T05:55:57.655643,138.09,-30.04712,-51.22779,DEV0443,M029,0
T005642,U143,2026-05-23T21:09:25.497122,378.7,-29.99013,-51.15607,DEV0127,U016,0
T005643,U174,2026-05-23T06:32:27.196602,83.13,-23.5541,-46.62794,DEV0277,M006,0
T005644,U432,2026-05-23T12:35:47.421852,154.83,-23.51077,-46.64093,DEV0476,M018,0
T005645,U035,2026-05-23T05:05:38.805928,122.34,-19.93287,-43.8898,DEV0419,M031,0
T005646,U257,2026-05-22T23:42:58.630382,94.78,-30.06708,-51.26577,DEV0308,M059,0
T005647,U290,2026-05-24T08:17:07.384298,2.88,-29.97232,-51.17437,DEV0485,M081,0
T005648,U280,2026-05-24T04:08:57.618391,210.25,-23.58098,-46.7282,DEV0008,M022,0
T005649,U126,2026-05-23T13:17:40.847452,301.46,-22.94384,-43.15339,DEV0036,M078,0
T005650,U400,2026-05-23T15:52:26.989185,184.69,-15.82731,-47.82549,DEV0761,M081,0
T005651,U411,2026-05-24T01:38:16.358997,93.97,-22.87253,-43.15769,DEV0707,M068,0
T005652,U461,2026-05-23T12:35:45.681492,10.92,-22.9646,-43.17966,DEV0391,M100,0
T005653,U487,2026-05-23T08:56:05.808025,46.58,-23.51082,-46.57256,DEV0344,M037,0
T005654,U417,2026-05-23T18:05:21.025471,62.16,-19.92274,-43.89196,DEV0727,M047,0
T005655,U165,2026-05-23T14:18:38.388990,239.76,-25.3991,-49.25391,DEV0577,M063,0
T005656,U192,2026-05-23T12:06:17.512263,49.39,-12.93301,-38.49386,DEV0163,M019,0
T005657,U258,2026-05-23T12:36:42.131554,2.71,-23.53932,-46.65344,DEV0335,M026,0
T005658,U360,2026-05-23T11:35:59.602058,404.69,-30.07773,-51.20365,DEV0616,U290,0
T005659,U329,2026-05-23T17:29:09.125080,20.07,-25.40854,-49.2879,DEV0349,M061,0
T005660,U340,2026-05-22T17:57:38.477177,1044.06,-30.13456,-51.22577,DEV0198,M077,0
T005661,U054,2026-05-23T00:43:19.223863,27.63,-25.46225,-49.31151,DEV0556,M026,0
T005662,U462,2026-05-23T12:22:02.637986,61.58,-12.96618,-38.54952,DEV0519,M002,0
T005663,U022,2026-05-23T16:51:49.280567,135.99,-25.51582,-49.3205,DEV0562,M003,0
T005664,U036,2026-05-23T10:55:14.011936,53.34,-12.92999,-38.43898,DEV0490,U395,0
T005665,U269,2026-05-23T18:15:37.979629,35.17,-19.88525,-43.99321,DEV0093,U236,0
T005666,U078,2026-05-23T23:58:00.808533,321.9,-25.4632,-49.17662,DEV0764,M073,0
T005667,U362,2026-05-23T21:12:09.530404,62.16,-12.91018,-38.49287,DEV0127,U121,0
T005668,U413,2026-05-23T04:32:50.697733,28.6,-15.79622,-47.81272,DEV0256,M073,0
T005669,U123,2026-05-23T21:43:15.712467,179.58,-19.92082,-43.94551,DEV0246,M022,0
T005670,U383,2026-05-23T00:28:16.597053,74.45,-29.95854,-51.13262,DEV0701,M067,0
T005671,U356,2026-05-23T08:35:15.911591,246.75,-23.00395,-43.19261,DEV0550,M033,0
T005672,U188,2026-05-23T17:04:47.857744,1014.91,-23.49837,-46.66326,DEV0469,U234,0
T005673,U270,2026-05-23T01:10:33.169284,160.92,-13.04963,-38.49001,DEV0634,U265,0
T005674,U235,2026-05-23T10:44:04.271983,154.07,-19.89759,-43.9382,DEV0795,M012,0
T005675,U335,2026-05-23T15:14:41.288264,30.33,-30.07735,-51.33309,DEV0616,M075,0
T005676,U217,2026-05-23T02:37:42.911902,1642.81,-23.55276,-46.71457,DEV0526,U007,1
T005677,U092,2026-05-23T00:37:12.218009,206.74,-25.31668,-49.29349,DEV0587,M075,0
T005678,U477,2026-05-23T16:29:06.521643,28.3,-19.91292,-43.95473,DEV0039,M066,0
T005679,U351,2026-05-24T06:09:42.560236,60.37,-12.90833,-38.53348,DEV0157,U020,0
T005680,U472,2026-05-23T04:56:49.432041,587.65,-13.02508,-38.41911,DEV0722,M065,0
T005681,U390,2026-05-23T02:10:17.762924,57.77,-30.00143,-51.21831,DEV0194,M015,0
T005682,U092,2026-05-23T02:54:48.774630,5000.0,-25.42144,-49.27734,DEV0587,U135,1
T005683,U135,2026-05-23T02:54:58.774630,4950.0,-12.9714,-38.5014,DEV0572,U368,1
T005684,U368,2026-05-23T02:55:08.774630,4900.0,-23.5505,-46.6333,DEV0001,U092,1
T005685,U180,2026-05-24T08:55:40.591123,824.46,-23.59497,-46.66945,DEV0798,M087,0
T005686,U098,2026-05-23T08:15:04.186025,9.36,-25.40012,-49.30041,DEV0161,M003,0
T005687,U335,2026-05-23T15:30:35.056408,155.16,-30.04199,-51.16643,DEV0616,M029,0
T005688,U119,2026-05-24T00:38:34.588836,19.15,-15.78373,-47.91814,DEV0792,M095,0
T005689,U032,2026-05-22T23:12:26.364764,6.99,-30.07326,-51.23436,DEV0065,M072,0
T005690,U181,2026-05-23T13:44:32.221918,621.86,-15.90692,-47.94953,DEV0596,M065,0
T005691,U074,2026-05-23T14:47:45.780968,7.54,-12.89574,-38.55541,DEV0610,U238,0
T005692,U198,2026-05-23T21:41:54.264743,35.56,-12.93469,-38.59139,DEV0029,M086,0
T005693,U417,2026-05-23T19:02:19.742708,51.97,-19.83398,-43.91206,DEV0727,M083,0
T005694,U038,2026-05-23T04:45:10.320029,43.94,-25.44379,-49.26315,DEV0033,M042,0
T005695,U436,2026-05-24T00:43:28.820538,519.45,-12.90629,-38.54882,DEV0149,M040,0
T005696,U037,2026-05-23T17:47:17.558256,459.03,-23.55901,-46.65768,DEV0028,M028,0
T005697,U422,2026-05-23T06:53:19.399294,598.21,-22.92908,-43.20122,DEV0442,M005,0
T005698,U157,2026-05-23T11:22:39.548901,27.07,-22.97005,-43.17516,DEV0758,M068,0
T005699,U456,2026-05-24T11:52:04.168747,94.95,-23.55044,-46.56772,DEV0466,M060,0
T005700,U211,2026-05-24T06:57:19.923969,503.01,-23.54919,-46.59601,DEV0117,U129,0
T005701,U401,2026-05-23T14:13:41.954594,102.85,-19.94218,-43.96404,DEV0051,M097,0
T005702,U116,2026-05-23T15:08:24.274872,17.75,-30.04782,-51.21998,DEV0161,M081,0
T005703,U380,2026-05-23T20:32:09.357773,63.85,-22.84876,-43.15422,DEV0469,U349,0
T005704,U276,2026-05-23T14:02:32.195419,374.71,-23.55807,-46.72231,DEV0794,U468,0
T005705,U376,2026-05-23T12:17:16.142036,57.36,-19.85212,-43.92913,DEV0763,M053,0
T005706,U236,2026-05-23T00:42:58.144277,5.37,-23.52366,-46.6408,DEV0610,M089,0
T005707,U017,2026-05-23T16:11:04.914596,343.99,-25.41473,-49.29632,DEV0014,U481,0
T005708,U044,2026-05-24T00:42:03.670005,96.37,-15.77381,-47.91471,DEV0795,M009,0
T005709,U053,2026-05-23T03:07:10.651426,173.57,-15.77361,-47.85381,DEV0646,U068,0
T005710,U122,2026-05-23T12:50:19.244393,43.63,-23.47951,-46.61889,DEV0104,U039,0
T005711,U358,2026-05-23T17:05:48.697929,82.42,-25.38265,-49.35302,DEV0218,U019,0
T005712,U180,2026-05-24T10:15:22.080590,144.59,-23.42685,-46.62095,DEV0798,M095,0
T005713,U296,2026-05-24T16:23:04.343734,4.63,-30.00517,-51.26585,DEV0470,M001,0
T005714,U036,2026-05-23T12:00:38.122719,42.33,-12.9673,-38.45767,DEV0490,M090,0
T005715,U415,2026-05-23T02:03:29.004794,110.75,-25.42973,-49.21405,DEV0506,M002,0
T005716,U263,2026-05-24T01:06:44.418667,16.51,-12.97873,-38.59599,DEV0450,U008,0
T005717,U168,2026-05-23T23:53:11.981193,18.23,-22.9338,-43.27006,DEV0253,M072,0
T005718,U317,2026-05-23T21:00:39.725241,629.57,-13.0212,-38.55279,DEV0139,U247,0
T005719,U448,2026-05-23T20:01:20.132040,18.15,-29.99918,-51.25121,DEV0131,U006,0
T005720,U473,2026-05-22T23:35:37.438802,455.59,-13.03071,-38.47321,DEV0426,U288,0
T005721,U314,2026-05-24T09:38:31.430977,223.78,-19.89976,-43.93935,DEV0724,M031,0
T005722,U226,2026-05-23T06:36:33.680921,60.64,-23.55906,-46.61744,DEV0724,M071,0
T005723,U471,2026-05-23T10:30:10.698693,542.2,-25.3257,-49.21288,DEV0349,U315,0
T005724,U470,2026-05-23T08:34:10.402769,344.21,-30.0245,-51.2286,DEV0527,M043,0
T005725,U259,2026-05-23T15:11:00.655506,721.7,-30.03838,-51.26932,DEV0106,M083,0
T005726,U402,2026-05-23T14:59:49.627999,29.32,-30.12555,-51.23645,DEV0264,M082,0
T005727,U364,2026-05-23T14:59:10.687178,118.19,-15.78749,-47.91529,DEV0051,M065,0
T005728,U352,2026-05-23T12:06:12.136965,67.21,-25.42382,-49.37658,DEV0685,M011,0
T005729,U184,2026-05-24T13:45:35.563696,296.54,-23.49409,-46.60743,DEV0076,M055,0
T005730,U433,2026-05-23T08:40:58.868501,16.62,-15.6874,-47.91716,DEV0576,U441,0
T005731,U225,2026-05-23T15:09:27.658533,23.18,-19.87654,-43.96448,DEV0502,M046,0
T005732,U406,2026-05-23T10:41:39.669664,82.56,-30.12737,-51.2398,DEV0007,M004,0
T005733,U152,2026-05-23T11:43:25.135879,131.9,-23.48187,-46.64134,DEV0094,U076,0
T005734,U183,2026-05-23T14:13:51.073686,1.22,-23.52164,-46.70238,DEV0612,M025,0
T005735,U179,2026-05-23T22:01:00.799136,66.71,-23.53021,-46.59786,DEV0695,M028,0
T005736,U380,2026-05-23T22:09:38.139592,118.06,-23.02588,-43.14133,DEV0469,M030,0
T005737,U404,2026-05-23T12:48:30.637268,75.36,-19.91147,-43.88486,DEV0452,U057,0
T005738,U295,2026-05-23T08:42:25.956567,38.23,-13.01901,-38.53405,DEV0146,M019,0
T005739,U297,2026-05-23T21:31:12.076499,23.35,-23.60234,-46.59211,DEV0748,M041,0
T005740,U227,2026-05-23T00:23:50.581415,21.2,-12.9555,-38.56171,DEV0558,U442,0
T005741,U146,2026-05-23T10:48:38.217804,73629.52,-15.86818,-47.91373,DEV0118,M096,1
T005742,U182,2026-05-23T10:03:27.211611,481.26,-15.70628,-47.88264,DEV0397,M098,0
T005743,U164,2026-05-23T13:48:27.057958,132.14,-12.95966,-38.43609,DEV0691,M058,0
T005744,U083,2026-05-24T06:27:14.801984,320.83,-19.8318,-44.00181,DEV0473,U169,0
T005745,U095,2026-05-23T19:03:17.624083,182.91,-23.51962,-46.65962,DEV0099,M045,0
T005746,U376,2026-05-23T12:37:34.550722,76.11,-19.87682,-43.94156,DEV0763,U433,0
T005747,U283,2026-05-23T15:25:13.269525,63047.41,-22.89207,-43.30629,DEV0028,M005,1
T005748,U190,2026-05-23T04:28:09.798467,408.68,-12.96367,-38.45305,DEV0693,M061,0
T005749,U100,2026-05-23T05:14:06.907448,113.22,-29.98997,-51.29484,DEV0195,M056,0
T005750,U276,2026-05-23T14:11:02.780668,815.54,-23.59222,-46.61017,DEV0794,U339,0
T005751,U410,2026-05-23T23:25:01.656198,109.41,-12.85354,-38.55543,DEV0523,M067,0
T005752,U148,2026-05-22T21:05:07.736774,315.25,-29.98907,-51.34157,DEV0581,M062,0
T005753,U317,2026-05-23T21:31:57.969096,35.93,-12.97887,-38.51843,DEV0139,U090,0
T005754,U088,2026-05-24T02:49:04.022663,338.77,-12.88618,-38.38141,DEV0037,U380,0
T005755,U440,2026-05-23T20:13:09.386263,25.66,-15.7994,-47.91418,DEV0406,U195,0
T005756,U040,2026-05-23T21:58:56.856438,241.1,-19.91765,-43.93384,DEV0684,U230,0
T005757,U077,2026-05-24T14:17:41.374875,20.15,-15.7759,-47.955,DEV0464,U234,0
T005758,U349,2026-05-23T17:38:39.823797,125.04,-30.07245,-51.24173,DEV0228,U095,0
T005759,U304,2026-05-23T07:12:37.101238,546.63,-29.98679,-51.20748,DEV0664,M002,0
T005760,U295,2026-05-23T09:47:45.603103,13.63,-12.94513,-38.53049,DEV0146,U286,0
T005761,U038,2026-05-23T07:16:40.682948,46.48,-25.40936,-49.33298,DEV0033,M023,0
T005762,U096,2026-05-23T01:38:51.903763,133.92,-22.88137,-43.25766,DEV0338,M002,0
T005763,U450,2026-05-23T21:37:54.577044,50.94,-15.78821,-47.92167,DEV0524,M049,0
T005764,U498,2026-05-23T13:17:13.988652,270.31,-30.06883,-51.23213,DEV0727,M023,0
T005765,U315,2026-05-23T13:19:57.991800,105.39,-23.52813,-46.61118,DEV0140,M052,0
T005766,U014,2026-05-23T15:42:43.887338,30.14,-25.45582,-49.34524,DEV0505,U428,0
T005767,U043,2026-05-23T05:52:04.957823,14.75,-12.95002,-38.49511,DEV0218,M088,0
T005768,U313,2026-05-23T06:25:27.843776,239.0,-15.75332,-47.92363,DEV0410,M062,0
T005769,U033,2026-05-23T00:35:03.725721,62.44,-23.62974,-46.65375,DEV0344,U363,0
T005770,U472,2026-05-23T06:11:52.967480,39.54,-12.92174,-38.54758,DEV0722,M076,0
T005771,U252,2026-05-23T08:46:23.250061,332.59,-30.04851,-51.25776,DEV0207,M080,0
T005772,U273,2026-05-23T01:25:24.206154,12.56,-23.50661,-46.66879,DEV0645,M032,0
T005773,U274,2026-05-23T18:32:17.721268,126.92,-22.97985,-43.08171,DEV0046,M053,0
T005774,U209,2026-05-23T20:01:42.912588,46.93,-19.9116,-43.90291,DEV0348,U130,0
T005775,U384,2026-05-23T12:35:23.261103,37.54,-30.02691,-51.21966,DEV0769,M009,0
T005776,U372,2026-05-23T01:35:45.772053,150.29,-12.94358,-38.50794,DEV0666,M026,0
T005777,U093,2026-05-23T13:26:49.009840,156.84,-25.44928,-49.20939,DEV0422,M084,0
T005778,U413,2026-05-23T09:08:07.864566,139.85,-15.6977,-47.84918,DEV0256,U061,0
T005779,U015,2026-05-22T23:01:41.286232,125.61,-19.91931,-43.86765,DEV0647,M044,0
T005780,U443,2026-05-23T03:02:41.357689,76.11,-19.92017,-43.88138,DEV0507,M075,0
T005781,U473,2026-05-22T23:48:15.124908,291.11,-12.92771,-38.55496,DEV0426,M057,0
T005782,U402,2026-05-23T15:10:05.751841,101.59,-30.00523,-51.25129,DEV0264,M015,0
T005783,U141,2026-05-23T21:09:33.982778,71.69,-25.48932,-49.2428,DEV0058,M050,0
T005784,U043,2026-05-23T09:51:43.088346,51.27,-12.92394,-38.44678,DEV0218,U458,0
T005785,U277,2026-05-23T03:15:10.059721,19.03,-23.54281,-46.57898,DEV0214,M038,0
T005786,U166,2026-05-23T01:17:43.335270,6.6,-22.90774,-43.13391,DEV0043,M043,0
T005787,U469,2026-05-23T13:12:29.815219,90.13,-22.78912,-43.16281,DEV0183,M010,0
T005788,U389,2026-05-24T00:13:22.722015,1.48,-22.96138,-43.20764,DEV0769,M092,0
T005789,U411,2026-05-24T06:27:11.994489,31.21,-22.79515,-43.18209,DEV0707,M098,0
T005790,U467,2026-05-23T07:47:06.089080,90.94,-19.89871,-43.92584,DEV0620,U301,0
T005791,U073,2026-05-23T12:13:55.335877,25.48,-23.51501,-46.69783,DEV0767,M091,0
T005792,U414,2026-05-23T06:43:24.611078,42.66,-22.99708,-43.13564,DEV0053,U443,0
T005793,U070,2026-05-23T18:01:40.875044,7.97,-22.91336,-43.23267,DEV0053,U184,0
T005794,U177,2026-05-24T13:29:19.331878,10.64,-25.46356,-49.25999,DEV0096,M013,0
T005795,U213,2026-05-23T06:16:52.372094,3.75,-12.96808,-38.5659,DEV0149,U224,0
T005796,U145,2026-05-23T18:16:04.737321,82.17,-23.54487,-46.59923,DEV0751,M028,0
T005797,U361,2026-05-23T08:30:43.998439,600.67,-25.39111,-49.19527,DEV0356,M003,0
T005798,U191,2026-05-23T10:08:24.222164,290.04,-30.05263,-51.16688,DEV0398,U140,0
T005799,U119,2026-05-24T06:02:47.529733,125.83,-15.80555,-47.94697,DEV0792,M056,0
T005800,U141,2026-05-23T23:28:58.726067,2.42,-25.43524,-49.29457,DEV0058,M012,0
T005801,U368,2026-05-23T05:06:10.749813,337.0,-23.55022,-46.64468,DEV0001,U169,0
T005802,U261,2026-05-23T04:05:56.297164,767.15,-23.5949,-46.6668,DEV0330,M036,0
T005803,U137,2026-05-23T10:06:33.935529,128.09,-12.93466,-38.44381,DEV0350,M059,0
T005804,U034,2026-05-23T02:11:55.813866,4.66,-30.15047,-51.2599,DEV0139,U117,0
T005805,U155,2026-05-24T01:00:05.478272,2.14,-30.04029,-51.20285,DEV0612,M062,0
T005806,U061,2026-05-23T13:39:04.445243,78.13,-23.57513,-46.6109,DEV0234,M099,0
T005807,U410,2026-05-24T01:54:29.481640,123.8,-13.00888,-38.41563,DEV0523,M074,0
T005808,U278,2026-05-23T22:17:16.706483,106.52,-15.7895,-47.92691,DEV0107,M041,0
T005809,U253,2026-05-24T19:29:01.658855,44.27,-15.75161,-47.85666,DEV0578,M073,0
T005810,U334,2026-05-23T18:05:12.280989,72.64,-22.96482,-43.14481,DEV0089,M065,0
T005811,U064,2026-05-23T10:06:13.994174,244.7,-23.53375,-46.62204,DEV0442,M035,0
T005812,U281,2026-05-22T21:40:20.115437,7.11,-13.01848,-38.57685,DEV0692,U423,0
T005813,U137,2026-05-23T12:08:49.507752,141.92,-12.99114,-38.44006,DEV0350,M090,0
T005814,U028,2026-05-24T04:39:19.299837,105.08,-25.39658,-49.3962,DEV0702,M095,0
T005815,U494,2026-05-23T22:42:09.306027,7.32,-19.95305,-43.93847,DEV0493,M061,0
T005816,U143,2026-05-23T21:14:14.832385,455.96,-30.09835,-51.24429,DEV0127,M041,0
T005817,U329,2026-05-23T21:04:30.607466,9.35,-25.46582,-49.2558,DEV0349,M015,0
T005818,U178,2026-05-24T07:44:36.852098,56.03,-15.71199,-47.95896,DEV0736,M094,0
T005819,U240,2026-05-23T05:35:48.947778,230.7,-13.03451,-38.46137,DEV0023,M065,0
T005820,U419,2026-05-23T12:03:15.024789,10.02,-23.65107,-46.60165,DEV0552,U087,0
T005821,U183,2026-05-23T14:36:35.789821,10.52,-23.5922,-46.65895,DEV0612,M084,0
T005822,U240,2026-05-23T07:49:31.840892,167.62,-12.937,-38.35364,DEV0023,U424,0
T005823,U233,2026-05-23T05:26:21.061553,103.52,-30.06206,-51.23451,DEV0177,U037,0
T005824,U123,2026-05-23T22:52:00.886443,17.87,-19.92974,-43.9904,DEV0246,U190,0
T005825,U275,2026-05-23T12:53:25.386332,255.09,-15.83128,-47.85621,DEV0730,U331,0
T005826,U204,2026-05-23T14:32:06.931649,3.53,-29.99919,-51.31207,DEV0091,M022,0
T005827,U413,2026-05-23T12:56:35.538428,221.21,-15.78848,-48.01934,DEV0256,M066,0
T005828,U470,2026-05-23T09:55:29.047542,85.15,-30.09445,-51.21626,DEV0527,M014,0
T005829,U010,2026-05-23T09:09:07.659864,423.26,-23.53338,-46.67597,DEV0475,M091,0
T005830,U395,2026-05-23T09:52:56.676606,225.26,-22.8795,-43.08404,DEV0380,M038,0
T005831,U486,2026-05-22T19:54:17.182650,31.47,-15.78256,-48.00162,DEV0585,M090,0
T005832,U327,2026-05-23T15:24:00.615014,1.99,-22.91265,-43.17942,DEV0588,M046,0
T005833,U458,2026-05-23T09:38:22.481194,17.58,-12.9546,-38.54346,DEV0538,M091,0
T005834,U316,2026-05-23T20:11:56.213956,65.57,-23.00766,-43.2619,DEV0654,M046,0
T005835,U162,2026-05-24T01:13:49.713054,119.81,-19.88079,-43.93743,DEV0664,U270,0
T005836,U393,2026-05-23T10:28:43.729325,1942.67,-13.00638,-38.50825,DEV0055,M013,0
T005837,U076,2026-05-24T11:20:39.727729,3.49,-23.5644,-46.6592,DEV0201,M055,0
T005838,U470,2026-05-23T10:07:11.287888,87.79,-30.02338,-51.24664,DEV0527,M100,0
T005839,U200,2026-05-23T05:12:29.444764,206.7,-23.57464,-46.62129,DEV0342,M013,0
T005840,U354,2026-05-23T14:54:33.608318,71.74,-25.38367,-49.24992,DEV0794,M079,0
T005841,U430,2026-05-23T17:41:43.137183,159.7,-22.90202,-43.21806,DEV0268,U353,0
T005842,U210,2026-05-23T12:25:01.155407,7.72,-29.95774,-51.22368,DEV0508,M089,0
T005843,U407,2026-05-23T03:33:23.615845,71.18,-23.51985,-46.71704,DEV0151,M069,0
T005844,U067,2026-05-23T20:40:12.719218,21.9,-19.91332,-43.92406,DEV0113,M063,0
T005845,U462,2026-05-23T18:12:25.023599,12.22,-12.97359,-38.4868,DEV0519,U232,0
T005846,U248,2026-05-23T10:48:38.611220,42.24,-15.72012,-47.99683,DEV0771,M100,0
T005847,U326,2026-05-23T06:14:22.887515,905.44,-13.04021,-38.50561,DEV0376,M076,0
T005848,U338,2026-05-23T07:54:36.882605,460.95,-23.57374,-46.57887,DEV0145,M096,0
T005849,U218,2026-05-24T05:13:33.095513,47.29,-23.53437,-46.60294,DEV0373,M042,0
T005850,U254,2026-05-23T09:41:24.011461,52.16,-30.10078,-51.20753,DEV0422,M073,0
T005851,U067,2026-05-23T23:56:22.521663,398.73,-19.96495,-43.99094,DEV0113,M008,0
T005852,U270,2026-05-23T01:25:55.799699,5000.0,-12.99137,-38.44944,DEV0634,U291,1
T005853,U291,2026-05-23T01:26:05.799699,4950.0,-30.0346,-51.2177,DEV0273,U292,1
T005854,U292,2026-05-23T01:26:15.799699,4900.0,-22.9068,-43.1729,DEV0126,U270,1
T005855,U019,2026-05-23T23:38:21.214481,322.67,-25.46589,-49.38831,DEV0092,U266,0
T005856,U270,2026-05-23T01:42:15.677262,36.55,-12.9464,-38.49641,DEV0634,M044,0
T005857,U479,2026-05-23T18:41:36.596545,78.8,-25.50399,-49.30116,DEV0697,U008,0
T005858,U051,2026-05-23T12:30:20.785586,323.96,-30.02361,-51.21879,DEV0699,M019,0
T005859,U156,2026-05-23T11:21:48.057316,101.13,-15.7655,-47.95281,DEV0357,M024,0
T005860,U022,2026-05-23T17:08:39.688565,13.73,-25.39219,-49.27611,DEV0562,M061,0
T005861,U260,2026-05-24T03:57:39.395123,24.55,-12.95265,-38.4505,DEV0797,M020,0
T005862,U252,2026-05-23T16:24:40.032617,154.96,-30.06972,-51.29888,DEV0207,M018,0
T005863,U041,2026-05-24T02:18:30.366353,87.38,-19.84649,-43.84475,DEV0547,M038,0
T005864,U386,2026-05-23T21:35:37.827994,1636.48,-19.93976,-43.98004,DEV0318,M007,1
T005865,U055,2026-05-24T04:40:15.007852,300.42,-15.84251,-47.96507,DEV0331,M008,0
T005866,U379,2026-05-23T19:48:35.136348,22.76,-19.88887,-44.00233,DEV0662,M073,0
T005867,U460,2026-05-23T09:29:16.720940,203.23,-30.03513,-51.19098,DEV0794,M023,0
T005868,U006,2026-05-23T03:15:32.991766,340.28,-12.9137,-38.47163,DEV0770,U125,0
T005869,U033,2026-05-23T03:37:29.480395,159.88,-23.5078,-46.61051,DEV0344,U441,0
T005870,U001,2026-05-23T12:46:30.632484,527.62,-30.03474,-51.25627,DEV0436,U268,0
T005871,U009,2026-05-22T23:53:26.020494,39.68,-15.78192,-47.81969,DEV0253,U491,0
T005872,U251,2026-05-23T03:23:44.171440,27.98,-23.56678,-46.62192,DEV0624,M049,0
T005873,U386,2026-05-23T11:25:34.282692,68.64,-19.913,-43.96493,DEV0318,M100,0
T005874,U418,2026-05-23T04:08:35.309872,96.04,-23.62983,-46.73462,DEV0115,M097,0
T005875,U430,2026-05-23T17:52:04.886154,26.13,-23.0104,-43.15181,DEV0268,M037,0
T005876,U256,2026-05-23T06:33:00.843197,264.62,-15.84182,-47.89594,DEV0335,U274,0
T005877,U402,2026-05-23T16:34:48.899956,37.51,-30.04287,-51.28618,DEV0264,M070,0
T005878,U147,2026-05-23T19:11:03.991432,19.13,-13.04455,-38.53942,DEV0272,U252,0
T005879,U325,2026-05-24T01:08:22.195668,122.19,-15.80279,-47.81123,DEV0236,M087,0
T005880,U366,2026-05-23T15:24:41.537974,453.06,-23.56237,-46.59323,DEV0613,M082,0
T005881,U288,2026-05-23T18:55:29.769802,18.98,-22.84521,-43.14731,DEV0506,U454,0
T005882,U138,2026-05-23T23:50:20.134037,1058.72,-30.10567,-51.17859,DEV0656,U462,0
T005883,U455,2026-05-24T11:03:07.005640,135.43,-12.9322,-38.55955,DEV0374,U463,0
T005884,U297,2026-05-23T21:35:18.704125,22.74,-23.56867,-46.61115,DEV0748,M010,0
T005885,U251,2026-05-23T07:59:17.295607,16.68,-23.58523,-46.5729,DEV0624,M050,0
T005886,U276,2026-05-23T17:15:38.114937,359.61,-23.55202,-46.63001,DEV0794,M065,0
T005887,U314,2026-05-24T09:45:06.038454,26.43,-19.92865,-44.07837,DEV0724,M034,0
T005888,U154,2026-05-23T15:19:59.651933,557.39,-22.95834,-43.16257,DEV0611,U457,1
T005889,U085,2026-05-23T11:37:17.592732,217.22,-25.38941,-49.2277,DEV0144,M082,0
T005890,U128,2026-05-24T13:08:26.755861,18.71,-12.9714,-38.5014,DEV0471,M005,1
T005891,U182,2026-05-23T11:17:29.427133,451.33,-15.78254,-48.02008,DEV0397,M088,0
T005892,U009,2026-05-23T01:43:11.438715,163.72,-19.9173,-43.9345,DEV0253,M037,1
T005893,U162,2026-05-24T01:16:14.857464,360.73,-19.95031,-43.88635,DEV0664,M035,0
T005894,U330,2026-05-24T01:40:52.024433,10.02,-23.61117,-46.70974,DEV0229,M027,0
T005895,U446,2026-05-24T02:56:55.570234,281.65,-23.52628,-46.57495,DEV0641,U454,0
T005896,U027,2026-05-23T13:49:38.460585,347.5,-30.05801,-51.2314,DEV0456,M090,0
T005897,U025,2026-05-23T09:01:12.178212,1258.35,-22.89442,-43.23129,DEV0556,M020,0
T005898,U500,2026-05-23T05:06:57.866155,228.15,-13.08198,-38.43855,DEV0490,U417,0
T005899,U119,2026-05-24T06:27:28.831543,52.94,-15.74588,-47.8836,DEV0792,M088,0
T005900,U380,2026-05-24T06:08:10.509635,297.78,-22.96406,-43.18858,DEV0469,M021,0
T005901,U086,2026-05-23T18:43:00.456144,22.19,-23.58324,-46.52409,DEV0572,M024,0
T005902,U332,2026-05-23T04:01:16.086040,195.98,-13.01362,-38.47881,DEV0379,M049,0
T005903,U136,2026-05-24T17:24:07.126254,4.02,-12.98513,-38.55687,DEV0103,M011,0
T005904,U007,2026-05-23T04:10:49.331560,28.41,-15.69471,-47.92047,DEV0386,U317,0
T005905,U433,2026-05-23T13:22:27.833250,6.09,-15.78495,-47.97538,DEV0576,M036,0
T005906,U347,2026-05-23T04:05:14.475726,336.69,-22.88321,-43.18653,DEV0517,M038,0
T005907,U111,2026-05-23T18:12:13.875903,396.72,-13.02033,-38.46904,DEV0713,U133,1
T005908,U101,2026-05-23T19:35:30.592284,11.04,-23.47879,-46.59251,DEV0688,M072,0
T005909,U275,2026-05-23T15:23:52.073435,332.05,-15.72295,-47.88901,DEV0730,M080,0
T005910,U149,2026-05-23T00:24:28.482721,75.32,-30.02317,-51.13345,DEV0076,M067,0
T005911,U132,2026-05-23T03:28:13.708399,42.9,-22.94238,-43.23063,DEV0570,M073,0
T005912,U451,2026-05-23T06:02:38.669945,1191.3,-25.42769,-49.29435,DEV0017,M077,0
T005913,U255,2026-05-23T15:23:20.164895,4.39,-22.88311,-43.1709,DEV0306,M039,0
T005914,U139,2026-05-24T05:12:58.801149,22.46,-25.48617,-49.35148,DEV0106,M004,0
T005915,U352,2026-05-23T15:16:09.280362,747.57,-25.45122,-49.27977,DEV0685,M058,0
T005916,U137,2026-05-23T12:10:53.680575,78861.17,-12.95333,-38.50255,DEV0350,U432,1
T005917,U259,2026-05-23T15:31:22.700415,263.54,-30.09179,-51.29711,DEV0106,U105,0
T005918,U261,2026-05-23T06:21:09.584839,173.98,-23.61325,-46.63566,DEV0330,M040,0
T005919,U429,2026-05-23T17:22:00.220140,82.62,-23.54808,-46.6758,DEV0287,M056,0
T005920,U149,2026-05-23T02:39:15.999534,290.57,-30.05839,-51.20996,DEV0076,M081,0
T005921,U321,2026-05-23T23:22:44.030328,153.61,-22.87224,-43.13075,DEV0596,U105,0
T005922,U108,2026-05-23T09:00:41.660564,26.29,-19.93711,-43.95326,DEV0516,M034,0
T005923,U249,2026-05-23T07:44:13.449145,206.06,-25.42242,-49.27842,DEV0054,M077,0
T005924,U265,2026-05-23T12:18:11.457123,8.92,-19.89308,-43.97267,DEV0111,M089,0
T005925,U473,2026-05-23T03:03:45.141005,817.1,-12.9467,-38.49826,DEV0426,M055,0
T005926,U332,2026-05-23T05:20:30.017244,23.51,-12.95677,-38.48209,DEV0379,M001,0
T005927,U116,2026-05-23T15:36:42.638351,66.21,-29.91322,-51.24384,DEV0161,M041,0
T005928,U094,2026-05-23T09:02:01.619823,36.31,-15.80756,-47.96727,DEV0227,M092,0
T005929,U314,2026-05-24T10:03:03.148267,85.48,-19.97434,-43.93514,DEV0724,U048,0
T005930,U053,2026-05-23T05:26:45.830500,128.93,-15.82298,-47.8332,DEV0646,U058,0
T005931,U366,2026-05-23T15:26:00.013714,162.38,-23.50302,-46.63225,DEV0613,M002,0
T005932,U304,2026-05-23T09:02:45.604284,152.44,-29.95664,-51.20676,DEV0664,U180,0
T005933,U369,2026-05-23T20:44:14.301422,170.19,-30.00052,-51.16554,DEV0371,U425,0
T005934,U281,2026-05-22T21:56:17.288570,5.37,-13.06706,-38.50541,DEV0692,M069,0
T005935,U479,2026-05-23T21:07:03.426346,758.38,-25.46169,-49.24677,DEV0697,M031,0
T005936,U425,2026-05-23T20:31:05.574076,408.01,-22.8621,-43.12142,DEV0356,M072,0
T005937,U226,2026-05-23T06:40:08.462337,54.64,-23.57055,-46.67299,DEV0724,M043,0
T005938,U459,2026-05-23T07:12:19.055862,520.59,-22.88446,-43.15934,DEV0016,U385,0
T005939,U036,2026-05-23T21:03:57.766172,81.87,-12.97432,-38.53917,DEV0490,U438,0
T005940,U291,2026-05-23T05:17:23.144392,2.35,-30.01393,-51.20305,DEV0273,M063,0
T005941,U204,2026-05-23T14:39:22.026220,29.61,-30.00172,-51.2064,DEV0091,M059,0
T005942,U181,2026-05-23T14:13:54.174168,959.91,-15.79432,-47.9084,DEV0596,M013,0
T005943,U192,2026-05-23T16:03:58.829016,450.77,-13.00987,-38.55608,DEV0163,M027,0
T005944,U010,2026-05-23T15:11:21.995275,258.8,-23.51847,-46.66565,DEV0475,M017,0
T005945,U343,2026-05-24T09:25:27.085772,230.23,-23.55988,-46.54338,DEV0478,M058,0
T005946,U433,2026-05-23T13:32:24.982912,377.57,-15.88008,-47.92491,DEV0503,U115,1
T005947,U055,2026-05-24T05:22:14.529061,30.06,-15.8088,-47.96598,DEV0331,U354,0
T005948,U039,2026-05-23T22:02:20.182308,11.83,-29.95289,-51.218,DEV0574,M001,0
T005949,U357,2026-05-23T12:16:50.957121,202.62,-29.96527,-51.24713,DEV0346,M003,0
T005950,U337,2026-05-23T01:57:42.439220,250.8,-30.01426,-51.19242,DEV0575,U271,0
T005951,U170,2026-05-23T12:25:27.380532,83.33,-12.97282,-38.44175,DEV0602,M090,0
T005952,U062,2026-05-23T19:20:04.797493,154.63,-29.96564,-51.26604,DEV0374,U442,0
T005953,U356,2026-05-23T09:45:06.328994,45.11,-22.81014,-43.18378,DEV0550,M037,0
T005954,U195,2026-05-23T11:22:24.243103,1369.6,-23.51767,-46.62914,DEV0253,M008,0
T005955,U433,2026-05-23T16:20:14.392615,153.75,-15.79557,-47.99843,DEV0576,U185,0
T005956,U351,2026-05-24T09:03:38.399574,42.34,-12.89051,-38.52131,DEV0157,U242,0
T005957,U437,2026-05-23T16:19:38.394570,869.56,-19.9905,-44.02616,DEV0512,M047,0
T005958,U202,2026-05-23T10:07:58.821596,90.02,-25.50555,-49.19522,DEV0070,U229,0
T005959,U497,2026-05-23T07:15:44.190979,37.4,-15.82418,-47.89861,DEV0517,M094,0
T005960,U272,2026-05-23T17:04:27.901919,5.35,-22.80668,-43.15737,DEV0534,M012,0
T005961,U385,2026-05-24T00:00:18.562267,66.44,-15.85368,-47.89313,DEV0215,M024,0
T005962,U261,2026-05-23T07:13:12.276106,189.69,-23.66071,-46.73354,DEV0330,M055,0
T005963,U347,2026-05-23T06:17:09.700657,507.71,-22.79843,-43.18813,DEV0517,M054,0
T005964,U405,2026-05-23T02:51:12.064060,230.19,-15.78082,-47.89512,DEV0469,M029,0
T005965,U233,2026-05-23T09:24:58.162850,38.62,-30.11467,-51.22168,DEV0177,M011,0
T005966,U236,2026-05-23T00:54:12.162064,58.68,-23.49804,-46.60864,DEV0610,M029,0
T005967,U312,2026-05-23T04:36:10.361771,264.43,-19.91765,-44.00925,DEV0173,U041,0
T005968,U452,2026-05-23T04:01:57.710938,4226.52,-30.0455,-51.28721,DEV0497,M003,1
T005969,U212,2026-05-23T16:53:41.351500,239.4,-25.49177,-49.21731,DEV0685,M028,0
T005970,U030,2026-05-23T17:41:54.867975,35.86,-22.93579,-43.19525,DEV0217,M046,0
T005971,U214,2026-05-23T19:34:11.278383,322.67,-13.0288,-38.45936,DEV0203,M025,0
T005972,U446,2026-05-24T03:16:01.595976,128.76,-23.5411,-46.65177,DEV0641,M064,0
T005973,U467,2026-05-23T09:46:42.969693,13.06,-19.83959,-43.99405,DEV0620,M045,0
T005974,U148,2026-05-22T22:49:34.931413,21.86,-30.06537,-51.16996,DEV0581,M050,0
T005975,U027,2026-05-23T16:49:01.046008,38.15,-29.99233,-51.15472,DEV0456,U491,0
T005976,U151,2026-05-23T14:12:32.173248,9.67,-15.83087,-47.83539,DEV0220,M052,0
T005977,U351,2026-05-24T11:41:23.257617,84.83,-12.93254,-38.4619,DEV0157,M086,0
T005978,U304,2026-05-23T09:16:13.152634,1411.72,-30.02987,-51.16467,DEV0664,M032,0
T005979,U380,2026-05-24T06:59:09.799991,415.46,-22.84705,-43.05718,DEV0469,M013,0
T005980,U042,2026-05-24T06:51:40.251637,1131.87,-12.99758,-38.57582,DEV0462,M010,0
T005981,U387,2026-05-23T13:22:34.969184,26.45,-12.97448,-38.49532,DEV0305,U131,0
T005982,U307,2026-05-23T12:44:50.802100,259.48,-15.73114,-47.97,DEV0322,M008,0
T005983,U368,2026-05-23T08:00:52.678779,204.23,-23.57898,-46.55901,DEV0001,U263,0
T005984,U081,2026-05-23T15:49:22.307745,141.31,-25.46485,-49.37388,DEV0489,M083,0
T005985,U175,2026-05-23T04:53:35.597338,11.51,-25.51379,-49.27132,DEV0394,M056,0
T005986,U325,2026-05-24T05:14:06.694567,246.61,-15.79585,-47.87499,DEV0236,U278,0
T005987,U439,2026-05-23T10:22:39.184353,191.75,-22.93702,-43.1546,DEV0055,M082,0
T005988,U063,2026-05-23T08:17:25.722038,182.74,-23.5765,-46.56674,DEV0692,M042,0
T005989,U384,2026-05-23T14:10:55.144084,30.86,-30.01109,-51.1894,DEV0769,M030,0
T005990,U359,2026-05-23T16:09:53.831361,214.03,-15.81712,-47.94702,DEV0210,M076,0
T005991,U069,2026-05-23T19:36:47.332612,19.44,-23.55553,-46.70424,DEV0385,M071,0
T005992,U031,2026-05-24T21:09:23.362750,4361.47,-25.42325,-49.34719,DEV0493,M059,1
T005993,U483,2026-05-23T20:16:25.344946,99128.23,-15.82679,-47.94009,DEV0376,U478,1
T005994,U032,2026-05-23T01:45:22.058317,1.33,-30.09132,-51.23195,DEV0065,M003,0
T005995,U290,2026-05-24T10:40:34.091163,21.3,-29.95654,-51.10532,DEV0485,U468,0
T005996,U297,2026-05-24T01:07:44.664278,5.06,-23.50415,-46.63244,DEV0748,U289,0
T005997,U082,2026-05-23T08:14:26.770406,884.43,-29.94733,-51.21403,DEV0338,M071,0
T005998,U276,2026-05-23T19:41:43.887225,290.76,-23.62805,-46.62364,DEV0794,M093,0
T005999,U153,2026-05-23T00:56:35.254853,75.3,-25.44727,-49.25786,DEV0453,M031,0
T006000,U379,2026-05-24T01:47:05.917041,156.19,-19.89303,-43.89211,DEV0662,U278,0
T006001,U259,2026-05-23T17:33:08.488721,405.05,-30.04336,-51.23053,DEV0106,U039,0
T006002,U350,2026-05-23T11:48:09.129432,40.42,-25.49003,-49.2421,DEV0696,M076,0
T006003,U351,2026-05-24T15:39:40.348662,71.02,-12.97792,-38.49909,DEV0157,M034,0
T006004,U420,2026-05-23T14:55:32.365108,52.05,-23.51699,-46.67239,DEV0359,M019,0
T006005,U418,2026-05-23T06:30:02.845990,186.53,-23.55757,-46.64409,DEV0115,M008,0
T006006,U093,2026-05-23T15:36:18.325898,210.64,-25.51842,-49.16796,DEV0422,U167,0
T006007,U446,2026-05-24T03:22:40.758893,134.34,-23.45934,-46.6059,DEV0641,M025,0
T006008,U204,2026-05-23T17:41:13.757948,28.03,-30.08694,-51.13613,DEV0091,M001,0
T006009,U317,2026-05-24T06:29:35.850392,569.31,-12.95932,-38.51688,DEV0139,M018,0
T006010,U284,2026-05-23T02:09:19.522446,5.64,-22.92279,-43.18209,DEV0365,U153,0
T006011,U273,2026-05-23T03:02:59.578863,25.61,-23.56711,-46.62709,DEV0645,M072,0
T006012,U098,2026-05-23T09:35:09.314967,3.36,-25.37838,-49.2837,DEV0161,M040,0
T006013,U453,2026-05-23T20:57:02.894308,5000.0,-15.84285,-47.93104,DEV0592,U205,1
T006014,U205,2026-05-23T20:57:12.894308,4950.0,-19.9173,-43.9345,DEV0039,U366,1
T006015,U366,2026-05-23T20:57:22.894308,4900.0,-23.5505,-46.6333,DEV0613,U453,1
T006016,U185,2026-05-23T05:06:25.747937,10.38,-25.43034,-49.19018,DEV0718,M092,0
T006017,U059,2026-05-24T08:08:28.048138,4.63,-23.63212,-46.62106,DEV0259,M069,0
T006018,U183,2026-05-23T14:53:33.147091,3.63,-23.56196,-46.6489,DEV0612,M024,0
T006019,U307,2026-05-23T12:57:32.959207,279.9,-15.69388,-47.88346,DEV0322,M016,0
T006020,U131,2026-05-22T21:31:01.102748,25.07,-30.03523,-51.21504,DEV0190,M024,0
T006021,U402,2026-05-23T19:09:21.993496,14.5,-30.11158,-51.23647,DEV0264,M026,0
T006022,U415,2026-05-23T08:14:33.525646,96.36,-25.4328,-49.38564,DEV0506,M049,0
T006023,U101,2026-05-24T00:17:05.437801,40.76,-23.47091,-46.63386,DEV0688,M098,0
T006024,U174,2026-05-23T09:08:48.234228,300.71,-23.59352,-46.60887,DEV0277,M050,0
T006025,U220,2026-05-23T15:59:23.054125,24.09,-20.01972,-43.93691,DEV0012,U231,0
T006026,U289,2026-05-23T19:50:47.726762,37.87,-19.90142,-43.89671,DEV0015,U311,0
T006027,U084,2026-05-23T01:50:50.518400,12.56,-30.04739,-51.19774,DEV0298,M095,0
T006028,U017,2026-05-23T22:21:27.207289,46.45,-25.46477,-49.21334,DEV0014,M051,0
T006029,U449,2026-05-23T10:01:45.869168,481.4,-25.42361,-49.27915,DEV0172,M091,0
T006030,U210,2026-05-23T12:52:24.726064,28.29,-30.02787,-51.174,DEV0508,M007,0
T006031,U156,2026-05-23T16:32:02.612540,87.13,-15.77687,-47.95407,DEV0357,M081,0
T006032,U269,2026-05-23T20:55:41.741396,53.52,-19.93561,-43.89004,DEV0093,M076,0
T006033,U205,2026-05-23T22:30:56.667062,29.09,-19.91491,-43.88393,DEV0039,U496,0
T006034,U123,2026-05-23T23:47:17.160006,24.78,-19.89641,-44.01548,DEV0246,M023,0
T006035,U367,2026-05-23T23:23:33.267064,156.11,-15.76343,-47.89765,DEV0420,U030,0
T006036,U408,2026-05-22T20:18:15.515266,14.97,-13.02628,-38.47882,DEV0548,U044,0
T006037,U363,2026-05-24T05:27:58.658209,17.7,-25.465,-49.2734,DEV0799,M020,0
T006038,U178,2026-05-24T08:44:56.369741,472.24,-15.79197,-47.9966,DEV0736,M083,0
T006039,U310,2026-05-23T11:56:14.527567,483.26,-19.87672,-43.88338,DEV0574,U181,0
T006040,U446,2026-05-24T06:00:45.771805,311.51,-23.51614,-46.65637,DEV0641,M047,0
T006041,U050,2026-05-23T16:35:00.338151,975.93,-12.94597,-38.43161,DEV0036,M032,0
T006042,U191,2026-05-23T12:13:48.175121,151.18,-30.09357,-51.2809,DEV0398,M062,0
T006043,U133,2026-05-23T03:49:02.594955,103.98,-25.41521,-49.25388,DEV0682,M041,0
T006044,U288,2026-05-23T19:18:34.441752,65.19,-22.84154,-43.18285,DEV0506,M092,0
T006045,U001,2026-05-23T15:02:14.149453,139.1,-30.03217,-51.19419,DEV0436,U278,0
T006046,U139,2026-05-24T08:37:09.419730,205.17,-25.44538,-49.34372,DEV0106,M033,0
T006047,U038,2026-05-23T13:21:07.940571,22.84,-25.41586,-49.27841,DEV0033,U203,0
T006048,U337,2026-05-23T04:45:25.961617,32.98,-29.98888,-51.19493,DEV0575,M073,0
T006049,U109,2026-05-23T08:24:42.619094,1.46,-23.53776,-46.58545,DEV0512,M057,0
T006050,U025,2026-05-23T09:55:14.961366,65.37,-22.82744,-43.06779,DEV0556,M061,0
T006051,U364,2026-05-23T18:16:40.529937,173.18,-15.77854,-47.89162,DEV0051,U167,0
T006052,U020,2026-05-23T17:37:54.758378,58.52,-30.1179,-51.18795,DEV0428,M082,0
T006053,U134,2026-05-23T14:07:09.371098,35.76,-15.73342,-47.90459,DEV0444,U192,0
T006054,U362,2026-05-23T23:01:35.711221,76.56,-12.9517,-38.43326,DEV0127,U417,0
T006055,U397,2026-05-24T07:48:08.374911,212.51,-30.03474,-51.20192,DEV0349,M095,0
T006056,U387,2026-05-23T16:46:23.379005,18.41,-13.05063,-38.48802,DEV0305,U471,0
T006057,U480,2026-05-22T23:26:16.519963,38.17,-25.42782,-49.34052,DEV0239,M026,0
T006058,U221,2026-05-24T01:06:50.160105,61.64,-15.79535,-47.93171,DEV0408,M074,0
T006059,U210,2026-05-23T16:14:35.018835,69.24,-30.03694,-51.2094,DEV0508,M003,0
T006060,U443,2026-05-23T04:05:31.880100,19.16,-19.94059,-44.0118,DEV0507,M096,0
T006061,U210,2026-05-23T18:20:49.988457,41.9,-30.03782,-51.26055,DEV0508,U007,0
T006062,U364,2026-05-23T18:24:42.051625,6.0,-15.73051,-47.91214,DEV0051,M066,0
T006063,U362,2026-05-23T23:32:10.161020,46.4,-13.01958,-38.47899,DEV0127,M002,0
T006064,U465,2026-05-23T13:43:46.404735,144.65,-22.95634,-43.148,DEV0443,M023,0
T006065,U272,2026-05-23T19:11:08.041729,84.58,-22.81244,-43.21132,DEV0534,U480,0
T006066,U450,2026-05-23T21:57:05.486442,121.17,-15.76127,-48.00309,DEV0524,M087,0
T006067,U428,2026-05-22T23:43:38.139547,34.32,-13.03583,-38.53139,DEV0342,M098,0
T006068,U063,2026-05-23T15:19:46.531509,2.21,-23.57474,-46.58445,DEV0692,M074,0
T006069,U149,2026-05-23T03:29:02.924129,54.03,-30.00872,-51.20798,DEV0076,M070,0
T006070,U266,2026-05-23T10:14:53.624220,43.61,-30.03013,-51.22663,DEV0095,M073,0
T006071,U001,2026-05-23T15:43:40.375941,392.93,-30.0734,-51.24407,DEV0436,U301,0
T006072,U437,2026-05-23T17:43:50.798958,87.7,-19.92305,-43.87878,DEV0512,M088,0
T006073,U340,2026-05-22T18:43:50.217540,45.2,-30.06499,-51.20971,DEV0198,U120,0
T006074,U082,2026-05-23T09:02:39.839256,160.67,-30.08596,-51.24011,DEV0338,M070,0
T006075,U059,2026-05-24T09:29:33.778752,1.41,-23.62325,-46.60429,DEV0259,M024,0
T006076,U211,2026-05-24T07:29:40.859729,5000.0,-23.62355,-46.59903,DEV0117,U430,1
T006077,U430,2026-05-24T07:29:50.859729,4950.0,-22.9068,-43.1729,DEV0268,U017,1
T006078,U017,2026-05-24T07:30:00.859729,4900.0,-25.4284,-49.2733,DEV0014,U211,1
T006079,U474,2026-05-23T11:04:41.177417,62.13,-22.92599,-43.08043,DEV0311,M023,0
T006080,U207,2026-05-23T03:28:00.694453,362.29,-15.79922,-47.90673,DEV0058,M096,0
T006081,U350,2026-05-23T12:17:58.215129,86.65,-25.41101,-49.26853,DEV0696,U076,0
T006082,U310,2026-05-23T13:04:26.459219,705.21,-19.88733,-44.01735,DEV0574,U004,0
T006083,U198,2026-05-24T00:53:25.417985,1.59,-13.04007,-38.44151,DEV0029,U376,0
T006084,U452,2026-05-23T00:27:01.433589,11.91,-30.10066,-51.22113,DEV0497,M021,0
T006085,U224,2026-05-23T18:26:04.807319,17.21,-25.37997,-49.34255,DEV0041,U257,0
T006086,U404,2026-05-23T15:12:25.774406,425.17,-19.95073,-43.97191,DEV0452,M054,0
T006087,U222,2026-05-23T13:09:10.164727,461.72,-22.89128,-43.08736,DEV0348,U108,0
T006088,U090,2026-05-23T07:56:29.287342,1051.6,-19.93067,-43.91668,DEV0208,M052,0
T006089,U221,2026-05-24T06:19:48.934826,369.54,-15.79645,-47.90729,DEV0408,U459,0
T006090,U184,2026-05-24T14:15:34.222898,12.54,-23.52598,-46.59459,DEV0076,U088,0
T006091,U131,2026-05-22T23:47:51.685709,64.94,-29.96133,-51.19486,DEV0190,M055,0
T006092,U022,2026-05-23T19:55:06.550812,29.85,-25.39221,-49.32411,DEV0562,M009,0
T006093,U225,2026-05-23T15:31:30.681494,7.3,-19.96079,-44.06496,DEV0502,M001,0
T006094,U386,2026-05-23T12:20:01.866878,20.67,-19.9437,-43.93433,DEV0318,U442,0
T006095,U308,2026-05-23T23:03:43.939878,19.97,-19.91043,-43.99709,DEV0004,M027,0
T006096,U250,2026-05-23T17:33:19.522594,312.23,-15.81813,-47.94585,DEV0734,M030,0
T006097,U159,2026-05-23T14:24:12.915378,44.6,-22.96013,-43.16766,DEV0659,M083,0
T006098,U010,2026-05-23T19:06:10.355733,253.0,-23.56328,-46.61931,DEV0475,M078,0
T006099,U280,2026-05-24T04:10:22.070593,465.1,-23.58452,-46.61478,DEV0008,M036,0
T006100,U261,2026-05-23T07:17:34.504148,364.17,-23.56397,-46.57757,DEV0330,M028,0
T006101,U401,2026-05-23T16:58:51.516089,13.92,-19.92352,-43.92089,DEV0051,U164,0
T006102,U329,2026-05-23T21:57:02.277006,1.99,-25.40483,-49.26501,DEV0349,M038,0
T006103,U368,2026-05-23T12:07:52.042763,67.87,-23.59315,-46.73347,DEV0001,M010,0
T006104,U050,2026-05-23T16:37:05.806720,121.23,-13.01521,-38.51643,DEV0036,U479,0
T006105,U129,2026-05-23T23:19:42.944629,92.16,-22.92687,-43.1665,DEV0800,M074,0
T006106,U327,2026-05-23T16:32:27.123439,93.1,-22.93381,-43.20788,DEV0588,U117,0
T006107,U345,2026-05-23T19:19:41.544662,59.86,-23.50916,-46.77059,DEV0411,M044,0
T006108,U425,2026-05-24T06:28:09.467258,21.17,-22.96795,-43.24359,DEV0356,U162,0
T006109,U015,2026-05-23T01:32:45.186386,92.45,-19.90162,-43.97848,DEV0647,M025,0
T006110,U307,2026-05-23T14:00:07.427203,117.18,-15.68388,-47.91752,DEV0322,U268,0
T006111,U073,2026-05-23T23:07:15.263146,2752.27,-23.57955,-46.63333,DEV0767,M012,1
T006112,U446,2026-05-24T09:21:39.677056,50.22,-23.57307,-46.58827,DEV0641,U140,0
T006113,U075,2026-05-23T08:42:50.192800,8.9,-19.8924,-43.90978,DEV0511,M062,0
T006114,U338,2026-05-23T08:33:16.109250,124.51,-23.60407,-46.69395,DEV0145,M069,0
T006115,U255,2026-05-23T17:05:43.694613,31.88,-22.9336,-43.18109,DEV0306,U383,0
T006116,U024,2026-05-23T20:08:23.419081,139.31,-25.39808,-49.32098,DEV0477,U036,0
T006117,U339,2026-05-23T15:51:52.414387,102.31,-29.98158,-51.25032,DEV0616,U420,0
T006118,U305,2026-05-23T00:21:56.048467,5.1,-30.06307,-51.19437,DEV0243,U245,0
T006119,U097,2026-05-23T16:56:23.341741,262.91,-19.99579,-43.98119,DEV0720,M044,0
T006120,U382,2026-05-23T15:10:16.752282,342.87,-25.38152,-49.28293,DEV0630,U033,0
T006121,U036,2026-05-24T02:11:52.911873,66.95,-12.96851,-38.55096,DEV0490,M023,0
T006122,U366,2026-05-24T01:17:35.087056,400.29,-23.61038,-46.64131,DEV0613,M011,1
T006123,U375,2026-05-24T02:01:30.811579,262.24,-19.9665,-43.97288,DEV0418,M071,0
T006124,U184,2026-05-24T14:19:18.568102,65.17,-23.62087,-46.661,DEV0076,M098,0
T006125,U020,2026-05-23T18:39:52.763787,113.25,-30.09498,-51.12796,DEV0428,M097,0
T006126,U172,2026-05-23T03:51:24.163211,6.31,-22.9356,-43.25075,DEV0501,M024,0
T006127,U059,2026-05-24T10:04:28.012966,34.14,-23.55994,-46.63898,DEV0259,U231,0
T006128,U001,2026-05-23T18:37:18.209683,126.15,-29.90983,-51.10076,DEV0436,U094,0
T006129,U254,2026-05-23T13:59:20.842761,42.63,-30.02339,-51.27116,DEV0422,M050,0
T006130,U237,2026-05-23T08:20:30.170102,9.75,-29.99035,-51.25122,DEV0385,U115,0
T006131,U108,2026-05-23T12:08:11.443923,7.06,-20.00278,-43.9953,DEV0516,M065,0
T006132,U425,2026-05-24T07:50:12.745543,70.5,-22.92346,-43.19065,DEV0356,M082,0
T006133,U401,2026-05-23T22:39:01.450137,6.26,-19.94774,-43.95441,DEV0051,M033,0
T006134,U190,2026-05-23T09:29:48.057015,27.08,-12.95921,-38.46377,DEV0693,M004,0
T006135,U417,2026-05-23T21:24:42.328120,497.37,-19.88461,-43.89998,DEV0727,U498,0
T006136,U061,2026-05-23T17:01:06.299180,3.5,-23.52367,-46.55555,DEV0234,U042,0
T006137,U092,2026-05-23T06:02:46.950810,1327.19,-25.394,-49.29617,DEV0587,M011,0
T006138,U295,2026-05-23T13:53:51.775554,8.85,-13.00713,-38.50824,DEV0146,M064,0
T006139,U091,2026-05-23T17:55:11.214338,440.8,-15.77831,-48.01603,DEV0120,M040,0
T006140,U390,2026-05-23T02:43:34.372175,64.14,-30.07928,-51.24973,DEV0194,M061,0
T006141,U255,2026-05-23T18:12:03.664833,140.39,-22.9967,-43.16453,DEV0306,M058,0
T006142,U080,2026-05-23T00:52:00.746966,199.56,-19.94171,-43.92781,DEV0148,M028,0
T006143,U057,2026-05-23T09:02:47.163903,38.78,-15.81158,-47.95439,DEV0225,U361,0
T006144,U357,2026-05-23T12:28:32.956017,443.19,-30.01671,-51.19284,DEV0346,M032,0
T006145,U241,2026-05-23T11:51:31.784614,854.42,-12.94449,-38.45344,DEV0714,U009,0
T006146,U485,2026-05-23T15:05:17.842769,8.08,-23.62687,-46.6202,DEV0432,U121,0
T006147,U330,2026-05-24T05:52:57.192216,58.78,-23.53039,-46.67677,DEV0229,U389,0
T006148,U473,2026-05-23T03:22:44.737552,123.96,-12.90206,-38.50358,DEV0426,M026,0
T006149,U165,2026-05-23T14:21:36.022168,11.5,-25.38067,-49.3173,DEV0577,M012,0
T006150,U183,2026-05-23T15:34:03.600548,8.64,-23.53164,-46.66284,DEV0612,M004,0
T006151,U059,2026-05-24T12:34:24.195771,3.49,-23.46723,-46.63811,DEV0259,U336,0
T006152,U168,2026-05-24T00:02:41.171163,21.3,-22.94173,-43.17215,DEV0253,M074,0
T006153,U147,2026-05-23T19:13:07.353247,169.43,-12.99246,-38.47407,DEV0272,M099,0
T006154,U306,2026-05-23T16:08:52.098009,408.68,-12.95454,-38.5587,DEV0548,U338,0
T006155,U186,2026-05-23T07:17:08.342995,302.73,-25.47146,-49.31526,DEV0506,M003,0
T006156,U105,2026-05-24T00:40:05.783146,91.05,-20.00986,-44.00439,DEV0027,M027,0
T006157,U146,2026-05-23T13:26:42.118493,444.14,-15.76628,-47.93378,DEV0118,M025,1
T006158,U050,2026-05-23T19:30:11.785410,79.05,-12.88965,-38.46268,DEV0036,M087,0
T006159,U184,2026-05-24T15:32:01.204770,16.21,-23.55871,-46.6573,DEV0076,M049,0
T006160,U018,2026-05-24T15:07:50.086244,3.19,-23.56088,-46.6422,DEV0346,M053,0
T006161,U103,2026-05-23T21:20:44.887225,354.78,-15.78635,-47.88018,DEV0670,M087,0
T006162,U414,2026-05-23T08:55:07.208289,29.09,-23.01506,-43.25666,DEV0053,M061,0
T006163,U018,2026-05-24T16:03:32.978111,89.48,-23.53662,-46.58808,DEV0346,M049,0
T006164,U454,2026-05-23T02:01:50.932949,543.6,-30.00296,-51.23036,DEV0661,M029,0
T006165,U192,2026-05-23T17:01:18.262537,273.16,-13.00449,-38.6026,DEV0163,M029,0
T006166,U399,2026-05-24T06:36:40.791702,39.72,-30.05243,-51.1619,DEV0443,M097,0
T006167,U005,2026-05-23T12:38:00.921494,45.99,-25.39574,-49.25402,DEV0664,M015,0
T006168,U497,2026-05-23T07:20:56.035598,27.72,-15.77908,-47.92386,DEV0517,M031,0
T006169,U004,2026-05-23T03:34:31.689161,483.84,-20.00557,-44.01817,DEV0459,U049,0
T006170,U322,2026-05-23T21:47:04.471849,69.55,-12.9571,-38.59956,DEV0329,U296,0
T006171,U163,2026-05-23T06:25:01.754929,39.16,-19.96388,-43.93187,DEV0380,M050,0
T006172,U152,2026-05-23T12:42:39.039225,67.85,-23.5408,-46.61401,DEV0094,U396,0
T006173,U463,2026-05-23T19:14:47.716613,5000.0,-22.92086,-43.1849,DEV0727,U340,1
T006174,U340,2026-05-23T19:14:57.716613,4950.0,-30.0346,-51.2177,DEV0198,U270,1
T006175,U270,2026-05-23T19:15:07.716613,4900.0,-12.9714,-38.5014,DEV0634,U463,1
T006176,U360,2026-05-23T20:22:47.689468,429.93,-30.03878,-51.15692,DEV0616,M014,0
T006177,U284,2026-05-23T03:09:18.347125,24.87,-22.90836,-43.12703,DEV0365,U467,0
T006178,U100,2026-05-23T06:42:48.029943,337.52,-29.95247,-51.20509,DEV0195,M068,0
T006179,U370,2026-05-23T20:38:55.062938,7.03,-12.90468,-38.51415,DEV0431,U246,0
T006180,U403,2026-05-23T00:40:09.967640,3960.56,-15.84625,-47.88489,DEV0288,U471,1
T006181,U237,2026-05-23T08:42:44.111729,6.14,-29.96395,-51.18993,DEV0385,U018,0
T006182,U041,2026-05-24T07:54:41.468852,154.74,-19.99532,-43.80124,DEV0547,M054,0
T006183,U305,2026-05-23T01:45:08.331429,20.65,-30.01271,-51.14409,DEV0243,M097,0
T006184,U340,2026-05-23T19:16:49.385208,37.23,-30.02582,-51.21951,DEV0198,U445,0
T006185,U379,2026-05-24T03:51:16.493760,33.66,-19.9693,-43.83418,DEV0662,M075,0
T006186,U009,2026-05-23T02:13:27.691102,57.43,-15.82317,-47.92667,DEV0253,U212,0
T006187,U233,2026-05-23T11:35:01.066238,121.07,-30.08525,-51.24128,DEV0177,U396,0
T006188,U249,2026-05-23T16:11:00.285730,421.4,-25.44396,-49.31612,DEV0054,M018,0
T006189,U004,2026-05-23T03:48:59.519112,3.36,-19.89995,-44.0161,DEV0459,M092,0
T006190,U491,2026-05-23T14:54:18.181240,86.98,-15.71061,-47.91338,DEV0226,M093,0
T006191,U113,2026-05-23T14:41:55.214690,473.99,-23.58495,-46.63974,DEV0302,M032,0
T006192,U336,2026-05-23T20:00:19.975953,1.98,-19.8267,-43.98314,DEV0637,U213,0
T006193,U322,2026-05-24T01:38:40.660468,33.3,-12.9429,-38.51992,DEV0329,M021,0
T006194,U314,2026-05-24T12:55:10.858333,31.75,-20.00512,-43.97335,DEV0724,M086,0
T006195,U409,2026-05-24T04:40:30.348533,284.61,-22.89282,-43.33275,DEV0514,U403,0
T006196,U180,2026-05-24T11:01:31.631637,230.13,-23.52228,-46.68144,DEV0798,M018,0
T006197,U295,2026-05-23T14:56:51.879575,16.06,-12.94785,-38.59736,DEV0146,M034,0
T006198,U061,2026-05-23T18:36:07.457713,52.49,-23.5599,-46.67383,DEV0234,M045,0
T006199,U023,2026-05-23T12:14:46.723710,12.28,-22.99238,-43.26674,DEV0390,M057,0
T006200,U468,2026-05-22T20:53:14.773592,263.63,-22.94658,-43.22026,DEV0131,M001,0
T006201,U254,2026-05-23T19:17:06.438877,129.11,-30.05153,-51.19777,DEV0422,M064,0
T006202,U028,2026-05-24T09:41:26.813085,41.22,-25.47425,-49.32505,DEV0702,U279,0
T006203,U411,2026-05-24T11:41:58.191401,383.54,-22.90107,-43.09146,DEV0707,M069,0
T006204,U473,2026-05-23T07:13:02.674536,283.45,-12.89653,-38.4596,DEV0426,U172,0
T006205,U215,2026-05-22T19:40:46.387466,941.59,-25.44054,-49.26987,DEV0438,M051,1
T006206,U262,2026-05-23T17:39:12.574924,146.57,-25.44819,-49.21722,DEV0069,M081,0
T006207,U072,2026-05-22T03:50:31.172570,4949.12,-30.04981,-51.20757,DEV0203,M008,1
T006208,U253,2026-05-24T21:42:09.972710,371.51,-15.75969,-47.78573,DEV0578,M057,0
T006209,U084,2026-05-23T02:38:00.229429,25.17,-30.00385,-51.2289,DEV0298,M077,0
T006210,U128,2026-05-24T14:12:32.312498,1.06,-15.78065,-48.01756,DEV0471,U018,0
T006211,U035,2026-05-23T05:48:58.855151,139.94,-19.98476,-43.89714,DEV0419,M052,0
T006212,U227,2026-05-23T00:27:40.841302,2.78,-12.93821,-38.53095,DEV0558,M050,0
T006213,U198,2026-05-24T01:50:45.659661,11.67,-12.9845,-38.4416,DEV0029,U064,0
T006214,U155,2026-05-24T01:40:21.412534,6.21,-30.13549,-51.20275,DEV0612,M092,0
T006215,U469,2026-05-23T14:50:53.653347,160.19,-22.89109,-43.15873,DEV0183,M046,0
T006216,U054,2026-05-23T01:03:10.926418,8.85,-25.44329,-49.22904,DEV0556,M090,0
T006217,U199,2026-05-23T06:53:12.915462,32.18,-19.87367,-43.87392,DEV0648,M024,0
T006218,U092,2026-05-23T08:10:04.493597,6.49,-25.37128,-49.24075,DEV0587,M066,0
T006219,U196,2026-05-24T05:14:29.072858,13.61,-15.76023,-47.92968,DEV0653,U383,0
T006220,U123,2026-05-24T02:12:47.884580,48.38,-19.90895,-43.94553,DEV0246,U410,0
T006221,U245,2026-05-24T08:31:59.075579,34.92,-23.6331,-46.60761,DEV0488,U055,0
T006222,U143,2026-05-24T10:46:20.852726,53.57,-30.04641,-51.19238,DEV0127,M068,0
T006223,U382,2026-05-23T15:13:19.288420,70.53,-25.29124,-49.21828,DEV0630,M059,0
T006224,U070,2026-05-23T19:08:39.945502,134.67,-22.91803,-43.09622,DEV0053,M053,0
T006225,U332,2026-05-23T09:26:43.987021,106.42,-13.02312,-38.49104,DEV0379,U071,0
T006226,U386,2026-05-23T13:28:22.592356,1.05,-19.97098,-43.94967,DEV0318,M052,0
T006227,U182,2026-05-23T11:34:20.756357,455.87,-15.82112,-47.88471,DEV0397,M013,0
T006228,U402,2026-05-23T19:49:23.633282,6.29,-29.9535,-51.24807,DEV0264,M050,0
T006229,U465,2026-05-23T16:12:00.516977,206.99,-22.92139,-43.07635,DEV0443,U324,0
T006230,U172,2026-05-23T08:24:23.961352,103.82,-22.91521,-43.1093,DEV0501,M022,0
T006231,U427,2026-05-23T17:55:22.963009,356.61,-15.77821,-47.88403,DEV0378,M006,0
T006232,U205,2026-05-24T02:34:16.797402,102.83,-19.94745,-43.92133,DEV0039,U158,0
T006233,U133,2026-05-23T05:39:46.598247,43.61,-25.47952,-49.27545,DEV0682,M061,0
T006234,U204,2026-05-23T18:20:57.007520,51.96,-30.01505,-51.21347,DEV0091,M046,0
T006235,U198,2026-05-24T02:50:29.696364,10.99,-12.97445,-38.55473,DEV0029,U139,0
T006236,U496,2026-05-23T23:12:18.322245,272.42,-23.49684,-46.63365,DEV0753,U341,1
T006237,U496,2026-05-23T23:19:02.582764,93939.85,-23.48006,-46.65617,DEV0753,M014,1
T006238,U362,2026-05-24T04:03:58.320974,38.24,-13.01228,-38.57312,DEV0127,M043,0
T006239,U108,2026-05-23T14:49:23.277863,3.32,-19.80272,-43.9979,DEV0516,U064,0
T006240,U393,2026-05-23T20:53:57.004772,319.6,-12.97142,-38.44303,DEV0055,M070,0
T006241,U233,2026-05-23T11:45:05.439764,30.21,-30.09658,-51.13952,DEV0177,U395,0
T006242,U159,2026-05-23T14:39:45.694037,69.81,-22.88968,-43.1927,DEV0659,U399,0
T006243,U057,2026-05-23T10:53:46.576054,78.73,-15.80424,-47.90963,DEV0225,M008,0
T006244,U470,2026-05-23T11:31:19.934767,682.44,-30.06818,-51.08227,DEV0527,U172,0
T006245,U443,2026-05-23T04:20:55.455436,731.32,-19.9164,-43.86133,DEV0792,M023,1
T006246,U208,2026-05-24T07:32:05.462554,81.01,-12.98337,-38.58115,DEV0361,U091,0
T006247,U277,2026-05-23T04:42:25.554710,4.46,-23.49545,-46.55954,DEV0214,M011,0
T006248,U096,2026-05-23T04:03:20.693541,240.51,-22.97567,-43.02348,DEV0338,U275,0
T006249,U045,2026-05-24T03:21:22.158806,68.05,-30.05898,-51.18425,DEV0554,M096,0
T006250,U117,2026-05-23T18:27:38.756509,27.85,-22.81924,-43.17484,DEV0793,M058,0
T006251,U001,2026-05-23T20:38:54.496689,407.11,-30.0662,-51.26789,DEV0436,M041,1
T006252,U377,2026-05-23T00:07:03.659552,273.23,-23.64285,-46.63082,DEV0180,U247,0
T006253,U232,2026-05-23T13:32:15.374255,55.33,-15.7559,-47.79798,DEV0065,U106,0
T006254,U278,2026-05-23T22:35:31.777958,95.63,-15.7361,-47.91833,DEV0107,M046,0
T006255,U169,2026-05-24T00:51:07.452190,35.03,-19.98111,-43.95861,DEV0727,M033,0
T006256,U136,2026-05-24T17:51:56.244592,4.66,-12.87594,-38.48605,DEV0103,M005,0
T006257,U474,2026-05-23T13:28:09.954976,100.96,-22.96576,-43.08938,DEV0311,U450,0
T006258,U377,2026-05-23T01:13:36.577424,195.7,-23.52595,-46.54764,DEV0180,U351,0
T006259,U384,2026-05-23T14:37:35.377199,74.99,-30.04105,-51.17867,DEV0769,M008,0
T006260,U448,2026-05-23T21:38:46.631347,11.75,-29.99802,-51.21279,DEV0131,M018,0
T006261,U287,2026-05-23T04:45:06.326560,5000.0,-19.83306,-43.94499,DEV0751,U356,1
T006262,U356,2026-05-23T04:45:16.326560,4950.0,-22.9068,-43.1729,DEV0550,U255,1
T006263,U255,2026-05-23T04:45:26.326560,4900.0,-22.9068,-43.1729,DEV0306,U287,1
T006264,U156,2026-05-23T16:37:17.394482,21.67,-15.80265,-47.92255,DEV0357,M005,0
T006265,U100,2026-05-23T06:45:44.033851,113.45,-30.10016,-51.13313,DEV0195,M055,0
T006266,U027,2026-05-23T18:14:39.245640,162.55,-30.00252,-51.2702,DEV0456,M065,0
T006267,U080,2026-05-23T04:18:12.473276,128.82,-19.991,-43.84952,DEV0148,M095,0
T006268,U214,2026-05-23T22:02:48.333911,1308.23,-13.07248,-38.48219,DEV0203,U314,0
T006269,U070,2026-05-23T23:01:57.687063,84.38,-22.84747,-43.12051,DEV0053,M061,0
T006270,U066,2026-05-23T13:05:20.252787,1144.78,-13.05341,-38.48268,DEV0625,U095,0
T006271,U359,2026-05-23T16:14:15.897276,78.88,-15.80633,-47.96818,DEV0210,M083,0
T006272,U295,2026-05-23T16:26:35.449222,21.01,-12.91717,-38.50694,DEV0146,M025,0
T006273,U122,2026-05-23T12:56:20.968790,130.69,-23.61432,-46.61492,DEV0104,M017,0
T006274,U238,2026-05-23T07:38:47.051293,270.9,-30.07365,-51.15539,DEV0518,M039,0
T006275,U158,2026-05-24T01:44:48.155841,24.25,-22.95786,-43.22899,DEV0180,U389,0
T006276,U024,2026-05-23T21:48:58.122943,31.85,-25.4953,-49.21511,DEV0477,M031,0
T006277,U076,2026-05-24T13:13:45.300047,57.5,-23.52147,-46.69144,DEV0201,M011,0
T006278,U429,2026-05-24T05:44:47.919825,375.73,-23.60749,-46.57563,DEV0287,M038,0
T006279,U328,2026-05-24T11:00:26.673081,28.13,-23.57676,-46.67839,DEV0296,M049,0
T006280,U265,2026-05-23T13:12:31.516295,1.63,-19.84254,-43.89312,DEV0111,M082,0
T006281,U210,2026-05-23T20:29:49.015622,42.22,-30.07568,-51.18222,DEV0508,U240,0
T006282,U095,2026-05-23T20:51:38.368994,742.67,-23.59882,-46.59802,DEV0099,U210,0
T006283,U133,2026-05-23T10:37:50.338961,78073.96,-25.37015,-49.30299,DEV0682,M099,1
T006284,U002,2026-05-23T14:50:42.763046,516.67,-19.87251,-43.88291,DEV0072,M004,0
T006285,U195,2026-05-23T13:11:26.391687,296.4,-23.54218,-46.68269,DEV0253,M023,0
T006286,U044,2026-05-24T01:37:27.141886,112.91,-15.82395,-47.93717,DEV0795,U244,0
T006287,U006,2026-05-23T05:42:05.190889,544.71,-12.97909,-38.53289,DEV0770,M030,0
T006288,U257,2026-05-22T23:44:02.211941,128.41,-30.01181,-51.24744,DEV0308,M037,0
T006289,U347,2026-05-23T06:45:57.438620,115.98,-22.90186,-43.25337,DEV0517,U313,0
T006290,U278,2026-05-23T23:14:41.533071,575.29,-15.84716,-47.93324,DEV0107,M049,0
T006291,U407,2026-05-23T05:02:47.689507,171.09,-23.59997,-46.6337,DEV0151,M018,0
T006292,U094,2026-05-23T09:37:33.484828,221.88,-15.7813,-47.91246,DEV0227,M052,0
T006293,U459,2026-05-23T08:29:52.621459,74.16,-23.02322,-43.19044,DEV0016,U310,0
T006294,U171,2026-05-23T00:23:10.883249,17.96,-19.9363,-43.89043,DEV0617,M057,0
T006295,U201,2026-05-23T08:14:51.153064,961.42,-30.09925,-51.22514,DEV0327,U253,0
T006296,U012,2026-05-24T00:20:42.267335,59493.84,-29.95469,-51.15637,DEV0190,M025,1
T006297,U430,2026-05-24T07:43:42.976943,229.36,-22.95114,-43.20145,DEV0268,U249,0
T006298,U355,2026-05-23T10:10:52.113591,89.74,-12.94686,-38.3905,DEV0660,M043,0
T006299,U288,2026-05-23T22:46:39.709465,89.19,-22.9353,-43.21623,DEV0506,M046,0
T006300,U256,2026-05-23T09:25:12.443785,30.12,-15.75085,-48.04951,DEV0335,M009,0
T006301,U487,2026-05-23T10:01:57.958375,15.16,-23.46734,-46.59183,DEV0344,U255,0
T006302,U267,2026-05-23T05:48:53.133447,216.45,-25.32528,-49.29451,DEV0360,M001,0
T006303,U320,2026-05-23T16:32:17.661015,50.2,-22.83184,-43.13483,DEV0172,U251,0
T006304,U231,2026-05-23T12:24:59.650276,15.31,-12.8751,-38.514,DEV0119,M091,0
T006305,U176,2026-05-23T09:43:26.621549,113.19,-19.97363,-43.91979,DEV0689,M092,0
T006306,U033,2026-05-23T07:03:51.253675,55.38,-23.47167,-46.56593,DEV0344,M021,0
T006307,U076,2026-05-24T14:11:45.452955,22.77,-23.58799,-46.69746,DEV0201,M050,0
T006308,U272,2026-05-23T22:18:27.901504,48.17,-22.93288,-43.19034,DEV0534,U032,0
T006309,U248,2026-05-23T10:51:23.307799,25.35,-15.75751,-47.85176,DEV0771,U357,0
T006310,U268,2026-05-23T07:47:36.672970,81.78,-23.51365,-46.69116,DEV0195,U419,0
T006311,U210,2026-05-23T22:32:28.019443,2713.37,-30.0701,-51.29734,DEV0508,M090,1
T006312,U142,2026-05-23T05:18:22.916104,989.71,-13.00049,-38.51066,DEV0474,M040,0
T006313,U454,2026-05-23T04:24:12.181020,43.4,-29.92738,-51.1718,DEV0661,U181,0
T006314,U287,2026-05-23T10:17:30.449610,4.59,-19.93472,-43.92268,DEV0751,M090,0
T006315,U185,2026-05-23T06:31:19.653620,69.96,-25.45261,-49.33878,DEV0718,U322,0
T006316,U097,2026-05-23T17:35:55.960789,376.56,-19.88378,-44.00078,DEV0720,M024,0
T006317,U079,2026-05-23T03:19:43.728161,477.45,-19.91696,-43.91,DEV0346,M077,0
T006318,U274,2026-05-23T20:43:28.564334,57.29,-22.9321,-43.1088,DEV0046,M057,0
T006319,U075,2026-05-23T10:05:51.866834,47.45,-19.95808,-43.84883,DEV0511,M050,0
T006320,U328,2026-05-24T11:34:42.607738,160.77,-23.56916,-46.57895,DEV0296,M095,0
T006321,U395,2026-05-23T16:54:27.481755,124.03,-22.96904,-43.1732,DEV0380,M087,0
T006322,U094,2026-05-23T10:28:42.747568,38.41,-15.7443,-47.92869,DEV0227,M034,0
T006323,U061,2026-05-23T19:50:42.019468,37.34,-23.56651,-46.6493,DEV0234,M031,0
T006324,U479,2026-05-23T21:16:55.373924,50.53,-25.34502,-49.26178,DEV0697,U155,0
T006325,U280,2026-05-24T04:44:23.937354,19.22,-23.54679,-46.59371,DEV0008,M078,0
T006326,U082,2026-05-23T12:38:02.178190,98.78,-30.01725,-51.17445,DEV0338,U083,0
T006327,U433,2026-05-23T17:24:11.190839,65.65,-15.78139,-47.8242,DEV0576,M080,0
T006328,U011,2026-05-23T10:48:00.300174,329.72,-22.88609,-43.15868,DEV0476,M100,0
T006329,U273,2026-05-23T03:34:29.037071,64.39,-23.68683,-46.61752,DEV0645,M007,0
T006330,U334,2026-05-24T00:21:19.757722,289.92,-22.93103,-43.1164,DEV0089,M021,0
T006331,U001,2026-05-24T02:22:52.633360,475.86,-30.00565,-51.28866,DEV0436,M041,0
T006332,U148,2026-05-22T23:28:59.446577,123.55,-30.00886,-51.29173,DEV0581,M038,0
T006333,U058,2026-05-23T07:13:42.391543,672.42,-19.93986,-43.93626,DEV0633,M094,0
T006334,U068,2026-05-24T05:11:18.911340,6.9,-25.43609,-49.32161,DEV0566,M031,0
T006335,U358,2026-05-23T22:01:12.020735,104.31,-25.44944,-49.26765,DEV0218,M044,0
T006336,U103,2026-05-24T01:41:57.604135,561.2,-15.74663,-47.86721,DEV0670,M038,0
T006337,U092,2026-05-23T11:10:00.991984,519.78,-25.38043,-49.2804,DEV0587,M078,0
T006338,U249,2026-05-23T17:37:12.755092,402.56,-25.48775,-49.28818,DEV0054,M031,0
T006339,U313,2026-05-23T09:55:01.346609,41.66,-15.79479,-47.93701,DEV0410,M077,0
T006340,U246,2026-05-24T08:55:12.906975,19.12,-25.49562,-49.29122,DEV0095,M083,0
T006341,U387,2026-05-23T20:17:37.344753,17.85,-12.97134,-38.51708,DEV0305,M019,0
T006342,U317,2026-05-24T08:24:05.303550,39.55,-12.87587,-38.52739,DEV0139,M005,0
T006343,U444,2026-05-22T21:11:45.587497,197.16,-22.86961,-43.21954,DEV0201,M081,0
T006344,U028,2026-05-24T09:45:11.776677,53.53,-25.41191,-49.21673,DEV0702,M059,0
T006345,U167,2026-05-23T15:08:05.489215,22.61,-13.0034,-38.5048,DEV0012,M027,0
T006346,U163,2026-05-23T14:43:20.168830,29.06,-19.97276,-43.90222,DEV0380,M097,0
T006347,U008,2026-05-23T05:48:56.979935,38.67,-13.02089,-38.37745,DEV0161,M036,0
T006348,U107,2026-05-23T14:09:10.928110,41.39,-23.57164,-46.70924,DEV0453,M039,0
T006349,U152,2026-05-23T16:33:24.164250,624.45,-23.58729,-46.63018,DEV0094,M087,0
T006350,U421,2026-05-23T07:08:05.464591,72.64,-15.77108,-47.89573,DEV0235,M058,0
T006351,U300,2026-05-24T06:28:37.398875,552.31,-19.96275,-44.00019,DEV0741,M100,0
T006352,U346,2026-05-23T07:02:04.426719,212.17,-15.72924,-48.00542,DEV0196,M078,0
T006353,U369,2026-05-23T21:23:41.823901,307.13,-29.99223,-51.19925,DEV0371,M019,0
T006354,U056,2026-05-23T19:17:32.773633,46.23,-29.97638,-51.16515,DEV0348,M019,0
T006355,U088,2026-05-24T04:27:41.264208,118.24,-12.88771,-38.53289,DEV0037,U024,0
T006356,U386,2026-05-23T14:05:11.537945,80.27,-19.85011,-43.90769,DEV0318,M031,0
T006357,U001,2026-05-24T03:12:25.323887,111.06,-30.04773,-51.20947,DEV0436,U401,0
T006358,U119,2026-05-24T15:23:59.793960,23.94,-15.81884,-47.92138,DEV0792,M058,0
T006359,U355,2026-05-23T13:23:53.292660,455.16,-12.97969,-38.47667,DEV0660,U257,1
T006360,U352,2026-05-23T16:05:39.994991,20.27,-25.44065,-49.21773,DEV0685,M041,0
T006361,U022,2026-05-23T20:27:23.390040,122.02,-25.3286,-49.30164,DEV0562,M041,0
T006362,U367,2026-05-24T01:49:11.790476,92.0,-15.91377,-47.91466,DEV0420,M078,0
T006363,U068,2026-05-24T09:30:04.862682,3.64,-25.39548,-49.32817,DEV0566,M029,0
T006364,U342,2026-05-23T23:41:34.346380,170.73,-25.37884,-49.29515,DEV0015,U229,0
T006365,U125,2026-05-23T10:01:50.291475,471.47,-19.94663,-43.92901,DEV0408,M097,0
T006366,U256,2026-05-23T11:35:11.256390,254.96,-15.78695,-47.84957,DEV0335,M030,0
T006367,U265,2026-05-23T14:06:56.021181,8.87,-19.99719,-43.85932,DEV0111,M037,0
T006368,U136,2026-05-24T19:19:08.043548,11.23,-13.03028,-38.46607,DEV0103,M032,0
T006369,U056,2026-05-24T02:20:22.465538,82.18,-30.06511,-51.1324,DEV0348,U298,0
T006370,U435,2026-05-23T02:13:27.206346,54.93,-13.04808,-38.47968,DEV0292,M048,0
T006371,U332,2026-05-23T11:05:50.185618,157.57,-12.922,-38.49415,DEV0379,M092,0
T006372,U199,2026-05-23T09:49:31.124201,46.66,-19.98331,-43.97841,DEV0648,M040,0
T006373,U197,2026-05-23T00:35:21.032188,300.71,-23.48846,-46.68612,DEV0795,M076,0
T006374,U054,2026-05-23T02:12:12.075349,46.85,-25.44415,-49.24887,DEV0556,U107,0
T006375,U403,2026-05-23T18:32:04.185718,2048.72,-15.82624,-47.91618,DEV0288,M051,0
T006376,U072,2026-05-23T01:03:32.005363,1.06,-30.00699,-51.29422,DEV0203,M012,0
T006377,U432,2026-05-23T18:44:10.273470,16.73,-23.56419,-46.60174,DEV0476,M051,0
T006378,U043,2026-05-23T10:02:59.106302,14.07,-12.9918,-38.46006,DEV0218,U474,0
T006379,U088,2026-05-24T08:41:23.481274,17.44,-12.94343,-38.51476,DEV0037,M039,0
T006380,U080,2026-05-23T06:53:09.159495,138.24,-19.83406,-43.98063,DEV0148,M018,0
T006381,U298,2026-05-23T00:41:56.136791,37.39,-23.49372,-46.6464,DEV0613,M060,0
T006382,U266,2026-05-23T10:32:13.292339,73.23,-29.95525,-51.20162,DEV0095,M038,0
T006383,U194,2026-05-23T14:47:27.661631,393.73,-23.50453,-46.6867,DEV0074,M074,0
T006384,U220,2026-05-23T21:20:37.139078,178.72,-19.94873,-43.99164,DEV0012,U421,0
T006385,U052,2026-05-23T08:21:35.190605,41.58,-25.39135,-49.32642,DEV0578,M079,0
T006386,U492,2026-05-23T15:51:11.884172,32.83,-25.36326,-49.32307,DEV0772,M060,0
T006387,U476,2026-05-23T17:26:51.109966,21.75,-12.92276,-38.4545,DEV0141,U490,0
T006388,U218,2026-05-24T08:52:09.386910,37.29,-23.55879,-46.6145,DEV0373,M063,0
T006389,U204,2026-05-24T00:52:30.138930,11.33,-30.0545,-51.26687,DEV0091,M032,0
T006390,U013,2026-05-23T07:52:45.788538,10.72,-15.78761,-47.8784,DEV0563,M007,0
T006391,U490,2026-05-23T11:47:18.311293,132.84,-30.03991,-51.20372,DEV0302,U360,0
T006392,U283,2026-05-23T15:56:31.185581,54.61,-22.89073,-43.17567,DEV0028,U060,0
T006393,U393,2026-05-23T22:32:38.441460,704.85,-12.97511,-38.52741,DEV0055,M026,0
T006394,U384,2026-05-23T21:06:36.133693,13.14,-29.95353,-51.21268,DEV0769,M057,0
T006395,U368,2026-05-23T13:11:56.594270,431.48,-23.67778,-46.61383,DEV0001,U130,1
T006396,U046,2026-05-23T17:40:34.326709,230.74,-19.87793,-43.94935,DEV0575,U231,0
T006397,U320,2026-05-23T16:46:19.362127,2.33,-22.90953,-43.17041,DEV0172,M045,0
T006398,U455,2026-05-24T11:29:20.650562,20.66,-12.96137,-38.54301,DEV0374,U010,0
T006399,U285,2026-05-23T17:05:03.516091,74.34,-19.97633,-43.9907,DEV0312,M056,0
T006400,U018,2026-05-24T18:38:56.421683,27.31,-23.47307,-46.66782,DEV0346,M081,0
T006401,U160,2026-05-23T07:20:21.986903,73041.23,-23.56458,-46.58459,DEV0325,M078,1
T006402,U423,2026-05-23T09:16:54.439614,22.83,-22.89812,-43.07541,DEV0727,M089,0
T006403,U457,2026-05-23T06:07:18.376168,11.62,-30.04523,-51.19583,DEV0571,M031,0
T006404,U243,2026-05-23T08:20:18.194055,88.11,-15.70274,-47.8691,DEV0001,M073,0
T006405,U250,2026-05-23T17:43:13.327909,18.42,-15.7973,-48.02259,DEV0734,M009,0
T006406,U002,2026-05-23T17:09:55.503652,30.62,-19.90284,-43.97157,DEV0072,U005,0
T006407,U374,2026-05-23T02:33:24.579711,11.47,-19.92088,-43.9639,DEV0386,U460,0
T006408,U263,2026-05-24T05:51:04.576895,35.81,-12.93764,-38.48969,DEV0450,M058,0
T006409,U341,2026-05-23T09:06:52.099657,78.22,-30.04469,-51.26863,DEV0179,U115,0
T006410,U430,2026-05-24T07:49:36.452588,83106.58,-22.92498,-43.15533,DEV0268,M090,1
T006411,U118,2026-05-23T11:08:56.117896,83.28,-15.809,-47.93066,DEV0570,M039,0
T006412,U303,2026-05-23T11:27:37.567096,20.31,-15.71738,-47.85252,DEV0446,M099,0
T006413,U486,2026-05-22T21:47:43.303445,24.43,-15.72842,-47.87551,DEV0585,M069,0
T006414,U115,2026-05-24T01:59:33.616462,34.03,-30.05703,-51.18638,DEV0253,M028,0
T006415,U152,2026-05-23T20:39:39.135086,150.46,-23.64011,-46.61328,DEV0094,M081,0
T006416,U058,2026-05-23T08:54:22.182508,277.6,-19.89718,-43.96011,DEV0633,U121,0
T006417,U228,2026-05-23T18:08:54.180172,273.61,-15.76484,-47.93203,DEV0594,M021,0
T006418,U158,2026-05-24T04:31:08.907549,82.11,-22.91884,-43.15359,DEV0180,U420,0
T006419,U370,2026-05-23T20:46:28.145910,27.73,-12.95617,-38.48377,DEV0431,U148,0
T006420,U299,2026-05-23T21:54:46.086245,180.45,-22.93514,-43.12986,DEV0320,M023,0
T006421,U382,2026-05-23T16:58:12.556314,467.78,-25.41611,-49.31059,DEV0630,M032,0
T006422,U179,2026-05-23T23:39:09.248778,498.65,-23.61554,-46.58432,DEV0695,M044,0
T006423,U158,2026-05-24T06:17:19.386706,189.72,-22.81055,-43.1579,DEV0180,M072,0
T006424,U237,2026-05-23T09:12:57.876988,14.35,-30.01279,-51.28495,DEV0385,M078,0
T006425,U456,2026-05-24T17:47:28.567050,185.18,-23.5697,-46.63903,DEV0466,M099,0
T006426,U220,2026-05-24T00:04:53.974849,35.04,-19.94329,-43.91009,DEV0012,U225,0
T006427,U138,2026-05-24T02:47:24.616541,706.3,-30.00944,-51.29211,DEV0656,M096,0
T006428,U166,2026-05-23T07:11:19.907671,23.37,-22.94085,-43.1889,DEV0043,M043,0
T006429,U124,2026-05-24T04:46:18.889918,350.55,-12.99512,-38.50472,DEV0682,U284,0
T006430,U086,2026-05-24T02:50:51.390163,132.32,-23.59603,-46.5912,DEV0572,M071,0
T006431,U336,2026-05-23T20:48:11.217826,105.43,-19.85058,-43.96556,DEV0637,M071,0
T006432,U491,2026-05-23T15:10:13.215961,28.91,-15.7832,-47.94499,DEV0226,M052,0
T006433,U001,2026-05-24T07:58:33.585117,264.74,-30.1408,-51.19395,DEV0436,M014,0
T006434,U345,2026-05-23T21:42:46.147625,86.83,-23.60976,-46.6993,DEV0411,M020,0
T006435,U348,2026-05-23T10:21:57.220480,99536.01,-23.56358,-46.58516,DEV0118,U090,1
T006436,U014,2026-05-23T17:08:07.955518,13.94,-25.3942,-49.18542,DEV0505,M087,0
T006437,U237,2026-05-23T11:02:02.684860,4.21,-29.99989,-51.23216,DEV0385,U288,0
T006438,U292,2026-05-23T02:15:26.308702,1.68,-22.8554,-43.17508,DEV0126,M039,0
T006439,U368,2026-05-23T14:58:40.108948,13.86,-23.52507,-46.71176,DEV0001,U361,0
T006440,U039,2026-05-24T02:30:10.464268,44.46,-30.07644,-51.17789,DEV0574,M036,0
T006441,U076,2026-05-24T14:17:20.953032,130.17,-23.48164,-46.63553,DEV0201,U344,0
T006442,U021,2026-05-24T06:10:27.645981,216.88,-29.97332,-51.19873,DEV0035,U033,0
T006443,U030,2026-05-23T19:16:05.148239,206.39,-22.90823,-43.14375,DEV0217,M035,0
T006444,U437,2026-05-23T21:17:02.577013,45.98,-20.03416,-44.06118,DEV0512,M053,0
T006445,U409,2026-05-24T09:18:31.915572,135.76,-22.85145,-43.2075,DEV0514,M049,0
T006446,U431,2026-05-23T20:19:23.839071,103.64,-12.98075,-38.47779,DEV0455,M065,0
T006447,U196,2026-05-24T08:13:11.560622,17.76,-15.87726,-47.9125,DEV0653,M032,0
T006448,U158,2026-05-24T06:47:18.841708,23.33,-22.86914,-43.20607,DEV0180,M021,0
T006449,U416,2026-05-23T09:05:18.176654,68.29,-23.56943,-46.67824,DEV0714,M004,0
T006450,U129,2026-05-23T23:43:53.697396,41.76,-22.92818,-43.19632,DEV0800,U024,0
T006451,U184,2026-05-24T18:58:21.536325,84.45,-23.50432,-46.56206,DEV0076,M004,0
T006452,U193,2026-05-23T03:06:37.243177,10.55,-19.90317,-43.90244,DEV0658,U097,0
T006453,U100,2026-05-23T07:08:17.206870,94.74,-30.02967,-51.18671,DEV0195,M032,0
T006454,U213,2026-05-23T08:52:00.936670,9.7,-12.94862,-38.57352,DEV0149,M070,0
T006455,U171,2026-05-23T01:32:35.064797,207.32,-19.9036,-43.88006,DEV0617,M071,0
T006456,U012,2026-05-24T02:38:34.997598,16.31,-29.96742,-51.24265,DEV0190,M072,0
T006457,U282,2026-05-23T23:34:36.098502,288.2,-30.06909,-51.18355,DEV0056,M005,0
T006458,U338,2026-05-23T10:58:07.012181,417.27,-23.57305,-46.62775,DEV0145,M052,0
T006459,U455,2026-05-24T16:43:34.879247,31.6,-13.00049,-38.51779,DEV0374,M059,0
T006460,U037,2026-05-23T17:56:58.827540,83509.48,-23.54337,-46.58499,DEV0028,U434,1
T006461,U499,2026-05-23T04:31:35.667322,149.54,-19.83572,-43.94894,DEV0020,M031,0
T006462,U059,2026-05-24T13:25:54.738981,9.33,-23.58653,-46.68222,DEV0259,M069,0
T006463,U379,2026-05-24T09:29:52.737606,5.51,-19.91017,-43.95262,DEV0662,M053,0
T006464,U446,2026-05-24T10:06:13.976576,344.57,-23.58106,-46.57,DEV0641,M027,0
T006465,U307,2026-05-23T15:10:07.770566,99.25,-15.82107,-47.90411,DEV0322,M097,0
T006466,U054,2026-05-23T08:26:19.008944,61.84,-25.34011,-49.30232,DEV0556,U183,0
T006467,U017,2026-05-24T11:51:23.080541,221.52,-25.43289,-49.322,DEV0014,M010,0
T006468,U168,2026-05-24T01:09:49.213960,22.79,-22.90355,-43.24684,DEV0253,M084,0
T006469,U161,2026-05-23T04:33:59.387709,2.09,-30.02746,-51.22428,DEV0258,U156,0
T006470,U172,2026-05-23T09:29:49.844365,137.55,-22.97613,-43.11006,DEV0501,M098,0
T006471,U437,2026-05-23T23:24:48.946285,3.69,-19.94667,-43.82483,DEV0512,M039,0
T006472,U490,2026-05-23T14:25:11.067099,7.72,-29.99748,-51.19108,DEV0302,M069,0
T006473,U386,2026-05-23T15:21:12.326976,28.64,-19.82742,-43.96528,DEV0318,M036,0
T006474,U254,2026-05-23T22:38:15.020610,70906.81,-30.06769,-51.23348,DEV0422,U202,1
T006475,U203,2026-05-23T00:23:22.692522,57.09,-19.92848,-43.87595,DEV0445,U240,0
T006476,U209,2026-05-23T20:44:38.596237,6.57,-19.85162,-43.8408,DEV0348,M094,0
T006477,U418,2026-05-23T07:16:46.549921,95.1,-23.60299,-46.60075,DEV0115,U459,0
T006478,U317,2026-05-24T12:25:28.855961,1099.22,-12.98866,-38.43271,DEV0139,U492,0
T006479,U195,2026-05-23T13:34:51.355556,165.03,-23.58148,-46.5735,DEV0253,U319,0
T006480,U228,2026-05-23T20:12:55.522854,41.92,-22.9068,-43.1729,DEV0594,M053,1
T006481,U293,2026-05-23T14:31:18.544977,301.35,-23.55113,-46.67244,DEV0525,M069,0
T006482,U156,2026-05-23T18:28:44.606835,12.87,-15.74208,-47.89514,DEV0357,M037,0
T006483,U499,2026-05-23T04:54:10.606994,1164.24,-19.90026,-43.9406,DEV0020,M052,0
T006484,U402,2026-05-23T21:00:11.291375,4801.78,-30.12195,-51.16113,DEV0264,U140,1
T006485,U185,2026-05-23T08:07:06.931981,31.13,-25.36914,-49.32232,DEV0718,U055,0
T006486,U499,2026-05-23T07:11:26.371054,1828.65,-20.08608,-43.81907,DEV0020,U381,0
T006487,U416,2026-05-23T11:11:05.120879,34.73,-23.50302,-46.69517,DEV0714,M045,0
T006488,U261,2026-05-23T11:37:27.436931,496.9,-23.45768,-46.65135,DEV0330,M099,0
T006489,U196,2026-05-24T10:22:27.632344,31.29,-15.8747,-47.92993,DEV0653,M033,0
T006490,U460,2026-05-23T10:09:55.206704,81.65,-30.00733,-51.31271,DEV0794,M100,0
T006491,U225,2026-05-23T15:50:16.000869,10.94,-19.86454,-43.90249,DEV0502,M087,0
T006492,U394,2026-05-23T02:46:13.138558,779.63,-22.97855,-43.2013,DEV0458,M016,0
T006493,U129,2026-05-24T04:02:35.750371,106.95,-22.98887,-43.19508,DEV0800,M096,0
T006494,U121,2026-05-23T11:26:58.804274,28.02,-19.89114,-43.91708,DEV0490,U466,0
T006495,U301,2026-05-23T04:55:02.498332,1.63,-12.90662,-38.45338,DEV0662,U253,0
T006496,U102,2026-05-23T15:24:03.169511,7.9,-19.90474,-43.89374,DEV0470,U487,0
T006497,U021,2026-05-24T07:35:16.071587,421.52,-30.08624,-51.19533,DEV0035,U306,0
T006498,U217,2026-05-23T11:58:31.236292,50.53,-23.5235,-46.6311,DEV0526,M010,0
T006499,U451,2026-05-23T09:57:11.026457,219.12,-25.55595,-49.28544,DEV0017,U488,0
T006500,U372,2026-05-23T02:15:11.843477,44.93,-12.96699,-38.4724,DEV0666,M019,0
T006501,U335,2026-05-23T17:04:30.713108,206.76,-29.94059,-51.2457,DEV0616,M034,0
T006502,U462,2026-05-23T18:21:46.329987,37.52,-13.03383,-38.46502,DEV0519,M081,0
T006503,U452,2026-05-23T00:52:30.648918,32.08,-30.1042,-51.26187,DEV0497,M038,0
T006504,U411,2026-05-24T13:25:20.180857,155.81,-22.86157,-43.08651,DEV0707,M078,0
T006505,U413,2026-05-23T14:29:16.953036,5000.0,-15.84232,-47.85857,DEV0256,U499,1
T006506,U499,2026-05-23T14:29:26.953036,4950.0,-19.9173,-43.9345,DEV0020,U439,1
T006507,U439,2026-05-23T14:29:36.953036,4900.0,-22.9068,-43.1729,DEV0055,U413,1
T006508,U105,2026-05-24T01:34:12.978794,163.95,-19.87913,-43.97438,DEV0027,M088,0
T006509,U009,2026-05-23T04:30:53.248337,106.48,-15.80877,-47.90672,DEV0253,M095,0
T006510,U459,2026-05-23T14:59:24.198389,93.94,-22.94202,-43.14015,DEV0016,M019,0
T006511,U068,2026-05-24T09:56:01.543663,14.08,-25.43908,-49.19798,DEV0566,U361,0
T006512,U053,2026-05-23T07:43:17.743143,190.81,-15.76027,-48.00373,DEV0646,U335,0
T006513,U482,2026-05-23T13:11:26.392277,9.71,-23.54687,-46.6052,DEV0689,M064,0
T006514,U177,2026-05-24T14:09:05.434014,101.17,-25.42339,-49.32413,DEV0096,M094,0
T006515,U169,2026-05-24T04:35:51.841197,23.57,-19.81864,-44.0289,DEV0727,M083,0
T006516,U165,2026-05-23T14:51:06.711452,72.61,-25.34792,-49.27477,DEV0577,M050,0
T006517,U472,2026-05-23T07:13:10.309448,141.81,-12.97557,-38.57493,DEV0722,M066,0
T006518,U046,2026-05-24T01:20:04.809536,1196.63,-19.92712,-43.95772,DEV0575,M045,0
T006519,U225,2026-05-23T18:06:55.380472,28.96,-19.98964,-43.88457,DEV0502,M008,0
T006520,U181,2026-05-23T16:42:55.883590,11.92,-15.90954,-47.90461,DEV0596,U328,0
T006521,U027,2026-05-23T22:49:00.775617,112.65,-29.97113,-51.25373,DEV0456,M074,0
T006522,U355,2026-05-23T16:34:40.658696,9.31,-12.87936,-38.49446,DEV0660,M052,0
T006523,U289,2026-05-23T20:07:07.116880,7.54,-19.89378,-43.95082,DEV0015,M090,0
T006524,U383,2026-05-23T02:05:46.050176,7.18,-30.1293,-51.16362,DEV0701,M055,0
T006525,U455,2026-05-24T19:34:20.015042,302.89,-12.99742,-38.52199,DEV0374,M085,0
T006526,U244,2026-05-23T17:34:34.352637,68.07,-12.8544,-38.54057,DEV0772,M040,0
T006527,U491,2026-05-23T19:00:42.230973,90.17,-15.77657,-47.95907,DEV0226,M021,0
T006528,U175,2026-05-23T09:31:32.139257,20.25,-25.45804,-49.29842,DEV0394,U130,0
T006529,U166,2026-05-23T07:51:13.321534,15.94,-22.95277,-43.12703,DEV0043,M002,0
T006530,U207,2026-05-23T04:19:40.385244,416.53,-15.80488,-47.93448,DEV0058,M038,0
T006531,U148,2026-05-23T00:51:00.641013,310.55,-30.07677,-51.18899,DEV0581,M035,0
T006532,U239,2026-05-23T20:00:55.145497,2502.25,-12.9013,-38.5426,DEV0645,M015,0
T006533,U487,2026-05-23T10:04:13.429321,53.05,-23.55526,-46.59356,DEV0344,M079,0
T006534,U167,2026-05-23T17:49:10.912050,35.79,-13.01417,-38.46571,DEV0012,M012,0
T006535,U098,2026-05-23T10:37:21.542169,4.65,-25.44871,-49.25829,DEV0161,M060,0
T006536,U432,2026-05-23T21:26:06.310473,226.42,-23.52929,-46.6486,DEV0476,M081,0
T006537,U072,2026-05-23T03:55:43.473967,31.73,-30.00665,-51.11255,DEV0203,M061,0
T006538,U138,2026-05-24T05:48:51.789692,466.66,-30.01616,-51.23111,DEV0656,M015,0
T006539,U421,2026-05-23T11:06:01.232615,90.82,-15.67347,-47.96912,DEV0235,U324,0
T006540,U064,2026-05-23T12:15:21.052461,838.48,-23.55217,-46.63141,DEV0442,U185,0
T006541,U180,2026-05-24T13:27:32.215753,355.81,-23.59147,-46.65292,DEV0798,M044,0
T006542,U223,2026-05-23T07:04:52.147273,380.88,-22.86474,-43.21188,DEV0316,M086,0
T006543,U244,2026-05-23T19:52:17.135969,5.88,-12.9131,-38.49448,DEV0772,M055,0
T006544,U353,2026-05-23T05:28:57.197055,46.51,-29.98692,-51.20678,DEV0627,U003,0
T006545,U395,2026-05-23T19:23:21.661867,188.11,-22.90781,-43.20791,DEV0380,M012,0
T006546,U303,2026-05-23T11:30:18.178400,72.42,-15.76862,-47.92626,DEV0446,M004,0
T006547,U469,2026-05-23T02:57:02.324184,4830.09,-22.93167,-43.17886,DEV0183,M057,1
T006548,U070,2026-05-23T23:27:44.872833,170.54,-22.97579,-43.15844,DEV0053,U071,0
T006549,U262,2026-05-23T17:40:17.099334,365.71,-25.40812,-49.21783,DEV0069,U142,0
T006550,U243,2026-05-23T10:42:50.898519,798.55,-15.73681,-47.95069,DEV0001,U220,0
T006551,U483,2026-05-23T21:29:54.809823,127.35,-15.74156,-47.97927,DEV0376,M039,0
T006552,U027,2026-05-24T02:37:01.639701,98.23,-12.9714,-38.5014,DEV0456,M005,1
T006553,U424,2026-05-24T04:16:06.327997,97.99,-15.78749,-47.90431,DEV0146,M087,0
T006554,U155,2026-05-24T02:37:14.099108,56.93,-30.11798,-51.25782,DEV0612,M078,0
T006555,U100,2026-05-23T09:43:44.606578,457.5,-30.00091,-51.18154,DEV0195,M065,0
T006556,U413,2026-05-23T15:15:44.993980,113.83,-15.78257,-47.94598,DEV0256,M012,0
T006557,U312,2026-05-23T05:02:45.577445,100.21,-19.81993,-43.95084,DEV0173,U364,0
T006558,U346,2026-05-23T12:32:04.813209,276.05,-15.82012,-47.95797,DEV0196,U116,0
T006559,U102,2026-05-23T17:55:12.891810,52.55,-19.88993,-44.02648,DEV0470,M053,0
T006560,U176,2026-05-23T13:34:15.681928,108.66,-19.87431,-43.87421,DEV0689,U151,0
T006561,U230,2026-05-23T09:20:09.990355,367.43,-15.78775,-48.00544,DEV0242,M082,0
T006562,U419,2026-05-23T12:44:47.235887,119.26,-23.54826,-46.57967,DEV0552,M032,0
T006563,U284,2026-05-23T05:20:41.504946,2.87,-22.84202,-43.17735,DEV0365,U168,0
T006564,U375,2026-05-24T09:36:05.188837,130.53,-19.91761,-43.96701,DEV0418,M074,0
T006565,U002,2026-05-23T22:16:02.670824,5000.0,-19.90755,-43.9338,DEV0072,U377,1
T006566,U377,2026-05-23T22:16:12.670824,4950.0,-23.5505,-46.6333,DEV0180,U152,1
T006567,U152,2026-05-23T22:16:22.670824,4900.0,-23.5505,-46.6333,DEV0094,U002,1
T006568,U211,2026-05-24T07:46:14.134106,1185.69,-23.51696,-46.62245,DEV0117,U389,0
T006569,U477,2026-05-23T19:59:28.184232,8.05,-19.91098,-43.95353,DEV0039,U237,0
T006570,U189,2026-05-24T09:04:37.209038,143.08,-30.06216,-51.21842,DEV0144,M001,0
T006571,U200,2026-05-23T06:44:22.497871,71.42,-23.57067,-46.72645,DEV0342,U182,0
T006572,U096,2026-05-23T05:41:54.657348,27.58,-22.90299,-43.21351,DEV0338,M061,0
T006573,U413,2026-05-23T15:46:37.483780,6.4,-15.75661,-47.95245,DEV0256,M007,0
T006574,U302,2026-05-23T23:07:50.010553,45.81,-15.81741,-47.88829,DEV0503,M091,0
T006575,U170,2026-05-23T13:57:13.090435,77.35,-13.09975,-38.47299,DEV0602,M095,0
T006576,U491,2026-05-23T21:24:40.873078,18.57,-15.82088,-47.84553,DEV0226,U153,0
T006577,U076,2026-05-24T16:48:13.099735,100.95,-23.58328,-46.61985,DEV0201,M066,0
T006578,U225,2026-05-23T20:39:09.437175,9.16,-19.88616,-43.90566,DEV0502,M035,0
T006579,U272,2026-05-23T22:35:18.505882,27.54,-22.91922,-43.10252,DEV0534,M005,0
T006580,U194,2026-05-23T15:31:34.270731,70.29,-23.61929,-46.62765,DEV0074,M047,0
T006581,U415,2026-05-23T08:23:54.748080,34.34,-25.44896,-49.31321,DEV0506,U061,0
T006582,U353,2026-05-23T06:13:15.138741,152.19,-30.02749,-51.21326,DEV0627,M017,0
T006583,U483,2026-05-23T22:11:32.882653,94.75,-15.83123,-47.8964,DEV0376,U304,0
T006584,U145,2026-05-23T18:55:40.181013,8.64,-23.5615,-46.6769,DEV0751,M049,0
T006585,U164,2026-05-23T15:47:45.449662,416.6,-13.01753,-38.54713,DEV0691,M033,0
T006586,U458,2026-05-23T13:26:58.897840,28.68,-13.00681,-38.48355,DEV0538,U141,0
T006587,U383,2026-05-23T02:51:56.022180,31.0,-29.99047,-51.18841,DEV0701,U145,0
T006588,U460,2026-05-23T10:28:15.429263,39.21,-30.08744,-51.23784,DEV0794,U215,0
T006589,U302,2026-05-23T23:50:33.083660,16.61,-15.79496,-47.94763,DEV0503,M039,0
T006590,U186,2026-05-23T08:49:30.544335,59.82,-25.52242,-49.29313,DEV0506,M091,0
T006591,U157,2026-05-23T12:42:57.042231,78.84,-22.86643,-43.09139,DEV0758,M034,0
T006592,U310,2026-05-23T14:24:41.058250,225.96,-19.90617,-43.94599,DEV0574,M052,0
T006593,U085,2026-05-23T12:47:09.302904,1057.59,-25.43075,-49.32743,DEV0144,M011,0
T006594,U474,2026-05-23T16:40:07.041093,23.5,-22.88214,-43.16273,DEV0311,U040,0
T006595,U319,2026-05-23T17:10:25.062121,97.57,-22.97139,-43.27354,DEV0010,M039,0
T006596,U143,2026-05-24T12:28:02.435505,130.82,-30.05475,-51.20201,DEV0127,U146,0
T006597,U372,2026-05-23T05:41:34.889207,44.76,-12.92763,-38.48977,DEV0666,U359,0
T006598,U158,2026-05-24T09:34:28.819441,22.36,-22.93077,-43.12274,DEV0180,M037,0
T006599,U216,2026-05-24T06:21:54.007239,17.83,-23.50052,-46.63418,DEV0402,U323,0
T006600,U157,2026-05-23T16:04:44.759556,21.67,-22.90538,-43.1948,DEV0758,U219,0
T006601,U208,2026-05-24T10:21:17.993324,397.57,-13.04855,-38.42696,DEV0361,M056,0
T006602,U072,2026-05-23T04:00:34.046509,11.34,-30.03474,-51.22716,DEV0203,M077,0
T006603,U060,2026-05-24T00:10:59.948012,26.61,-19.93723,-43.87804,DEV0649,M097,0
T006604,U322,2026-05-24T03:48:31.397461,119.47,-12.9622,-38.60589,DEV0329,M085,0
T006605,U278,2026-05-23T23:39:27.096574,995.48,-15.66818,-47.99991,DEV0107,M065,0
T006606,U474,2026-05-23T17:33:53.294271,5000.0,-22.97107,-43.21123,DEV0311,U400,1
T006607,U400,2026-05-23T17:34:03.294271,4950.0,-15.7801,-47.9292,DEV0761,U124,1
T006608,U124,2026-05-23T17:34:13.294271,4900.0,-12.9714,-38.5014,DEV0682,U474,1
T006609,U113,2026-05-23T19:38:02.605457,873.26,-23.58177,-46.63943,DEV0302,U441,0
T006610,U200,2026-05-23T08:16:53.036922,264.66,-23.5624,-46.6413,DEV0342,M058,0
T006611,U232,2026-05-23T13:53:41.506926,19.66,-15.86847,-47.84274,DEV0065,M043,0
T006612,U218,2026-05-24T10:05:15.454512,538.04,-23.59413,-46.57147,DEV0373,U051,0
T006613,U480,2026-05-23T00:03:10.469971,51.95,-25.39573,-49.31937,DEV0239,U308,0
T006614,U361,2026-05-23T09:01:45.387657,33.91,-25.34393,-49.2671,DEV0356,M074,0
T006615,U004,2026-05-23T06:07:06.258101,85.5,-19.96739,-44.01169,DEV0459,M084,0
T006616,U483,2026-05-23T23:25:19.306215,23.36,-15.70052,-47.95663,DEV0376,M020,0
T006617,U054,2026-05-23T10:04:32.438249,32.25,-25.48441,-49.27181,DEV0556,U391,0
T006618,U499,2026-05-23T17:59:58.607281,16.44,-19.89412,-43.88275,DEV0020,M005,0
T006619,U059,2026-05-24T14:28:22.979475,24.91,-23.54215,-46.68997,DEV0259,M071,0
T006620,U305,2026-05-23T03:25:59.935806,12.8,-30.06794,-51.16443,DEV0243,M002,0
T006621,U306,2026-05-23T17:24:42.711928,377.0,-12.95268,-38.47865,DEV0548,M052,0
T006622,U033,2026-05-23T08:41:19.958550,15.8,-23.58695,-46.57876,DEV0344,M081,0
T006623,U186,2026-05-23T09:47:55.474756,186.24,-25.42257,-49.29474,DEV0506,U428,0
T006624,U493,2026-05-22T20:18:35.067435,60.06,-25.32155,-49.36522,DEV0575,M091,0
T006625,U114,2026-05-23T16:25:40.987457,1210.12,-19.95502,-43.92569,DEV0700,U223,0
T006626,U377,2026-05-24T02:10:28.767621,59.46,-23.57103,-46.68744,DEV0180,U454,0
T006627,U196,2026-05-24T10:56:52.322809,46.79,-15.79488,-47.85755,DEV0653,U107,0
T006628,U397,2026-05-24T14:23:28.295772,82.16,-30.08018,-51.2083,DEV0349,U001,0
T006629,U300,2026-05-24T07:13:31.672555,761.44,-19.8991,-44.02516,DEV0741,M049,0
T006630,U287,2026-05-23T10:59:54.397016,2.83,-19.89651,-43.9922,DEV0751,M017,0
T006631,U082,2026-05-23T12:49:16.415977,5000.0,-30.08213,-51.23024,DEV0338,U098,1
T006632,U098,2026-05-23T12:49:26.415977,4950.0,-25.4284,-49.2733,DEV0161,U408,1
T006633,U408,2026-05-23T12:49:36.415977,4900.0,-12.9714,-38.5014,DEV0548,U082,1
T006634,U337,2026-05-23T05:25:29.806408,110.27,-29.9714,-51.24994,DEV0575,M009,0
T006635,U292,2026-05-23T02:40:10.118146,6.57,-22.94615,-43.14386,DEV0126,M026,0
T006636,U418,2026-05-23T07:41:07.430404,49.76,-23.59598,-46.70083,DEV0115,U421,0
T006637,U251,2026-05-23T10:03:01.251872,49.43,-23.46324,-46.66234,DEV0624,M098,0
T006638,U365,2026-05-24T11:37:33.436234,1687.28,-23.57477,-46.62821,DEV0726,M089,0
T006639,U449,2026-05-23T11:23:34.938991,184.52,-25.47054,-49.35518,DEV0172,M088,0
T006640,U111,2026-05-23T19:13:34.589602,142.42,-12.95509,-38.47653,DEV0518,M066,0
T006641,U436,2026-05-24T00:59:41.353640,399.12,-12.91834,-38.48297,DEV0149,M050,0
T006642,U412,2026-05-23T11:28:00.592975,5.21,-25.41366,-49.26345,DEV0532,M053,0
T006643,U430,2026-05-24T12:53:34.522056,14.63,-22.89826,-43.04912,DEV0268,M061,0
T006644,U281,2026-05-23T00:36:42.609911,9.83,-12.94865,-38.40757,DEV0692,M100,0
T006645,U356,2026-05-23T05:59:32.066861,39.8,-23.02076,-43.21882,DEV0550,U422,0
T006646,U313,2026-05-23T14:22:52.561694,346.79,-15.87612,-47.88667,DEV0410,U190,0
T006647,U468,2026-05-22T22:23:27.298485,775.34,-22.77748,-43.24679,DEV0131,M005,0
T006648,U163,2026-05-23T15:56:50.558007,2.08,-19.94913,-43.94767,DEV0380,M055,0
T006649,U342,2026-05-24T00:56:15.487843,5000.0,-25.51482,-49.2805,DEV0015,U067,1
T006650,U067,2026-05-24T00:56:25.487843,4950.0,-19.9173,-43.9345,DEV0113,U186,1
T006651,U186,2026-05-24T00:56:35.487843,4900.0,-25.4284,-49.2733,DEV0506,U342,1
T006652,U303,2026-05-23T14:01:32.555814,136.41,-15.77203,-47.84736,DEV0446,M005,0
T006653,U295,2026-05-23T17:18:51.542286,9.7,-13.04106,-38.55892,DEV0146,U059,0
T006654,U378,2026-05-23T11:58:48.469761,161.32,-23.54167,-46.67943,DEV0177,U469,0
T006655,U472,2026-05-23T08:26:17.428771,35.98,-13.04241,-38.64257,DEV0722,U364,0
T006656,U152,2026-05-23T22:24:06.118952,321.02,-23.54219,-46.58416,DEV0094,M023,0
T006657,U305,2026-05-23T04:14:42.424602,24.78,-30.06546,-51.28039,DEV0243,U173,0
T006658,U397,2026-05-24T14:58:02.439041,125.06,-30.04477,-51.20305,DEV0349,U176,0
T006659,U418,2026-05-23T08:08:19.205886,27.31,-23.62864,-46.54572,DEV0115,M092,0
T006660,U481,2026-05-23T11:28:03.489580,306.39,-15.82144,-47.90413,DEV0359,M054,0
T006661,U385,2026-05-24T02:03:39.299796,222.19,-15.74677,-47.91744,DEV0215,M009,0
T006662,U152,2026-05-23T22:37:59.137508,54.07,-25.4284,-49.2733,DEV0094,M062,1
T006663,U292,2026-05-23T04:19:03.963028,63.14,-22.89306,-43.21403,DEV0126,M043,0
T006664,U337,2026-05-23T06:19:25.577291,49.71,-30.08196,-51.16898,DEV0575,U431,0
T006665,U374,2026-05-23T04:43:37.521452,50.12,-19.99393,-44.04633,DEV0386,U101,0
T006666,U047,2026-05-23T02:52:04.129594,122.0,-23.60206,-46.57184,DEV0564,M055,0
T006667,U303,2026-05-23T16:39:43.056306,11.7,-15.72984,-47.97326,DEV0446,M080,0
T006668,U126,2026-05-23T14:07:20.780820,961.04,-22.89448,-43.22083,DEV0036,M055,0
T006669,U477,2026-05-23T20:44:59.588149,5.71,-19.92991,-43.95313,DEV0039,M060,0
T006670,U238,2026-05-23T08:18:40.291446,206.18,-30.08576,-51.16909,DEV0518,M047,0
T006671,U481,2026-05-23T13:14:34.317593,27.21,-15.67667,-47.89618,DEV0359,M097,0
T006672,U287,2026-05-23T17:18:00.444707,24.83,-19.97457,-43.91221,DEV0751,M066,0
T006673,U438,2026-05-23T05:39:31.014114,4.77,-19.95762,-43.93872,DEV0744,M094,0
T006674,U346,2026-05-23T15:04:36.014934,11.03,-15.81693,-47.90844,DEV0196,M002,0
T006675,U018,2026-05-24T20:26:03.502497,22.86,-23.56805,-46.58082,DEV0346,M016,0
T006676,U222,2026-05-23T13:40:50.283358,18.08,-22.80954,-43.2141,DEV0348,M049,0
T006677,U154,2026-05-23T16:07:33.802966,87.25,-23.00836,-43.15585,DEV0474,M067,0
T006678,U456,2026-05-24T18:58:45.765747,89.49,-23.48972,-46.68871,DEV0466,M085,0
T006679,U216,2026-05-24T07:12:59.427148,20.54,-23.51259,-46.61068,DEV0402,M094,0
T006680,U151,2026-05-23T14:44:06.917717,10.15,-15.84002,-47.84776,DEV0220,M062,0
T006681,U321,2026-05-23T23:33:02.359184,7.19,-22.91742,-43.24901,DEV0596,M021,0
T006682,U410,2026-05-24T03:18:13.996627,78.84,-12.94309,-38.5749,DEV0523,U311,0
T006683,U446,2026-05-24T11:04:32.792239,563.13,-23.59592,-46.64897,DEV0751,M056,1
T006684,U172,2026-05-23T11:31:04.501460,20.66,-22.95909,-43.15387,DEV0501,M021,0
T006685,U399,2026-05-24T06:52:29.816171,16.41,-30.03242,-51.23075,DEV0443,U430,0
T006686,U216,2026-05-24T09:10:23.566468,113.52,-23.51655,-46.61877,DEV0402,M081,0
T006687,U035,2026-05-23T11:28:29.741250,431.1,-19.97609,-43.94791,DEV0419,M037,0
T006688,U112,2026-05-23T19:06:42.107938,397.91,-23.60746,-46.67535,DEV0037,U470,0
T006689,U295,2026-05-23T17:43:54.784102,4.88,-13.01112,-38.49279,DEV0146,M082,0
T006690,U271,2026-05-24T06:17:27.044931,175.38,-13.02535,-38.44633,DEV0005,U065,0
T006691,U044,2026-05-24T02:33:36.610155,169.72,-15.84747,-47.96365,DEV0795,M018,0
T006692,U161,2026-05-23T07:06:09.923566,8.69,-30.01531,-51.15068,DEV0258,M046,0
T006693,U408,2026-05-23T19:29:13.380838,139.43,-12.92979,-38.48129,DEV0548,M050,0
T006694,U281,2026-05-23T00:44:45.504211,13.27,-12.99964,-38.49601,DEV0692,M037,0
T006695,U109,2026-05-23T12:08:54.752362,12.69,-23.57019,-46.64352,DEV0512,M039,0
T006696,U042,2026-05-24T10:01:09.949136,75.0,-13.00336,-38.51295,DEV0462,U387,0
T006697,U372,2026-05-23T06:51:33.420234,30.56,-12.86332,-38.53077,DEV0666,M058,0
T006698,U040,2026-05-24T01:11:51.507392,3.68,-19.88691,-43.91262,DEV0684,M034,0
T006699,U330,2026-05-24T07:18:43.282605,74.54,-23.54761,-46.59234,DEV0229,M056,0
T006700,U042,2026-05-24T10:51:32.929578,140.13,-13.05731,-38.51244,DEV0462,M074,0
T006701,U273,2026-05-23T06:18:33.243644,115.43,-23.65149,-46.6185,DEV0645,U170,0
T006702,U106,2026-05-23T22:00:16.099792,352.71,-15.69026,-47.92597,DEV0609,M037,0
T006703,U029,2026-05-24T02:41:33.918896,18.71,-12.87857,-38.53422,DEV0338,M057,0
T006704,U238,2026-05-23T09:14:23.894376,329.83,-30.05041,-51.25253,DEV0518,M011,0
T006705,U188,2026-05-23T20:07:16.222717,80.61,-23.56564,-46.55481,DEV0469,U428,0
T006706,U014,2026-05-23T17:41:51.075504,10.71,-25.42181,-49.28921,DEV0505,U472,0
T006707,U243,2026-05-23T12:30:56.669720,59289.47,-15.76852,-47.83755,DEV0001,M029,1
T006708,U093,2026-05-23T16:40:01.553861,37.6,-25.5108,-49.35103,DEV0422,M007,0
T006709,U034,2026-05-23T06:41:38.054674,4.42,-29.9644,-51.24044,DEV0139,M058,0
T006710,U111,2026-05-23T20:00:09.385288,10.8,-12.93201,-38.55923,DEV0518,M090,0
T006711,U325,2026-05-24T06:41:23.443349,5000.0,-15.76728,-47.99036,DEV0236,U285,1
T006712,U285,2026-05-24T06:41:33.443349,4950.0,-19.9173,-43.9345,DEV0312,U236,1
T006713,U236,2026-05-24T06:41:43.443349,4900.0,-23.5505,-46.6333,DEV0610,U325,1
T006714,U387,2026-05-23T23:20:59.453350,4.53,-12.9391,-38.43459,DEV0305,M050,0
T006715,U356,2026-05-23T07:09:30.701644,9.38,-22.82476,-43.20799,DEV0550,M085,0
T006716,U385,2026-05-24T03:50:08.873341,25.39,-15.71658,-47.93883,DEV0215,U421,0
T006717,U225,2026-05-23T23:01:10.218218,9.41,-22.9068,-43.1729,DEV0502,M038,1
T006718,U151,2026-05-23T15:04:49.526642,9.01,-15.7545,-47.98262,DEV0220,U067,0
T006719,U338,2026-05-23T11:11:39.290088,48.64,-23.66813,-46.69993,DEV0145,M017,0
T006720,U058,2026-05-23T09:57:25.168754,257.75,-19.89623,-44.02177,DEV0633,M039,0
T006721,U118,2026-05-23T12:49:55.310810,40.02,-15.84665,-47.95649,DEV0570,M017,0
T006722,U124,2026-05-23T17:57:24.715301,772.61,-13.00571,-38.53826,DEV0682,M076,0
T006723,U029,2026-05-24T02:49:46.038667,4.24,-12.86561,-38.4786,DEV0338,U058,0
T006724,U145,2026-05-23T21:35:25.531171,51.51,-23.59515,-46.65123,DEV0751,M091,0
T006725,U478,2026-05-23T10:40:50.384917,1.07,-12.86927,-38.55155,DEV0477,M077,0
T006726,U078,2026-05-24T00:49:51.646701,4.39,-25.53327,-49.28333,DEV0764,U469,0
T006727,U485,2026-05-23T17:25:19.298465,1.98,-23.51083,-46.63817,DEV0432,U259,0
T006728,U026,2026-05-23T11:59:55.098715,163.53,-15.65312,-47.89446,DEV0270,M013,0
T006729,U089,2026-05-23T08:05:24.898156,16.99,-30.05443,-51.20276,DEV0009,M002,0
T006730,U066,2026-05-23T16:21:55.623829,336.03,-13.0003,-38.48534,DEV0625,M040,0
T006731,U150,2026-05-23T16:25:25.339452,15.31,-19.7813,-43.93709,DEV0086,U036,0
T006732,U182,2026-05-23T13:11:47.613043,68.04,-15.8149,-47.95648,DEV0397,M057,0
T006733,U289,2026-05-23T21:25:35.197821,13.06,-20.02071,-43.85444,DEV0015,M031,0
T006734,U109,2026-05-23T13:47:29.552775,51.42,-23.63852,-46.67538,DEV0512,U392,0
T006735,U018,2026-05-24T21:16:16.387227,8.58,-23.54924,-46.71704,DEV0346,U404,0
T006736,U014,2026-05-23T19:16:41.180948,5.59,-25.33216,-49.28375,DEV0505,M030,0
T006737,U335,2026-05-23T19:53:04.810838,150.52,-30.02286,-51.21172,DEV0616,U245,0
T006738,U471,2026-05-23T11:55:24.522323,5000.0,-25.44404,-49.24222,DEV0349,U135,1
T006739,U135,2026-05-23T11:55:34.522323,4950.0,-12.9714,-38.5014,DEV0572,U134,1
T006740,U134,2026-05-23T11:55:44.522323,4900.0,-15.7801,-47.9292,DEV0444,U471,1
T006741,U425,2026-05-24T10:35:28.250698,188.69,-22.91203,-43.08477,DEV0356,M008,0
T006742,U184,2026-05-24T20:48:42.193173,6.87,-23.53266,-46.68353,DEV0076,M033,0
T006743,U140,2026-05-24T02:07:56.993239,5.04,-23.5192,-46.65027,DEV0120,M015,0
T006744,U044,2026-05-24T22:33:26.909013,1870.6,-15.70108,-47.88405,DEV0795,M020,1
T006745,U048,2026-05-23T03:05:29.172559,64.87,-25.39781,-49.34927,DEV0734,U392,0
T006746,U473,2026-05-23T08:28:33.468399,412.57,-13.02853,-38.43184,DEV0426,M006,0
T006747,U462,2026-05-23T18:36:34.667457,118.3,-13.0012,-38.50283,DEV0519,M038,0
T006748,U085,2026-05-23T13:19:31.856779,224.78,-25.41989,-49.25402,DEV0144,M007,0
T006749,U297,2026-05-24T09:19:29.764676,7.5,-23.50076,-46.58919,DEV0748,M054,0
T006750,U304,2026-05-23T09:23:53.711444,156.25,-29.96675,-51.15168,DEV0664,M009,0
T006751,U002,2026-05-24T04:30:02.969973,259.4,-19.95587,-43.91537,DEV0072,M035,0
T006752,U175,2026-05-23T09:44:36.451809,22.64,-25.47161,-49.23321,DEV0394,U357,0
T006753,U330,2026-05-24T11:23:10.202358,11.56,-23.61856,-46.62437,DEV0229,M082,0
T006754,U404,2026-05-23T15:28:05.692599,967.55,-19.90514,-43.93589,DEV0452,M097,0
T006755,U052,2026-05-23T09:32:06.104489,31.47,-25.48315,-49.31916,DEV0578,M021,0
T006756,U352,2026-05-23T17:29:05.601906,200.4,-25.36818,-49.23527,DEV0685,U483,0
T006757,U481,2026-05-23T16:46:57.928168,92.87,-22.9068,-43.1729,DEV0359,M033,1
T006758,U244,2026-05-23T21:29:28.381027,54.87,-12.96418,-38.51295,DEV0772,U010,0
T006759,U383,2026-05-23T05:36:21.470030,12.59,-29.93292,-51.19084,DEV0701,U421,0
T006760,U365,2026-05-24T12:03:02.781713,137.87,-23.59621,-46.72612,DEV0726,U148,0
T006761,U355,2026-05-23T18:47:30.831038,146.3,-12.93219,-38.48753,DEV0660,U496,0
T006762,U332,2026-05-23T11:34:50.068579,3.22,-12.90643,-38.48688,DEV0379,M021,0
T006763,U147,2026-05-23T20:40:43.050665,257.84,-12.98325,-38.50193,DEV0272,U335,0
T006764,U215,2026-05-23T00:19:23.707628,64.5,-25.30258,-49.26953,DEV0227,M090,0
T006765,U315,2026-05-23T15:59:36.638890,47.7,-23.50706,-46.67608,DEV0140,U426,0
T006766,U325,2026-05-24T08:06:34.687694,116.8,-15.77453,-47.87063,DEV0236,M055,1
T006767,U256,2026-05-23T11:52:38.982190,74.75,-15.79659,-47.95879,DEV0335,M096,0
T006768,U048,2026-05-23T03:58:20.127698,5.33,-25.35369,-49.25251,DEV0734,M041,0
T006769,U416,2026-05-23T14:00:14.448366,31.73,-23.56555,-46.67281,DEV0714,U494,0
T006770,U190,2026-05-23T11:44:25.689737,83.2,-13.06654,-38.48294,DEV0693,M069,0
T006771,U161,2026-05-23T08:37:38.898260,5.79,-30.01195,-51.25761,DEV0258,M070,0
T006772,U144,2026-05-23T15:11:10.240926,53.82,-12.92262,-38.50653,DEV0641,M084,0
T006773,U240,2026-05-23T08:37:22.882918,312.94,-12.91432,-38.48432,DEV0023,M040,0
T006774,U330,2026-05-24T16:00:59.658218,47.83,-23.51327,-46.63335,DEV0229,M026,0
T006775,U113,2026-05-23T21:07:20.324456,513.19,-23.48898,-46.66584,DEV0302,M087,0
T006776,U120,2026-05-23T09:24:46.874424,33.17,-30.04215,-51.23,DEV0663,M023,0
T006777,U253,2026-05-24T22:31:27.927926,456.49,-15.7903,-47.75187,DEV0578,U462,1
T006778,U419,2026-05-23T13:34:30.441326,1.2,-23.45313,-46.69438,DEV0552,M074,0
T006779,U347,2026-05-23T07:21:39.291137,483.86,-22.82466,-43.05202,DEV0517,M013,0
T006780,U294,2026-05-23T16:15:03.235759,240.36,-25.46683,-49.27204,DEV0394,M068,0
T006781,U274,2026-05-23T22:52:06.308616,53.98,-22.94917,-43.12482,DEV0046,M036,0
T006782,U141,2026-05-23T23:36:55.597874,3.46,-25.54631,-49.27816,DEV0058,M043,0
T006783,U034,2026-05-23T08:32:12.580002,26.9,-30.12018,-51.23007,DEV0139,U210,0
T006784,U105,2026-05-24T01:39:26.729999,46.66,-19.89225,-43.97068,DEV0027,M038,0
T006785,U112,2026-05-23T21:23:24.857537,44.29,-23.5424,-46.5892,DEV0037,M073,0
T006786,U184,2026-05-24T21:12:23.200144,11.82,-23.52251,-46.64752,DEV0076,M012,0
T006787,U140,2026-05-24T03:30:36.155158,8.82,-23.62796,-46.66168,DEV0120,M024,0
T006788,U243,2026-05-23T13:12:00.429730,76010.23,-15.69089,-47.86066,DEV0001,M036,1
T006789,U483,2026-05-24T00:06:58.364525,75.82,-15.81292,-47.93688,DEV0376,M093,0
T006790,U101,2026-05-24T00:55:04.721586,5.61,-23.52387,-46.71465,DEV0688,U208,0
T006791,U144,2026-05-23T16:11:24.851363,1.95,-12.99757,-38.50195,DEV0641,M004,0
T006792,U045,2026-05-24T04:30:45.040325,151.74,-30.05101,-51.213,DEV0554,U306,0
T006793,U238,2026-05-23T12:34:14.456040,40.26,-29.98359,-51.23152,DEV0518,M072,0
T006794,U084,2026-05-23T06:07:21.832016,114.34,-30.08939,-51.26824,DEV0298,M017,0
T006795,U212,2026-05-23T16:55:59.845131,712.96,-25.45586,-49.24469,DEV0685,M005,0
T006796,U180,2026-05-24T16:56:09.808904,1066.92,-23.50489,-46.62699,DEV0798,M021,0
T006797,U368,2026-05-23T17:12:53.712029,156.3,-23.48207,-46.64214,DEV0001,M045,0
T006798,U217,2026-05-23T14:36:00.975106,56.37,-23.58042,-46.63916,DEV0526,M031,0
T006799,U061,2026-05-23T22:16:25.266114,65.76,-23.45837,-46.54997,DEV0234,M023,0
T006800,U156,2026-05-23T20:33:51.585301,173.05,-15.72158,-47.91922,DEV0357,M098,0
T006801,U191,2026-05-23T15:09:35.945094,59.14,-30.06941,-51.22053,DEV0398,M055,0
T006802,U396,2026-05-23T15:15:06.173251,159.63,-29.97857,-51.28741,DEV0476,M065,0
T006803,U178,2026-05-24T11:33:31.903254,147.01,-15.79323,-47.99078,DEV0736,M003,0
T006804,U467,2026-05-23T12:19:42.324847,34.39,-19.89889,-43.9321,DEV0620,M058,0
T006805,U026,2026-05-23T22:15:21.471219,161.26,-15.74051,-47.9346,DEV0270,M029,0
T006806,U121,2026-05-23T16:26:51.903611,1400.76,-19.88754,-43.86896,DEV0490,M085,0
T006807,U076,2026-05-24T17:29:59.239727,43.99,-23.54062,-46.66017,DEV0201,M018,0
T006808,U002,2026-05-24T05:18:08.920914,437.32,-19.91819,-43.85812,DEV0072,U330,0
T006809,U085,2026-05-23T13:40:27.154944,183.08,-25.41343,-49.22319,DEV0144,M038,0
T006810,U169,2026-05-24T04:38:19.101818,48.07,-19.92192,-43.94724,DEV0727,U078,0
T006811,U162,2026-05-24T03:25:39.000886,69.64,-19.80544,-43.90822,DEV0664,M062,0
T006812,U134,2026-05-23T12:05:38.220545,16.6,-15.73886,-47.93846,DEV0444,M077,0
T006813,U313,2026-05-23T15:58:13.836623,14.43,-15.77268,-47.94427,DEV0410,U401,0
T006814,U399,2026-05-24T07:50:43.080643,154.33,-30.05242,-51.21458,DEV0443,M033,0
T006815,U483,2026-05-24T00:14:53.312802,198.14,-15.79052,-47.87028,DEV0376,M044,0
T006816,U268,2026-05-23T09:38:40.320902,513.17,-23.55597,-46.66319,DEV0195,U120,0
T006817,U283,2026-05-23T16:36:07.137116,12.38,-22.88201,-43.13028,DEV0028,M001,0
T006818,U274,2026-05-23T23:04:31.550036,13.38,-22.87756,-43.10808,DEV0046,M088,0
T006819,U049,2026-05-23T07:14:03.535449,58.53,-30.05003,-51.23091,DEV0749,M082,0
T006820,U277,2026-05-23T04:48:58.129494,4.37,-23.56934,-46.70001,DEV0214,M076,0
T006821,U344,2026-05-23T04:56:42.178098,47.96,-25.48316,-49.2238,DEV0157,M060,0
T006822,U399,2026-05-24T09:00:47.357663,45.09,-30.10529,-51.17591,DEV0443,U259,0
T006823,U365,2026-05-24T12:57:17.731991,34.74,-23.55802,-46.63755,DEV0726,U091,0
T006824,U311,2026-05-23T00:45:29.019537,65.98,-29.98982,-51.22641,DEV0715,M065,0
T006825,U148,2026-05-23T04:45:08.938613,34.7,-30.04152,-51.22112,DEV0581,M039,0
T006826,U372,2026-05-23T08:06:01.716032,95.31,-13.01012,-38.40929,DEV0666,M091,0
T006827,U142,2026-05-23T06:07:32.845577,484.31,-12.97148,-38.43892,DEV0474,M045,0
T006828,U395,2026-05-23T20:11:02.410103,104.35,-22.88149,-43.14578,DEV0380,M098,0
T006829,U005,2026-05-23T14:37:04.816517,172.45,-25.41131,-49.30705,DEV0664,M034,0
T006830,U471,2026-05-23T15:12:11.266545,174.99,-25.398,-49.31024,DEV0349,M001,0
T006831,U137,2026-05-23T13:13:32.382112,205.81,-12.98518,-38.57862,DEV0350,M003,0
T006832,U146,2026-05-23T17:20:45.029469,224.99,-15.72177,-47.9786,DEV0118,M099,0
T006833,U049,2026-05-23T10:13:42.237780,60190.69,-30.11842,-51.23063,DEV0749,U138,1
T006834,U006,2026-05-23T06:02:55.402715,111.76,-12.908,-38.50209,DEV0770,M084,0
T006835,U258,2026-05-23T14:18:44.642925,37.73,-23.53842,-46.6617,DEV0335,U316,0
T006836,U390,2026-05-23T03:51:20.149339,44.5,-30.0718,-51.15816,DEV0194,U244,0
T006837,U309,2026-05-23T15:41:15.899808,8.39,-15.75509,-47.9773,DEV0606,M031,0
T006838,U367,2026-05-24T03:30:26.902864,24.1,-15.85012,-47.92101,DEV0420,M025,0
T006839,U064,2026-05-23T15:33:13.320992,836.76,-23.52813,-46.71753,DEV0442,M072,0
T006840,U412,2026-05-23T21:00:52.062958,131.77,-25.41655,-49.23879,DEV0532,M075,0
T006841,U074,2026-05-23T14:59:19.507930,94.78,-12.94939,-38.35862,DEV0610,M072,0
T006842,U217,2026-05-23T15:41:28.193002,13.87,-23.5366,-46.60218,DEV0526,M063,0
T006843,U212,2026-05-23T18:26:03.774143,2455.16,-25.38675,-49.26089,DEV0685,U095,0
T006844,U485,2026-05-23T18:34:53.393336,19.63,-23.5254,-46.60499,DEV0432,M025,0
T006845,U490,2026-05-23T15:11:22.689364,28.3,-29.95877,-51.16571,DEV0302,M078,0
T006846,U083,2026-05-24T08:56:10.012866,149.5,-19.9158,-43.90049,DEV0473,U308,0
T006847,U275,2026-05-23T16:42:27.243998,283.72,-15.85237,-47.90278,DEV0730,M083,0
T006848,U106,2026-05-23T22:49:19.603086,107.3,-15.80274,-47.9435,DEV0609,M015,0
T006849,U177,2026-05-24T15:33:32.310228,71.15,-25.40572,-49.30505,DEV0096,U386,0
T006850,U223,2026-05-23T07:10:06.545000,6.14,-22.9317,-43.22985,DEV0316,M013,0
T006851,U032,2026-05-23T01:56:43.225227,14.21,-29.91134,-51.24711,DEV0065,M064,0
T006852,U378,2026-05-23T13:16:31.396608,50.94,-23.55685,-46.6562,DEV0177,M069,0
T006853,U354,2026-05-23T16:04:36.916815,210.73,-25.47453,-49.24987,DEV0794,M011,0
T006854,U068,2026-05-24T12:57:54.155442,1.54,-25.42166,-49.28314,DEV0566,M015,0
T006855,U120,2026-05-23T12:08:37.964120,24.33,-29.97429,-51.19643,DEV0663,U401,0
T006856,U210,2026-05-23T21:57:21.326966,93.11,-29.98588,-51.20841,DEV0508,M005,0
T006857,U367,2026-05-24T07:24:51.639315,156.24,-15.78819,-48.01015,DEV0420,M028,0
T006858,U276,2026-05-23T21:16:51.681320,127.17,-23.5172,-46.53837,DEV0794,M005,0
T006859,U073,2026-05-23T14:23:17.053377,39.03,-23.50934,-46.65399,DEV0767,M045,0
T006860,U157,2026-05-23T17:56:18.847176,90.5,-22.8601,-43.20799,DEV0758,M017,0
T006861,U380,2026-05-24T05:07:34.174619,4701.94,-22.87974,-43.14396,DEV0469,U062,1
T006862,U137,2026-05-23T13:48:27.660603,141.32,-12.95247,-38.49173,DEV0350,M007,0
T006863,U379,2026-05-24T10:36:21.514386,28.38,-19.98607,-43.79343,DEV0662,U328,0
T006864,U231,2026-05-23T19:21:25.074050,53.72,-13.01115,-38.49465,DEV0119,M027,0
T006865,U207,2026-05-23T06:21:03.796859,307.67,-15.79899,-47.90108,DEV0058,M021,0
T006866,U107,2026-05-23T17:27:24.893922,33.51,-23.56886,-46.67775,DEV0453,M038,0
T006867,U381,2026-05-23T11:27:24.713841,33.06,-23.53364,-46.60882,DEV0084,U113,0
T006868,U001,2026-05-24T08:13:14.238543,834.1,-30.14299,-51.23441,DEV0436,M033,0
T006869,U419,2026-05-23T16:10:52.338117,94.33,-23.56137,-46.64357,DEV0552,M027,0
T006870,U222,2026-05-23T14:05:16.565116,246.39,-22.87259,-43.15884,DEV0348,M096,0
T006871,U449,2026-05-23T13:19:51.962114,1982.18,-25.39831,-49.29889,DEV0172,U359,0
T006872,U143,2026-05-24T12:56:08.423649,576.99,-29.9041,-51.12117,DEV0127,M069,0
T006873,U478,2026-05-23T12:11:02.915283,10.82,-12.98009,-38.47712,DEV0477,M021,0
T006874,U377,2026-05-24T07:05:08.239138,41.06,-23.50031,-46.70735,DEV0180,M020,0
T006875,U492,2026-05-23T16:42:57.130702,57.35,-25.42093,-49.23533,DEV0772,M028,0
T006876,U171,2026-05-23T06:22:58.060410,14.86,-19.85759,-43.98661,DEV0617,M098,0
T006877,U413,2026-05-23T16:42:29.027403,343.88,-15.80814,-47.87765,DEV0256,M093,0
T006878,U291,2026-05-23T08:10:14.794652,36.73,-30.06326,-51.25728,DEV0273,M022,0
T006879,U006,2026-05-23T07:35:10.053726,754.7,-12.99139,-38.47271,DEV0770,M015,0
T006880,U097,2026-05-23T18:49:58.130410,369.3,-19.86569,-43.90482,DEV0720,M085,0
T006881,U182,2026-05-23T18:07:53.346797,381.31,-15.84614,-47.86529,DEV0397,U356,0
T006882,U161,2026-05-23T08:42:34.099669,6.14,-29.96085,-51.16156,DEV0258,U060,0
T006883,U459,2026-05-23T16:55:44.311698,1527.12,-22.88009,-43.23669,DEV0016,M085,0
T006884,U499,2026-05-23T18:53:51.492215,79.89,-19.98104,-43.98025,DEV0020,U271,0
T006885,U175,2026-05-23T10:14:38.954976,495.74,-25.40974,-49.19896,DEV0394,U348,0
T006886,U246,2026-05-24T12:01:14.353067,54.1,-25.50842,-49.3489,DEV0095,U266,0
T006887,U021,2026-05-24T07:53:23.709468,1850.32,-29.97746,-51.18944,DEV0157,M094,1
T006888,U260,2026-05-24T08:06:27.406658,23.88,-12.94653,-38.49454,DEV0797,U224,0
T006889,U367,2026-05-24T07:48:07.054084,56.12,-15.74533,-47.8987,DEV0420,M041,0
T006890,U114,2026-05-24T00:05:03.119871,582.77,-19.89713,-43.88245,DEV0700,M020,0
T006891,U221,2026-05-24T06:57:40.769635,219.82,-15.79843,-47.9199,DEV0408,M025,0
T006892,U197,2026-05-23T03:58:02.447857,76.36,-23.5524,-46.67046,DEV0795,M050,0
T006893,U002,2026-05-24T08:07:29.554064,13.48,-19.92645,-43.89497,DEV0072,M074,0
T006894,U440,2026-05-23T21:23:12.375415,63.48,-15.64814,-47.90104,DEV0406,M089,0
T006895,U127,2026-05-23T15:04:03.289301,159.11,-23.59028,-46.65791,DEV0776,M047,0
T006896,U015,2026-05-23T02:07:50.776866,9.22,-19.98955,-44.00517,DEV0647,M043,0
T006897,U248,2026-05-23T11:44:15.628770,192.25,-15.7396,-47.99526,DEV0771,M010,0
T006898,U392,2026-05-23T06:42:29.286836,9.53,-19.94938,-43.88642,DEV0644,M009,0
T006899,U022,2026-05-23T21:08:34.020335,53.72,-25.49634,-49.37977,DEV0562,M041,0
T006900,U498,2026-05-23T14:38:39.797030,70.66,-30.07593,-51.13508,DEV0727,M032,0
T006901,U349,2026-05-23T23:15:00.874387,3430.67,-30.13969,-51.26165,DEV0228,U311,1
T006902,U332,2026-05-23T12:16:20.972784,208.83,-13.01235,-38.51291,DEV0379,U342,0
T006903,U238,2026-05-23T18:06:51.431753,320.98,-30.11463,-51.14812,DEV0518,U001,0
T006904,U087,2026-05-23T22:17:26.901433,237.91,-23.61946,-46.69908,DEV0304,M088,0
T006905,U309,2026-05-23T17:44:44.945056,1.35,-15.814,-48.01321,DEV0606,M002,0
T006906,U314,2026-05-24T15:06:40.075655,50.58,-19.95185,-43.8846,DEV0724,M030,0
T006907,U208,2026-05-24T13:56:36.318363,212.61,-12.87791,-38.46068,DEV0361,M042,0
T006908,U339,2026-05-23T17:02:39.293703,81.08,-30.06578,-51.18796,DEV0616,M076,0
T006909,U015,2026-05-23T02:11:45.732662,10.6,-19.94607,-43.93934,DEV0647,M050,0
T006910,U075,2026-05-23T11:07:29.830281,41.57,-19.89324,-44.00953,DEV0511,M012,0
T006911,U205,2026-05-24T03:05:38.735865,213.11,-19.89719,-43.87939,DEV0039,M067,0
T006912,U143,2026-05-24T13:23:24.867625,28.62,-30.07646,-51.27911,DEV0127,U054,0
T006913,U314,2026-05-24T22:40:53.920794,163.19,-19.90578,-43.95499,DEV0724,M072,0
T006914,U322,2026-05-24T06:17:31.850318,82.43,-13.04094,-38.50533,DEV0329,M085,0
T006915,U067,2026-05-24T02:12:38.588306,56.52,-19.92951,-43.95524,DEV0113,M002,0
T006916,U129,2026-05-24T04:55:25.582425,34.49,-22.91844,-43.26763,DEV0800,U009,0
T006917,U440,2026-05-24T00:54:18.540001,590.24,-15.78816,-47.93263,DEV0406,M031,0
T006918,U263,2026-05-24T05:55:24.084454,85.1,-12.9446,-38.48132,DEV0450,M032,0
T006919,U189,2026-05-24T10:37:03.005807,182.06,-29.90735,-51.05694,DEV0144,U192,0
T006920,U406,2026-05-23T12:11:44.296874,39.73,-30.14094,-51.11871,DEV0007,U391,0
T006921,U040,2026-05-24T02:16:56.130557,162.69,-19.88196,-43.98664,DEV0684,M007,0
T006922,U279,2026-05-23T04:48:46.355325,34.73,-13.01303,-38.54859,DEV0337,U215,0
T006923,U121,2026-05-23T17:18:42.110335,541.83,-19.97052,-43.87379,DEV0490,U455,0
T006924,U207,2026-05-23T08:05:38.094513,351.62,-15.77953,-47.96175,DEV0058,U462,0
T006925,U288,2026-05-23T23:35:19.603631,71.17,-22.90892,-43.19559,DEV0506,U103,0
T006926,U166,2026-05-23T09:38:43.421683,9.98,-23.0034,-43.09905,DEV0043,M004,0
T006927,U057,2026-05-23T11:49:23.718380,91.19,-15.78997,-47.94807,DEV0225,M029,0
T006928,U099,2026-05-23T16:45:50.790537,34.76,-15.71772,-47.92531,DEV0277,M095,0
T006929,U241,2026-05-23T13:49:55.793530,75.34,-12.97195,-38.46657,DEV0714,M029,0
T006930,U225,2026-05-24T00:53:37.525521,5.13,-19.90467,-43.92759,DEV0502,U375,0
T006931,U482,2026-05-23T20:53:56.526196,2.22,-23.64311,-46.64352,DEV0689,M036,0
T006932,U487,2026-05-23T12:28:01.451022,8.33,-23.5918,-46.65906,DEV0344,U236,0
T006933,U132,2026-05-23T04:40:49.262692,12.78,-22.87582,-43.14275,DEV0570,M093,0
T006934,U491,2026-05-23T22:24:13.817753,59.09,-15.83902,-47.8287,DEV0226,U321,0
T006935,U103,2026-05-24T03:23:28.343111,836.38,-15.84239,-47.98929,DEV0670,U003,0
T006936,U275,2026-05-23T18:04:49.666113,142.71,-15.8252,-47.9876,DEV0730,U346,0
T006937,U059,2026-05-24T16:20:53.657831,12.09,-23.50623,-46.57911,DEV0259,U251,0
T006938,U001,2026-05-24T11:17:04.666956,866.15,-30.00624,-51.29592,DEV0436,M069,0
T006939,U164,2026-05-23T16:18:53.458995,262.75,-13.05668,-38.4981,DEV0691,U474,0
T006940,U156,2026-05-23T22:19:45.720500,340.75,-15.76349,-47.98241,DEV0357,M018,1
T006941,U297,2026-05-24T09:44:47.028556,10.5,-23.55301,-46.5828,DEV0748,U295,0
T006942,U308,2026-05-24T05:00:05.051828,14.9,-19.93615,-43.95518,DEV0004,U439,0
T006943,U029,2026-05-24T06:42:40.421250,146.25,-12.97591,-38.53751,DEV0338,M024,0
T006944,U107,2026-05-23T20:49:42.596652,172.66,-23.52479,-46.58601,DEV0453,U160,0
T006945,U240,2026-05-23T09:10:59.281559,149.6,-13.00223,-38.42746,DEV0023,U430,0
T006946,U371,2026-05-23T07:19:45.138931,216.34,-23.53273,-46.68888,DEV0202,M077,0
T006947,U247,2026-05-23T10:44:40.268071,60.19,-22.97366,-43.19845,DEV0250,M012,0
T006948,U044,2026-05-24T03:48:30.109701,8.29,-15.81644,-47.91165,DEV0795,M039,0
T006949,U189,2026-05-24T11:01:06.500069,67.87,-30.14615,-51.20543,DEV0144,M048,0
T006950,U179,2026-05-24T00:38:17.042676,105.03,-23.46222,-46.61625,DEV0695,U109,0
T006951,U296,2026-05-24T16:38:10.871685,119.31,-29.99488,-51.22418,DEV0470,M080,0
T006952,U047,2026-05-23T03:54:18.183302,307.96,-23.61841,-46.64798,DEV0564,U201,0
T006953,U004,2026-05-23T07:02:20.509094,297.3,-19.80353,-43.92437,DEV0459,M064,0
T006954,U403,2026-05-23T21:18:48.190513,316.66,-15.79322,-47.95842,DEV0288,U132,0
T006955,U364,2026-05-23T18:34:46.766335,197.18,-15.78115,-47.84139,DEV0051,M092,0
T006956,U266,2026-05-23T11:47:30.472274,135.63,-29.96612,-51.17486,DEV0095,U360,0
T006957,U365,2026-05-24T15:27:57.363368,216.22,-23.50526,-46.6474,DEV0726,M025,0
T006958,U082,2026-05-23T13:29:15.351231,583.32,-29.99267,-51.32299,DEV0338,M011,0
T006959,U036,2026-05-24T02:18:09.178669,38.14,-12.95394,-38.48613,DEV0490,M069,0
T006960,U319,2026-05-23T19:11:03.459571,169.5,-22.89725,-43.16469,DEV0010,M016,0
T006961,U313,2026-05-23T17:30:22.007319,68.98,-15.77407,-47.87833,DEV0410,M026,0
T006962,U429,2026-05-24T09:07:57.132251,73.76,-23.5999,-46.5899,DEV0287,M015,0
T006963,U485,2026-05-23T21:57:14.602346,13.56,-23.5723,-46.67754,DEV0432,M041,0
T006964,U273,2026-05-23T07:09:07.223180,2.89,-23.56037,-46.57989,DEV0645,M075,0
T006965,U494,2026-05-24T01:20:44.261829,13.79,-19.87919,-43.98265,DEV0493,M057,0
T006966,U255,2026-05-23T06:31:59.811118,191.23,-22.98231,-43.15175,DEV0306,M057,0
T006967,U198,2026-05-24T09:27:10.947388,6.28,-12.97485,-38.49557,DEV0029,M042,0
T006968,U287,2026-05-23T19:02:49.677600,15.22,-19.87715,-43.98681,DEV0751,M048,0
T006969,U058,2026-05-23T10:31:17.812170,113.62,-19.94914,-43.90162,DEV0633,M086,0
T006970,U141,2026-05-24T02:47:55.908736,21.66,-25.45867,-49.3266,DEV0058,U430,0
T006971,U358,2026-05-24T03:26:00.999649,145.41,-25.45444,-49.37507,DEV0218,M066,0
T006972,U333,2026-05-24T11:05:12.387158,65092.41,-15.82523,-47.85091,DEV0132,M021,1
T006973,U428,2026-05-23T00:07:27.591055,59.51,-12.89813,-38.4817,DEV0342,M006,0
T006974,U428,2026-05-23T00:09:29.395370,35.3,-12.99039,-38.45476,DEV0342,M030,0
T006975,U111,2026-05-23T22:49:01.398044,226.2,-13.02627,-38.51373,DEV0518,M043,0
T006976,U129,2026-05-24T05:25:04.302227,113.4,-22.89564,-43.14701,DEV0800,M060,0
T006977,U393,2026-05-23T23:32:13.824203,81.19,-12.86294,-38.52113,DEV0055,M033,0
T006978,U180,2026-05-24T17:01:14.112338,54.35,-23.57292,-46.59113,DEV0798,M006,0
T006979,U467,2026-05-23T12:30:59.821330,43.49,-19.86617,-43.91763,DEV0620,M072,0
T006980,U420,2026-05-23T14:57:04.251882,2.9,-23.55088,-46.58108,DEV0359,M085,0
T006981,U331,2026-05-23T01:27:40.521559,28.21,-15.77853,-47.85871,DEV0291,M069,0
T006982,U251,2026-05-23T11:14:44.003782,216.71,-23.69104,-46.65699,DEV0624,M084,0
T006983,U148,2026-05-23T05:03:35.994890,523.61,-30.03555,-51.24415,DEV0581,M097,0
T006984,U294,2026-05-24T00:41:28.646298,338.19,-25.43066,-49.35747,DEV0394,M073,0
T006985,U337,2026-05-23T09:30:21.976273,7.7,-29.98661,-51.26159,DEV0575,M027,0
T006986,U137,2026-05-23T13:54:42.124618,3.53,-25.4284,-49.2733,DEV0350,U067,1
T006987,U180,2026-05-24T20:39:23.010826,191.5,-23.50729,-46.52774,DEV0798,M089,0
T006988,U089,2026-05-23T14:28:37.083009,220.15,-30.12669,-51.29556,DEV0009,M035,0
T006989,U104,2026-05-23T15:11:30.613740,95.34,-12.96302,-38.46758,DEV0563,M022,0
T006990,U080,2026-05-23T09:17:16.011217,44.07,-19.88199,-43.94934,DEV0148,M033,0
T006991,U153,2026-05-23T02:16:27.479408,74.54,-25.51976,-49.28532,DEV0453,M060,0
T006992,U490,2026-05-23T16:12:46.292841,40.6,-30.10927,-51.23734,DEV0302,U469,0
T006993,U491,2026-05-24T04:14:14.817782,19.43,-15.75845,-47.79338,DEV0226,M052,0
T006994,U404,2026-05-23T15:51:32.049614,687.9,-19.94467,-43.94764,DEV0452,U496,0
T006995,U205,2026-05-24T08:03:19.481014,181.81,-19.83434,-43.91605,DEV0039,M022,0
T006996,U020,2026-05-23T19:43:22.737713,252.88,-30.03929,-51.16985,DEV0428,U229,0
T006997,U441,2026-05-23T08:35:08.480924,6.93,-23.59572,-46.63454,DEV0762,M024,0
T006998,U216,2026-05-24T13:20:51.979241,133.14,-23.47531,-46.68207,DEV0402,M081,0
T006999,U439,2026-05-23T14:51:35.992339,18.98,-22.87722,-43.16766,DEV0055,M026,0
T007000,U498,2026-05-23T16:01:51.110190,809.11,-29.98474,-51.32273,DEV0727,M008,0
T007001,U477,2026-05-23T21:11:04.125741,7.68,-19.91113,-43.90964,DEV0039,M024,0
T007002,U042,2026-05-24T11:39:04.479202,56.29,-12.97561,-38.4248,DEV0462,M019,0
T007003,U434,2026-05-23T04:58:54.015210,47.22,-15.92276,-47.92304,DEV0363,U102,0
T007004,U345,2026-05-24T01:39:12.413354,308.3,-23.69777,-46.71906,DEV0411,U047,0
T007005,U295,2026-05-23T19:20:31.177974,83.39,-12.96456,-38.42488,DEV0146,M028,0
T007006,U109,2026-05-23T16:33:40.906702,105.5,-23.50533,-46.65946,DEV0512,M055,0
T007007,U214,2026-05-24T03:32:05.076839,214.63,-12.9578,-38.53901,DEV0203,U267,0
T007008,U190,2026-05-23T11:48:56.691877,377.26,-12.99988,-38.57936,DEV0693,M018,0
T007009,U232,2026-05-23T15:50:52.024595,14.83,-15.78485,-48.03106,DEV0065,M057,0
T007010,U153,2026-05-23T05:46:15.876580,188.91,-25.51289,-49.21379,DEV0453,M097,0
T007011,U163,2026-05-23T19:05:20.917634,21.29,-19.92786,-43.94593,DEV0380,M040,0
T007012,U098,2026-05-23T13:42:25.903560,19.99,-25.31365,-49.23261,DEV0161,U400,0
T007013,U353,2026-05-23T07:19:59.212872,324.15,-30.09062,-51.18518,DEV0627,U105,0
T007014,U225,2026-05-24T02:52:47.680191,10.28,-19.88467,-43.91411,DEV0502,M051,0
T007015,U236,2026-05-24T06:54:05.143375,7.13,-23.65141,-46.60083,DEV0610,M087,0
T007016,U079,2026-05-23T04:19:01.525712,41.33,-19.84361,-43.87743,DEV0346,U224,0
T007017,U295,2026-05-23T20:28:59.186900,10.22,-13.09836,-38.61831,DEV0146,M035,0
T007018,U293,2026-05-23T16:13:24.262746,33.39,-23.6142,-46.6085,DEV0525,M071,0
T007019,U371,2026-05-23T07:44:03.619701,32.56,-23.55443,-46.65521,DEV0202,M011,0
T007020,U396,2026-05-23T15:42:00.110756,175.59,-30.08222,-51.14506,DEV0476,U113,0
T007021,U053,2026-05-23T08:14:20.186529,57.68,-15.73772,-47.96306,DEV0646,M054,0
T007022,U097,2026-05-23T19:57:46.787094,506.37,-19.80952,-43.93263,DEV0720,M095,0
T007023,U038,2026-05-23T15:41:49.490425,10.89,-25.32536,-49.28697,DEV0033,M068,0
T007024,U341,2026-05-23T11:06:27.718870,156.74,-30.06341,-51.34187,DEV0179,U019,0
T007025,U264,2026-05-23T18:58:11.665561,44.33,-19.92034,-43.93199,DEV0043,M018,0
T007026,U356,2026-05-23T08:17:11.092291,46.2,-22.87624,-43.17174,DEV0550,U330,0
T007027,U111,2026-05-23T22:50:55.854134,43.93,-12.98978,-38.39762,DEV0518,M032,0
T007028,U211,2026-05-24T09:13:06.851367,573.25,-23.58973,-46.6528,DEV0117,U251,0
T007029,U270,2026-05-23T21:29:56.964237,29.45,-13.0109,-38.51814,DEV0634,M073,0
T007030,U058,2026-05-23T12:58:53.018953,20.47,-19.92833,-43.82408,DEV0633,M002,0
T007031,U229,2026-05-23T16:46:08.623820,19.56,-13.01456,-38.42467,DEV0450,M020,0
T007032,U377,2026-05-24T08:46:46.958432,217.89,-23.50013,-46.60242,DEV0180,M076,0
T007033,U386,2026-05-23T17:55:48.377176,28.33,-19.95037,-43.94811,DEV0318,U040,0
T007034,U431,2026-05-23T22:22:05.517436,188.74,-12.99148,-38.41071,DEV0455,M010,0
T007035,U029,2026-05-24T08:27:20.979973,154.05,-12.90985,-38.45073,DEV0338,M062,0
T007036,U428,2026-05-23T00:50:21.938370,20.0,-13.05784,-38.52747,DEV0342,U425,0
T007037,U049,2026-05-23T10:35:04.150105,82.46,-30.05103,-51.14028,DEV0749,M012,0
T007038,U417,2026-05-23T23:01:09.529256,413.89,-19.93992,-43.90353,DEV0727,U072,0
T007039,U038,2026-05-23T15:53:57.987795,17.86,-25.41094,-49.29233,DEV0033,U363,0
T007040,U021,2026-05-24T09:14:54.619564,26.74,-29.98324,-51.3048,DEV0035,M012,0
T007041,U220,2026-05-24T04:59:06.472993,128.19,-19.93892,-43.94182,DEV0012,M059,0
T007042,U275,2026-05-23T22:33:17.171709,132.06,-15.85033,-47.84074,DEV0730,M076,0
T007043,U337,2026-05-23T10:37:51.261736,9.14,-30.08515,-51.13438,DEV0575,M013,0
T007044,U138,2026-05-24T07:16:42.050735,904.08,-30.01862,-51.20019,DEV0656,U104,0
T007045,U307,2026-05-23T15:12:25.974863,42.0,-15.86867,-47.96567,DEV0322,M052,0
T007046,U301,2026-05-23T08:34:26.089376,51.01,-12.96319,-38.49702,DEV0662,M074,0
T007047,U326,2026-05-23T07:41:40.145668,477.22,-12.97295,-38.49881,DEV0376,M020,0
T007048,U165,2026-05-23T16:06:35.480844,1844.49,-25.42324,-49.29176,DEV0577,M073,0
T007049,U233,2026-05-23T12:42:05.123414,59.66,-30.09761,-51.25809,DEV0177,M041,0
T007050,U264,2026-05-23T23:06:18.154622,491.2,-19.96006,-43.99354,DEV0043,M096,1
T007051,U440,2026-05-24T00:59:48.244068,239.92,-15.76362,-47.90244,DEV0406,M062,0
T007052,U065,2026-05-23T11:42:13.845031,4.18,-15.74929,-47.94652,DEV0386,M026,0
T007053,U244,2026-05-24T05:59:19.544562,28.16,-12.82535,-38.49225,DEV0772,M093,0
T007054,U201,2026-05-23T08:18:11.643371,5.97,-30.03119,-51.29472,DEV0327,U500,0
T007055,U325,2026-05-24T11:38:07.214302,206.02,-15.77222,-47.86806,DEV0236,U354,0
T007056,U013,2026-05-23T08:44:46.537295,108.11,-23.5505,-46.6333,DEV0563,M022,1
T007057,U391,2026-05-23T19:05:14.517583,130.51,-23.53584,-46.5304,DEV0114,U118,0
T007058,U342,2026-05-24T01:03:17.204186,192.09,-25.35927,-49.29964,DEV0015,M076,0
T007059,U058,2026-05-23T16:43:41.871967,324.3,-19.8612,-43.85232,DEV0633,U033,0
T007060,U028,2026-05-24T10:28:03.063994,33.47,-25.37097,-49.21077,DEV0702,M080,0
T007061,U330,2026-05-24T17:14:31.428289,20.45,-23.54738,-46.63069,DEV0229,M056,0
T007062,U333,2026-05-24T12:29:44.618896,27.28,-15.77354,-47.95694,DEV0132,M023,0
T007063,U277,2026-05-23T06:39:04.081259,5.29,-23.60505,-46.60674,DEV0214,M038,0
T007064,U154,2026-05-23T18:09:36.488338,224.06,-22.98847,-43.16586,DEV0474,M044,0
T007065,U364,2026-05-23T22:52:38.211720,24.51,-15.77346,-47.95922,DEV0051,M023,0
T007066,U356,2026-05-23T09:49:56.798661,34.22,-22.83582,-43.15928,DEV0550,M098,0
T007067,U126,2026-05-23T14:36:54.277989,190.49,-22.9388,-43.10106,DEV0036,M090,0
T007068,U298,2026-05-23T02:07:12.498319,68529.21,-23.60886,-46.68629,DEV0613,M050,1
T007069,U001,2026-05-24T11:19:44.908743,37.89,-30.02603,-51.20701,DEV0436,M011,0
T007070,U356,2026-05-23T10:26:18.609623,150.0,-22.8158,-43.16322,DEV0550,M017,0
T007071,U012,2026-05-24T03:43:21.391326,5.91,-30.00394,-51.20003,DEV0190,M060,0
T007072,U409,2026-05-24T11:29:55.223652,56.49,-22.92302,-43.19748,DEV0514,M070,0
T007073,U377,2026-05-24T11:14:35.168989,80.99,-23.55404,-46.60772,DEV0180,M093,0
T007074,U159,2026-05-23T16:36:20.335174,337.03,-23.12157,-43.26831,DEV0659,U351,0
T007075,U472,2026-05-23T08:35:19.178628,475.84,-13.04658,-38.55172,DEV0722,U246,0
T007076,U323,2026-05-23T20:41:12.877914,115.38,-19.97702,-43.97431,DEV0550,U214,0
T007077,U057,2026-05-23T14:20:12.663347,82.2,-15.78001,-47.88286,DEV0225,U480,0
T007078,U074,2026-05-23T17:30:09.500394,359.3,-12.98006,-38.50973,DEV0610,M017,0
T007079,U088,2026-05-24T12:05:21.178230,70.39,-13.01476,-38.49416,DEV0037,U365,0
T007080,U194,2026-05-23T17:11:27.616302,32.74,-23.57675,-46.58707,DEV0074,U452,0
T007081,U305,2026-05-23T04:26:05.972041,30.08,-30.02517,-51.17357,DEV0243,U233,0
T007082,U121,2026-05-23T19:38:54.440280,309.82,-19.92962,-43.99739,DEV0490,M013,0
T007083,U418,2026-05-23T12:57:57.172519,181.5,-23.56046,-46.66086,DEV0115,U319,0
T007084,U188,2026-05-23T20:21:00.240957,82.7,-23.54907,-46.58149,DEV0469,U157,0
T007085,U085,2026-05-23T20:42:14.476878,2585.52,-25.42096,-49.25569,DEV0144,M063,1
T007086,U424,2026-05-24T06:10:30.904840,129.26,-15.76633,-47.88684,DEV0146,M046,0
T007087,U187,2026-05-24T03:26:24.006781,44.77,-12.95396,-38.52736,DEV0069,M057,0
T007088,U122,2026-05-23T14:20:51.209816,201.44,-15.7801,-47.9292,DEV0104,M100,1
T007089,U404,2026-05-23T21:17:01.533082,349.38,-15.7801,-47.9292,DEV0452,M076,1
T007090,U335,2026-05-23T21:22:29.365463,125.78,-29.93497,-51.26886,DEV0616,U013,0
T007091,U462,2026-05-23T19:01:28.406232,110.53,-12.9386,-38.4615,DEV0519,M028,0
T007092,U042,2026-05-24T12:26:16.156194,168.83,-13.00632,-38.51721,DEV0462,U070,0
T007093,U204,2026-05-24T01:43:06.492040,7.32,-30.0283,-51.21417,DEV0091,M036,0
T007094,U417,2026-05-24T01:15:45.702230,85.56,-19.92609,-43.89313,DEV0727,M062,0
T007095,U148,2026-05-23T06:33:18.062871,127.88,-30.01472,-51.29887,DEV0581,U483,0
T007096,U186,2026-05-24T02:42:51.087266,162.51,-25.46056,-49.31137,DEV0506,M025,0
T007097,U361,2026-05-23T09:04:02.392393,709.73,-25.43833,-49.20401,DEV0356,U152,0
T007098,U407,2026-05-23T06:10:25.280235,196.3,-23.56426,-46.58536,DEV0151,M026,0
T007099,U060,2026-05-24T00:41:21.113900,193.7,-19.87515,-44.00421,DEV0649,U136,0
T007100,U133,2026-05-23T12:05:59.556840,424.3,-25.4651,-49.26869,DEV0682,M017,0
T007101,U490,2026-05-23T16:54:48.812980,343.0,-30.08767,-51.24633,DEV0302,M098,0
T007102,U403,2026-05-24T03:01:27.732410,78.48,-12.9714,-38.5014,DEV0288,U321,1
T007103,U491,2026-05-24T05:33:45.568336,36.16,-15.7581,-47.99024,DEV0226,U367,0
T007104,U076,2026-05-24T19:24:36.945328,178.31,-23.59161,-46.622,DEV0201,M057,0
T007105,U346,2026-05-23T19:29:14.293619,242.16,-15.8304,-48.09151,DEV0196,U092,0
T007106,U349,2026-05-23T20:33:11.739250,47.04,-29.99023,-51.24434,DEV0228,U385,0
T007107,U188,2026-05-23T20:37:02.475318,902.02,-23.51779,-46.6569,DEV0469,U237,0
T007108,U439,2026-05-23T15:31:51.597955,383.71,-22.96473,-43.14713,DEV0055,U399,0
T007109,U472,2026-05-23T11:27:45.613281,191.29,-12.98292,-38.42874,DEV0722,U382,0
T007110,U349,2026-05-23T20:55:57.079287,244.56,-30.10832,-51.24179,DEV0228,M001,0
T007111,U489,2026-05-23T07:35:25.704644,1363.19,-25.40008,-49.31481,DEV0710,U380,0
T007112,U292,2026-05-23T06:46:04.649137,19.66,-22.92594,-43.19516,DEV0126,M004,0
T007113,U470,2026-05-23T18:29:22.288150,37.47,-30.0887,-51.24262,DEV0527,U088,0
T007114,U167,2026-05-23T18:16:36.006851,9.71,-13.07128,-38.54228,DEV0012,M014,0
T007115,U428,2026-05-23T01:14:08.684668,53.7,-13.01601,-38.49627,DEV0342,M008,0
T007116,U373,2026-05-23T13:01:19.843898,404.15,-29.9619,-51.2186,DEV0244,U014,0
T007117,U408,2026-05-23T20:05:19.765181,59.73,-13.01165,-38.61819,DEV0548,U058,0
T007118,U094,2026-05-23T11:01:26.129252,22.95,-15.77713,-47.81376,DEV0227,M038,0
T007119,U308,2026-05-24T08:22:25.834584,4.27,-19.83331,-43.96404,DEV0004,M032,0
T007120,U098,2026-05-23T17:20:18.010526,17.86,-25.34895,-49.23869,DEV0161,M084,0
T007121,U489,2026-05-23T08:22:04.641922,771.26,-25.33398,-49.2082,DEV0710,U339,0
T007122,U412,2026-05-23T21:03:22.190379,28.24,-25.47869,-49.25382,DEV0532,M028,0
T007123,U448,2026-05-23T23:41:23.235323,3.54,-30.02662,-51.15229,DEV0131,M077,0
T007124,U408,2026-05-24T03:17:25.904036,288.58,-12.99793,-38.57966,DEV0548,M084,0
T007125,U055,2026-05-24T05:29:08.548820,17.63,-15.79094,-47.90615,DEV0331,M100,0
T007126,U318,2026-05-23T08:35:20.277413,11.4,-12.99701,-38.54995,DEV0259,U378,0
T007127,U151,2026-05-23T15:24:30.426800,120.81,-15.78903,-47.88352,DEV0220,M002,0
T007128,U260,2026-05-24T09:39:11.741658,58.28,-13.01897,-38.59974,DEV0797,M048,0
T007129,U414,2026-05-23T10:19:30.966468,21.42,-22.95589,-43.16998,DEV0053,U491,0
T007130,U482,2026-05-23T22:25:54.780096,14.62,-23.49756,-46.59899,DEV0689,U236,0
T007131,U394,2026-05-23T03:37:24.851624,3.73,-22.98813,-43.20046,DEV0458,U120,0
T007132,U155,2026-05-24T02:56:56.003893,31.1,-29.96781,-51.18836,DEV0612,U224,0
T007133,U053,2026-05-23T09:19:33.349507,136.98,-15.78626,-47.89448,DEV0646,M073,0
T007134,U496,2026-05-24T02:35:56.623995,745.92,-23.58047,-46.61553,DEV0753,U431,0
T007135,U347,2026-05-23T09:05:59.428222,713.01,-22.77985,-43.17976,DEV0517,M070,0
T007136,U014,2026-05-23T20:20:10.811803,14.29,-25.45088,-49.20196,DEV0505,U433,0
T007137,U462,2026-05-23T20:43:02.055298,23.45,-12.90845,-38.51038,DEV0519,U455,0
T007138,U352,2026-05-23T18:38:17.275578,135.93,-25.42755,-49.25161,DEV0685,U444,0
T007139,U156,2026-05-24T00:43:30.835248,90.83,-15.78565,-47.92583,DEV0357,M008,0
T007140,U171,2026-05-23T11:14:01.085243,83.24,-20.01718,-43.92715,DEV0617,M019,0
T007141,U422,2026-05-23T09:50:27.118699,96.25,-22.87651,-43.15792,DEV0442,M086,0
T007142,U444,2026-05-22T21:22:06.432080,106.07,-22.85614,-43.116,DEV0201,U025,0
T007143,U176,2026-05-23T16:46:41.099835,35.44,-19.9417,-43.87753,DEV0689,M077,0
T007144,U054,2026-05-23T12:02:40.366516,18.39,-25.46701,-49.34315,DEV0556,M002,0
T007145,U141,2026-05-24T03:55:18.347564,7.95,-25.42811,-49.35953,DEV0058,U454,0
T007146,U286,2026-05-23T16:51:26.418663,245.23,-20.01451,-43.91621,DEV0623,U269,0
T007147,U360,2026-05-23T21:10:03.891031,195.61,-29.99184,-51.32297,DEV0616,M049,0
T007148,U052,2026-05-23T12:21:18.055834,181.98,-25.4102,-49.33992,DEV0578,U288,0
T007149,U232,2026-05-23T18:01:56.921669,122.14,-15.75493,-47.87007,DEV0065,U430,0
T007150,U494,2026-05-24T04:00:06.264956,15.26,-19.88317,-43.90779,DEV0493,M037,0
T007151,U209,2026-05-23T22:08:09.762170,13.55,-19.91403,-43.90066,DEV0348,M008,0
T007152,U023,2026-05-23T14:49:02.236295,55.36,-22.85792,-43.20367,DEV0390,M057,0
T007153,U390,2026-05-23T06:58:24.610056,46.79,-30.00615,-51.26205,DEV0194,U407,0
T007154,U135,2026-05-23T12:48:55.820223,10.75,-12.96095,-38.45972,DEV0572,M041,0
T007155,U112,2026-05-23T22:07:56.653502,175.31,-23.55757,-46.69763,DEV0037,M018,0
T007156,U403,2026-05-24T07:01:48.844134,363.11,-15.76584,-47.91802,DEV0288,M028,0
T007157,U168,2026-05-24T01:39:22.118891,14.34,-22.89867,-43.26002,DEV0253,M100,0
T007158,U283,2026-05-23T19:08:39.482260,10.89,-22.88309,-43.16135,DEV0028,M007,0
T007159,U178,2026-05-24T11:40:13.985518,63.92,-15.78427,-47.99813,DEV0736,M041,0
T007160,U328,2026-05-24T14:13:07.011848,589.99,-23.66171,-46.63043,DEV0296,M001,0
T007161,U318,2026-05-23T11:29:56.534559,5.15,-12.95626,-38.47612,DEV0259,M024,0
T007162,U243,2026-05-23T14:34:08.255077,169.52,-15.77473,-47.93752,DEV0001,U454,0
T007163,U065,2026-05-23T12:50:40.567302,329.46,-15.77439,-47.88994,DEV0386,M030,0
T007164,U103,2026-05-24T06:22:47.247943,1604.65,-15.79663,-47.99473,DEV0670,U294,0
T007165,U216,2026-05-24T15:09:10.491259,16.63,-23.51451,-46.63417,DEV0402,M052,0
T007166,U343,2026-05-24T09:43:32.103983,145.74,-23.55315,-46.5755,DEV0478,M096,0
T007167,U091,2026-05-23T19:51:47.944057,269.37,-15.76852,-47.95296,DEV0120,M087,0
T007168,U377,2026-05-24T12:37:44.424602,109.07,-23.52745,-46.61161,DEV0180,M019,0
T007169,U443,2026-05-23T07:10:42.850146,108.32,-19.91013,-43.94551,DEV0507,M071,0
T007170,U075,2026-05-23T11:16:28.257444,19.08,-19.97288,-43.97159,DEV0511,M016,0
T007171,U405,2026-05-23T05:08:56.323813,13.02,-15.7301,-47.93066,DEV0469,M058,0
T007172,U044,2026-05-24T04:02:06.436577,24.65,-15.87396,-47.94332,DEV0795,M081,0
T007173,U407,2026-05-23T06:16:51.087538,132.77,-23.6393,-46.59455,DEV0151,U442,0
T007174,U137,2026-05-23T13:55:42.185330,37.88,-12.99357,-38.52721,DEV0350,U493,0
T007175,U408,2026-05-24T05:05:27.281506,44.17,-13.01828,-38.55695,DEV0548,U163,0
T007176,U317,2026-05-24T15:37:30.608202,3378.49,-12.85537,-38.55442,DEV0139,M095,0
T007177,U278,2026-05-23T23:44:09.225637,134.35,-15.76777,-47.94371,DEV0107,M029,0
T007178,U402,2026-05-23T20:57:28.689399,32.8,-30.03995,-51.15652,DEV0264,U302,0
T007179,U048,2026-05-23T05:53:18.943465,71.63,-25.36362,-49.20491,DEV0734,M097,0
T007180,U207,2026-05-23T09:49:41.662728,497.88,-15.79672,-47.93503,DEV0058,M092,0
T007181,U143,2026-05-24T13:49:47.323179,144.94,-30.02196,-51.2535,DEV0127,M056,0
T007182,U082,2026-05-23T15:31:25.148505,159.38,-30.01178,-51.23884,DEV0338,U231,0
T007183,U330,2026-05-24T18:00:16.258639,29.78,-23.5088,-46.63122,DEV0229,M050,0
T007184,U174,2026-05-23T09:29:15.132630,215.42,-23.58613,-46.79106,DEV0277,M034,0
T007185,U270,2026-05-23T21:34:48.764816,100.32,-12.90448,-38.43516,DEV0634,U372,0
T007186,U478,2026-05-23T13:20:44.334677,3.46,-12.99685,-38.59276,DEV0477,M018,0
T007187,U216,2026-05-24T16:56:17.891707,56.03,-23.50955,-46.56717,DEV0402,M037,0
T007188,U082,2026-05-23T15:48:27.351460,25.74,-30.03523,-51.28465,DEV0338,M078,0
T007189,U086,2026-05-24T07:02:55.037317,276.67,-23.50094,-46.57,DEV0389,M040,1
T007190,U438,2026-05-23T07:41:13.890397,62608.27,-19.87919,-44.00625,DEV0744,U051,1
T007191,U013,2026-05-23T09:56:42.685338,7.56,-15.78993,-47.79901,DEV0563,U438,0
T007192,U370,2026-05-24T01:02:33.158209,62.33,-13.06736,-38.39698,DEV0431,U148,0
T007193,U435,2026-05-23T03:57:28.762401,39.68,-12.91839,-38.47989,DEV0292,M004,0
T007194,U166,2026-05-23T13:23:30.318919,57.11,-22.96205,-43.21228,DEV0043,M044,0
T007195,U220,2026-05-24T07:05:38.446902,400.22,-19.87289,-43.92154,DEV0012,U051,0
T007196,U177,2026-05-24T16:43:58.034654,25.38,-25.41884,-49.15816,DEV0096,U011,0
T007197,U160,2026-05-23T07:48:31.790368,225.44,-23.55496,-46.64735,DEV0325,M015,1
T007198,U399,2026-05-24T11:36:01.897962,60.63,-30.00009,-51.28302,DEV0443,M036,0
T007199,U315,2026-05-23T18:28:01.967450,1.53,-23.55448,-46.57058,DEV0140,M046,0
T007200,U026,2026-05-24T00:26:06.481519,77.25,-15.84702,-48.00424,DEV0270,M039,0
T007201,U198,2026-05-24T11:07:48.751288,25.86,-13.00269,-38.49463,DEV0029,M057,0
T007202,U135,2026-05-23T16:59:58.314189,61.64,-13.01804,-38.49824,DEV0572,U276,0
T007203,U330,2026-05-24T18:07:29.355858,55.14,-23.50531,-46.63291,DEV0229,M023,0
T007204,U420,2026-05-23T15:52:46.386644,49.37,-23.56506,-46.56249,DEV0359,M080,0
T007205,U406,2026-05-24T00:53:35.342443,234.96,-30.0274,-51.36828,DEV0007,M019,0
T007206,U095,2026-05-23T21:01:59.484589,191.98,-23.54204,-46.64725,DEV0099,M077,0
T007207,U205,2026-05-24T11:09:27.056095,85.59,-19.88374,-43.83118,DEV0039,U325,0
T007208,U338,2026-05-23T11:24:45.349586,60296.05,-23.46288,-46.57847,DEV0145,U323,1
T007209,U336,2026-05-24T01:27:04.609734,296.6,-19.87592,-43.89279,DEV0637,M076,0
T007210,U029,2026-05-24T09:10:54.854705,86.38,-12.97483,-38.46259,DEV0338,M065,0
T007211,U119,2026-05-24T15:45:36.863497,38.61,-15.80654,-47.94055,DEV0792,M096,0
T007212,U301,2026-05-23T12:13:29.839251,32.77,-12.89224,-38.54843,DEV0662,M098,0
T007213,U017,2026-05-24T13:04:45.245790,91.6,-25.44144,-49.32259,DEV0014,M075,0
T007214,U365,2026-05-24T17:32:52.027018,872.39,-23.5885,-46.57133,DEV0726,M057,0
T007215,U496,2026-05-24T02:42:26.689732,860.56,-23.58262,-46.62725,DEV0753,U051,0
T007216,U134,2026-05-23T15:05:15.833492,79.54,-15.83099,-47.94362,DEV0444,M021,0
T007217,U340,2026-05-23T20:57:50.840332,101.85,-30.00439,-51.26091,DEV0198,M080,0
T007218,U214,2026-05-24T03:52:27.451194,1245.57,-13.00826,-38.40814,DEV0203,M002,0
T007219,U275,2026-05-24T05:30:25.277879,119.95,-15.82849,-47.89863,DEV0730,M044,0
T007220,U362,2026-05-24T05:30:22.996295,9.28,-12.95882,-38.49503,DEV0127,M025,0
T007221,U141,2026-05-24T04:55:41.961747,19.25,-25.35747,-49.34651,DEV0058,M052,0
T007222,U235,2026-05-23T15:21:45.783253,4.63,-19.80891,-43.88091,DEV0795,U060,0
T007223,U289,2026-05-23T22:59:44.584759,5000.0,-19.89948,-43.92536,DEV0015,U428,1
T007224,U428,2026-05-23T22:59:54.584759,4950.0,-12.9714,-38.5014,DEV0342,U104,1
T007225,U104,2026-05-23T23:00:04.584759,4900.0,-12.9714,-38.5014,DEV0563,U289,1
T007226,U452,2026-05-23T02:37:39.108770,46.93,-29.96836,-51.19947,DEV0497,M060,0
T007227,U063,2026-05-23T18:14:56.239072,47.54,-23.56374,-46.67109,DEV0692,M001,0
T007228,U399,2026-05-24T15:29:19.971965,264.36,-29.96608,-51.205,DEV0443,M043,0
T007229,U078,2026-05-24T02:26:29.118168,137.21,-25.38744,-49.17747,DEV0764,M061,0
T007230,U148,2026-05-23T06:43:17.045653,23.98,-30.03201,-51.19544,DEV0581,M002,0
T007231,U156,2026-05-24T01:15:03.005424,248.95,-15.79315,-47.93813,DEV0357,M016,0
T007232,U472,2026-05-23T15:58:26.773524,298.86,-12.96074,-38.52271,DEV0722,M092,0
T007233,U090,2026-05-23T11:05:55.938589,441.73,-19.87081,-43.82878,DEV0208,U240,0
T007234,U039,2026-05-24T03:11:17.352587,50.09,-30.06432,-51.14385,DEV0574,M030,0
T007235,U054,2026-05-23T18:22:05.196512,22.97,-25.45792,-49.28623,DEV0556,U406,0
T007236,U233,2026-05-23T14:26:22.150690,112.78,-30.05434,-51.20282,DEV0177,M054,0
T007237,U497,2026-05-23T07:31:04.266156,12.55,-15.82409,-47.99863,DEV0517,U081,0
T007238,U096,2026-05-23T07:50:07.094046,89.93,-22.85504,-43.17114,DEV0338,M013,0
T007239,U047,2026-05-23T03:56:38.206908,2.87,-23.55938,-46.64489,DEV0564,M046,0
T007240,U374,2026-05-23T06:41:49.871553,43.17,-19.85968,-43.99166,DEV0386,M041,0
T007241,U004,2026-05-23T08:16:06.010146,66.88,-19.91482,-43.89109,DEV0459,U236,0
T007242,U080,2026-05-23T10:45:49.119758,34.62,-19.95044,-43.92814,DEV0148,M037,0
T007243,U357,2026-05-23T17:15:09.826214,2257.12,-29.97062,-51.16695,DEV0658,M075,1
T007244,U274,2026-05-24T03:12:32.790459,27.61,-22.83066,-43.13604,DEV0046,M021,0
T007245,U174,2026-05-23T11:23:57.486321,134.22,-23.5227,-46.57871,DEV0277,M065,0
T007246,U300,2026-05-24T07:25:18.301996,110.1,-25.4284,-49.2733,DEV0741,U047,1
T007247,U339,2026-05-23T17:22:05.735924,20.65,-29.96838,-51.20645,DEV0616,M023,0
T007248,U396,2026-05-23T16:08:41.653068,385.12,-30.07553,-51.31484,DEV0476,U201,0
T007249,U189,2026-05-24T11:44:11.599306,525.18,-30.10888,-51.2462,DEV0144,M054,0
T007250,U377,2026-05-24T15:02:22.630653,6.18,-23.67899,-46.63594,DEV0180,M072,0
T007251,U416,2026-05-23T15:51:05.667119,26.36,-23.54553,-46.64728,DEV0714,U330,0
T007252,U434,2026-05-23T06:23:38.437097,63.38,-15.70944,-47.85354,DEV0363,U377,0
T007253,U174,2026-05-23T18:24:01.785108,30.43,-23.50758,-46.69246,DEV0277,M002,0
T007254,U272,2026-05-24T00:15:09.058288,17.62,-22.94391,-43.15053,DEV0534,M017,0
T007255,U389,2026-05-24T00:59:05.113063,341.14,-22.91379,-43.20214,DEV0769,M100,0
T007256,U076,2026-05-24T20:12:53.422549,306.92,-23.48714,-46.63609,DEV0201,M040,0
T007257,U197,2026-05-23T04:59:21.103562,6.38,-23.48403,-46.60297,DEV0795,U355,0
T007258,U037,2026-05-23T18:00:43.485681,698.1,-23.4537,-46.70118,DEV0028,M036,0
T007259,U335,2026-05-24T00:35:53.002483,85.19,-29.99921,-51.20748,DEV0616,M063,0
T007260,U461,2026-05-23T13:46:26.671858,32.47,-23.5505,-46.6333,DEV0391,M082,1
T007261,U257,2026-05-23T02:41:20.460492,131.06,-30.06849,-51.29439,DEV0308,M030,0
T007262,U484,2026-05-23T15:03:13.082211,93085.53,-25.35812,-49.25597,DEV0146,U154,1
T007263,U242,2026-05-23T02:45:45.070318,99.75,-23.55079,-46.63739,DEV0085,U363,0
T007264,U406,2026-05-24T04:34:53.930079,261.34,-29.99966,-51.23674,DEV0007,M079,0
T007265,U493,2026-05-22T20:42:54.793333,32.34,-25.3162,-49.30343,DEV0575,M098,0
T007266,U308,2026-05-24T08:42:10.291935,2.45,-19.89018,-43.89934,DEV0004,M086,0
T007267,U072,2026-05-23T04:43:25.303610,120.21,-30.04005,-51.26293,DEV0203,M005,0
T007268,U047,2026-05-23T05:06:28.893059,142.6,-23.48195,-46.61063,DEV0564,M014,0
T007269,U388,2026-05-23T08:40:00.952612,58.51,-15.74874,-47.93695,DEV0144,M056,0
T007270,U293,2026-05-23T17:01:16.869726,58.65,-23.56926,-46.56178,DEV0525,M052,0
T007271,U097,2026-05-23T20:16:48.876154,10.07,-19.95766,-43.96144,DEV0720,M064,0
T007272,U080,2026-05-23T12:14:53.076691,479.5,-19.92836,-43.93811,DEV0148,M099,0
T007273,U126,2026-05-23T15:19:17.780101,629.67,-22.88145,-43.12713,DEV0036,M068,0
T007274,U176,2026-05-23T17:38:51.105699,138.83,-19.93288,-43.96476,DEV0689,M059,0
T007275,U230,2026-05-23T10:37:47.380027,179.02,-15.75645,-48.08546,DEV0242,U330,0
T007276,U253,2026-05-25T04:27:39.168248,112.31,-15.73812,-47.983,DEV0578,M028,0
T007277,U377,2026-05-24T17:27:06.939096,78.2,-23.54518,-46.64464,DEV0180,U038,0
T007278,U224,2026-05-23T19:50:57.805838,115.63,-25.469,-49.30345,DEV0041,M057,0
T007279,U068,2026-05-24T15:48:51.649441,9.98,-25.4152,-49.28158,DEV0566,M045,0
T007280,U196,2026-05-24T13:43:07.349886,21.07,-15.83104,-47.92841,DEV0653,U095,0
T007281,U448,2026-05-24T00:05:56.164843,16.14,-30.00126,-51.22995,DEV0131,U102,0
T007282,U077,2026-05-24T15:28:17.211572,1.3,-15.74993,-47.87651,DEV0464,M054,0
T007283,U431,2026-05-23T23:22:18.905771,77.56,-12.99192,-38.47551,DEV0455,M098,0
T007284,U438,2026-05-23T12:00:59.227286,97.97,-19.92312,-43.91974,DEV0744,M072,0
T007285,U259,2026-05-23T19:36:43.771744,62.43,-29.97222,-51.24272,DEV0106,M057,0
T007286,U058,2026-05-23T21:34:24.281132,4338.69,-19.89587,-43.92672,DEV0633,M071,1
T007287,U287,2026-05-23T21:09:02.215876,36.31,-19.95027,-43.8956,DEV0751,M054,0
T007288,U340,2026-05-23T22:05:41.988232,161.93,-30.03885,-51.32162,DEV0198,M052,0
T007289,U013,2026-05-23T10:20:04.137684,117.73,-15.78705,-47.88596,DEV0563,U246,0
T007290,U286,2026-05-23T18:12:05.872348,497.14,-19.9023,-43.89368,DEV0623,U270,0
T007291,U239,2026-05-23T22:28:30.902445,1196.53,-13.00067,-38.52385,DEV0645,M043,0
T007292,U189,2026-05-24T00:32:12.185948,1533.44,-30.12264,-51.18174,DEV0144,M051,1
T007293,U282,2026-05-24T00:59:03.451206,12.53,-30.0532,-51.22421,DEV0056,M016,0
T007294,U260,2026-05-24T10:23:56.677832,49.55,-12.91143,-38.50446,DEV0797,U048,0
T007295,U288,2026-05-24T02:31:25.559508,44.57,-22.85435,-43.18342,DEV0506,M040,0
T007296,U441,2026-05-23T08:44:21.040112,30.49,-23.49569,-46.69819,DEV0762,U111,0
T007297,U447,2026-05-23T08:43:52.468718,65.88,-19.82672,-43.90343,DEV0616,M016,0
T007298,U500,2026-05-23T05:16:21.917330,76.16,-12.94668,-38.49598,DEV0490,M026,0
T007299,U333,2026-05-24T12:50:32.093036,63.63,-15.74377,-47.97792,DEV0132,M013,0
T007300,U258,2026-05-23T17:53:06.790094,428.81,-23.51513,-46.60323,DEV0714,M097,1
T007301,U375,2026-05-24T10:07:02.968782,140.46,-19.88822,-43.92027,DEV0418,M027,0
T007302,U036,2026-05-24T06:36:01.863521,84.91,-12.90627,-38.5113,DEV0490,M065,0
T007303,U386,2026-05-23T18:32:15.925430,25.47,-19.96665,-43.88697,DEV0318,M009,0
T007304,U157,2026-05-23T19:44:23.474727,140.93,-22.95284,-43.11098,DEV0758,M023,0
T007305,U356,2026-05-23T11:55:21.570819,43.04,-22.89647,-43.21732,DEV0550,U397,0
T007306,U481,2026-05-23T17:59:18.958753,40.38,-15.84196,-47.96075,DEV0359,M063,0
T007307,U157,2026-05-23T21:06:19.170578,246.95,-22.91021,-43.15563,DEV0758,U135,0
T007308,U378,2026-05-23T17:17:19.121414,53.73,-23.48426,-46.68114,DEV0177,M025,0
T007309,U018,2026-05-24T21:58:41.347353,10.08,-23.6457,-46.62554,DEV0346,M085,0
T007310,U026,2026-05-24T00:30:26.903678,68.32,-15.82876,-47.93328,DEV0270,U038,0
T007311,U155,2026-05-24T04:38:39.336580,101.74,-30.06524,-51.1928,DEV0612,U466,0
T007312,U405,2026-05-23T06:41:11.013502,112.37,-15.771,-47.91901,DEV0469,M028,0
T007313,U139,2026-05-24T09:55:49.822405,21.37,-25.39637,-49.27462,DEV0106,U241,0
T007314,U471,2026-05-23T19:37:38.452602,176.45,-25.47432,-49.28456,DEV0349,U485,0
T007315,U310,2026-05-23T16:06:51.236469,491.18,-19.80758,-43.90285,DEV0574,M068,0
T007316,U341,2026-05-23T11:41:24.945298,12.62,-29.99592,-51.14832,DEV0179,U094,0
T007317,U300,2026-05-24T07:41:42.458333,345.82,-19.85545,-43.94057,DEV0741,U273,0
T007318,U384,2026-05-24T00:35:29.527026,29.75,-30.02765,-51.16947,DEV0769,M047,0
T007319,U145,2026-05-24T05:42:38.359165,79.14,-23.54833,-46.65496,DEV0751,M002,0
T007320,U435,2026-05-23T01:57:47.129287,1939.27,-12.94673,-38.6422,DEV0292,M029,1
T007321,U481,2026-05-23T18:25:06.871173,85.86,-15.83013,-48.05262,DEV0359,M055,0
T007322,U498,2026-05-23T17:08:02.031463,453.11,-30.00808,-51.2617,DEV0727,M096,0
T007323,U105,2026-05-24T02:29:09.407423,32.47,-19.98386,-43.85416,DEV0027,M094,0
T007324,U027,2026-05-24T06:02:47.551047,382.02,-30.0744,-51.25539,DEV0456,U222,0
T007325,U358,2026-05-24T08:00:04.896724,319.42,-25.46959,-49.29281,DEV0218,M063,0
T007326,U495,2026-05-24T00:01:01.949089,219.54,-19.86725,-43.805,DEV0226,U422,0
T007327,U416,2026-05-23T15:56:17.919014,69338.71,-23.57328,-46.607,DEV0714,M100,1
T007328,U291,2026-05-23T08:40:23.433244,117.23,-30.00606,-51.08512,DEV0273,U197,0
T007329,U472,2026-05-23T19:24:16.399443,81.56,-12.97086,-38.51226,DEV0722,M040,0
T007330,U049,2026-05-23T12:06:56.744842,126.98,-30.0206,-51.2246,DEV0749,M015,0
T007331,U276,2026-05-23T21:42:34.147585,8.65,-23.54843,-46.54203,DEV0794,M064,0
T007332,U088,2026-05-24T15:16:50.027754,580.57,-12.94611,-38.52158,DEV0037,U020,0
T007333,U491,2026-05-24T08:00:08.747698,29.9,-15.82403,-47.89932,DEV0226,M066,0
T007334,U203,2026-05-23T00:46:11.381759,161.68,-19.9366,-43.88406,DEV0445,M010,0
T007335,U119,2026-05-24T17:42:45.891012,17.9,-15.77532,-47.90622,DEV0792,M074,0
T007336,U126,2026-05-23T16:02:13.829301,5000.0,-22.98469,-43.03795,DEV0036,U193,1
T007337,U193,2026-05-23T16:02:23.829301,4950.0,-19.9173,-43.9345,DEV0658,U487,1
T007338,U487,2026-05-23T16:02:33.829301,4900.0,-23.5505,-46.6333,DEV0344,U126,1
T007339,U087,2026-05-23T22:33:32.787752,1831.08,-23.60384,-46.54959,DEV0304,U254,0
T007340,U153,2026-05-23T10:28:24.742893,73.61,-25.38837,-49.20929,DEV0453,M099,0
T007341,U199,2026-05-23T14:10:30.519016,3.0,-19.92693,-43.94308,DEV0648,U142,0
T007342,U190,2026-05-23T12:20:47.989892,37.75,-12.94472,-38.49794,DEV0693,M041,0
T007343,U453,2026-05-23T21:56:32.214366,49.83,-15.7527,-47.989,DEV0592,M002,0
T007344,U337,2026-05-23T11:39:26.357909,414.78,-30.04384,-51.2142,DEV0575,M043,0
T007345,U274,2026-05-24T04:11:01.575755,152.37,-22.89941,-43.14416,DEV0046,M088,0
T007346,U184,2026-05-24T21:42:30.106007,51.06,-23.51647,-46.63735,DEV0076,M011,0
T007347,U097,2026-05-23T21:58:15.017246,962.26,-19.88765,-43.93457,DEV0720,M038,0
T007348,U061,2026-05-23T22:24:02.846006,41.8,-23.53105,-46.62849,DEV0234,M088,0
T007349,U003,2026-05-23T08:05:52.235246,54.2,-30.08588,-51.19304,DEV0122,U102,0
T007350,U188,2026-05-23T22:12:07.736805,687.92,-23.49496,-46.53755,DEV0469,U404,0
T007351,U181,2026-05-23T18:07:52.319703,240.48,-15.74536,-47.98246,DEV0596,U382,0
T007352,U326,2026-05-23T08:24:33.306592,1720.36,-12.97773,-38.41965,DEV0376,M002,0
T007353,U445,2026-05-23T17:40:14.128812,6.35,-13.04083,-38.52405,DEV0073,U242,0
T007354,U193,2026-05-23T16:26:20.809497,1384.18,-19.99439,-43.96322,DEV0658,M029,0
T007355,U201,2026-05-23T15:37:56.999926,2602.14,-29.99704,-51.22797,DEV0327,M025,0
T007356,U033,2026-05-23T08:50:13.026736,17.63,-23.58249,-46.6816,DEV0344,U070,0
T007357,U197,2026-05-23T08:28:16.439232,320.28,-23.60553,-46.61611,DEV0795,M027,0
T007358,U456,2026-05-24T21:36:12.110164,132.19,-23.55785,-46.61786,DEV0466,M057,0
T007359,U118,2026-05-23T13:19:33.573433,105.09,-15.78355,-47.99885,DEV0570,U436,0
T007360,U137,2026-05-23T16:38:26.715036,184.91,-12.94432,-38.50262,DEV0350,M040,1
T007361,U384,2026-05-24T01:21:32.784940,373.82,-30.05193,-51.18476,DEV0769,U032,0
T007362,U160,2026-05-23T10:08:25.782152,116.54,-23.6164,-46.62861,DEV0325,M027,0
T007363,U036,2026-05-24T09:10:38.073418,187.89,-12.95941,-38.48458,DEV0490,U160,0
T007364,U490,2026-05-23T19:43:56.804882,25.7,-30.05304,-51.22022,DEV0302,M069,0
T007365,U153,2026-05-23T13:23:55.947027,532.09,-25.45492,-49.2585,DEV0069,M089,1
T007366,U119,2026-05-24T18:14:39.030939,18.75,-15.77183,-47.99121,DEV0792,M096,0
T007367,U125,2026-05-23T12:06:24.183666,1287.7,-19.89061,-44.07731,DEV0408,U155,0
T007368,U294,2026-05-24T01:25:21.435105,101.21,-25.50965,-49.2449,DEV0394,U168,0
T007369,U264,2026-05-23T23:21:13.277572,11.65,-19.86208,-43.93276,DEV0043,M056,0
T007370,U413,2026-05-23T22:29:36.165685,40.41,-15.70592,-47.89583,DEV0256,U441,0
T007371,U112,2026-05-24T07:52:31.398239,2026.64,-23.54243,-46.59431,DEV0536,M059,1
T007372,U342,2026-05-24T02:40:57.228731,325.35,-25.48207,-49.26205,DEV0015,M067,0
T007373,U266,2026-05-23T12:43:07.626977,2.93,-29.98633,-51.20735,DEV0095,M047,0
T007374,U135,2026-05-23T17:12:11.186094,26.59,-12.99456,-38.5024,DEV0572,M086,0
T007375,U355,2026-05-23T20:54:32.796168,3.33,-12.9942,-38.44753,DEV0660,M021,0
T007376,U148,2026-05-23T06:54:29.556908,10.2,-30.02929,-51.2163,DEV0581,M037,0
T007377,U030,2026-05-23T19:50:10.484102,17.36,-22.89365,-43.13666,DEV0217,M023,0
T007378,U257,2026-05-23T03:20:45.475444,63.23,-30.00863,-51.27659,DEV0308,M073,0
T007379,U194,2026-05-23T17:51:12.983857,58.37,-23.52251,-46.5859,DEV0074,U452,0
T007380,U004,2026-05-23T09:31:13.579273,239.63,-19.9408,-43.954,DEV0459,U395,0
T007381,U329,2026-05-23T23:02:17.194652,49.19,-25.4433,-49.32996,DEV0349,M014,0
T007382,U477,2026-05-23T21:33:32.881360,5.74,-19.90849,-43.90854,DEV0039,U082,0
T007383,U344,2026-05-23T05:02:47.660949,11.56,-25.33786,-49.32786,DEV0157,M079,0
T007384,U168,2026-05-24T02:51:05.925996,8.18,-25.4284,-49.2733,DEV0253,M045,1
T007385,U399,2026-05-24T17:10:43.581313,85.26,-30.04091,-51.16796,DEV0443,M080,0
T007386,U100,2026-05-23T10:45:26.353916,300.7,-29.99369,-51.19071,DEV0195,U248,0
T007387,U116,2026-05-23T18:31:33.899704,31.14,-30.08468,-51.23171,DEV0161,M094,0
T007388,U003,2026-05-23T09:49:26.646309,10.19,-30.09469,-51.20001,DEV0122,U084,0
T007389,U455,2026-05-24T22:07:12.672624,88.28,-13.06127,-38.55973,DEV0374,U241,0
T007390,U141,2026-05-24T05:29:18.310546,5000.0,-25.40092,-49.26483,DEV0058,U477,1
T007391,U477,2026-05-24T05:29:28.310546,4950.0,-19.9173,-43.9345,DEV0039,U064,1
T007392,U064,2026-05-24T05:29:38.310546,4900.0,-23.5505,-46.6333,DEV0442,U141,1
T007393,U012,2026-05-24T06:40:06.835857,9.04,-30.03469,-51.24253,DEV0190,U310,0
T007394,U478,2026-05-23T15:05:46.460754,9.73,-12.89393,-38.52994,DEV0477,M037,0
T007395,U413,2026-05-24T00:58:00.969065,72.51,-15.8246,-47.88274,DEV0256,M010,0
T007396,U058,2026-05-23T20:58:02.117924,1348.21,-20.01276,-43.90895,DEV0633,M076,0
T007397,U440,2026-05-24T03:01:01.081894,203.19,-15.79075,-47.91283,DEV0406,M007,0
T007398,U288,2026-05-24T02:37:57.737505,43.49,-22.92803,-43.15578,DEV0506,M043,0
T007399,U472,2026-05-23T19:50:45.739152,197.0,-12.96495,-38.53903,DEV0722,M026,0
T007400,U183,2026-05-23T16:22:01.029415,8.96,-23.55319,-46.60949,DEV0612,M069,0
T007401,U003,2026-05-23T10:55:08.301445,13.45,-29.96774,-51.27147,DEV0122,M076,0
T007402,U186,2026-05-24T07:30:41.654886,12.79,-25.45907,-49.32402,DEV0506,M028,0
T007403,U489,2026-05-23T12:30:52.040517,1099.84,-25.33465,-49.26439,DEV0710,U222,0
T007404,U184,2026-05-24T22:46:08.231222,1.77,-23.58742,-46.60772,DEV0076,M091,0
T007405,U276,2026-05-23T22:47:35.379634,536.32,-23.64999,-46.60494,DEV0794,M035,0
T007406,U097,2026-05-23T22:58:47.623326,60.15,-19.97888,-43.84182,DEV0720,M015,0
T007407,U393,2026-05-24T02:39:03.968945,293.5,-12.97492,-38.57851,DEV0055,M071,0
T007408,U132,2026-05-23T04:50:51.557676,1.56,-22.88755,-43.12871,DEV0570,U219,0
T007409,U079,2026-05-23T05:30:25.129961,127.24,-19.79773,-43.85354,DEV0346,M065,0
T007410,U089,2026-05-23T15:55:05.284388,14.16,-29.96008,-51.24303,DEV0009,M032,0
T007411,U046,2026-05-24T02:18:30.174206,16.58,-19.94031,-43.92774,DEV0575,M015,0
T007412,U481,2026-05-23T22:17:46.861265,161.47,-15.74332,-47.94385,DEV0359,M079,0
T007413,U096,2026-05-23T10:28:33.556187,52.66,-22.96093,-43.22331,DEV0338,M039,0
T007414,U225,2026-05-24T03:48:43.393079,5.1,-19.87529,-44.03323,DEV0502,U063,0
T007415,U241,2026-05-23T14:08:26.563301,826.64,-12.90031,-38.47996,DEV0714,U031,0
T007416,U267,2026-05-23T09:52:55.017336,204.14,-25.38791,-49.20547,DEV0360,M032,0
T007417,U494,2026-05-24T08:09:45.224668,18.61,-20.02597,-43.90082,DEV0493,M053,0
T007418,U015,2026-05-23T09:52:10.460774,27.98,-20.00663,-43.92016,DEV0647,M066,0
T007419,U047,2026-05-23T09:12:01.804612,70.55,-23.60251,-46.58869,DEV0564,M055,0
T007420,U282,2026-05-24T01:35:34.657032,63.15,-30.0477,-51.21595,DEV0056,U120,0
T007421,U421,2026-05-23T18:34:14.179642,113.25,-15.79777,-48.03832,DEV0235,U259,0
T007422,U332,2026-05-23T12:36:06.032870,300.3,-12.94459,-38.46927,DEV0379,U245,0
T007423,U001,2026-05-24T15:51:16.454502,1453.3,-30.1091,-51.32415,DEV0436,U086,0
T007424,U323,2026-05-23T21:07:30.923305,3.05,-19.97097,-43.92135,DEV0550,U440,0
T007425,U342,2026-05-24T02:56:41.474508,81456.31,-25.48122,-49.26266,DEV0015,M034,1
T007426,U353,2026-05-23T10:14:36.233197,112.74,-29.99856,-51.2942,DEV0627,M002,0
T007427,U313,2026-05-23T19:03:41.403743,16.36,-15.72765,-47.89962,DEV0410,U192,0
T007428,U294,2026-05-24T04:26:36.094705,300.86,-25.33461,-49.23079,DEV0394,M087,0
T007429,U298,2026-05-23T07:36:44.352716,121.46,-23.6016,-46.65199,DEV0613,M061,0
T007430,U160,2026-05-23T13:20:08.084263,205.32,-23.51925,-46.62386,DEV0325,U348,0
T007431,U418,2026-05-23T18:34:25.780289,31.34,-23.49502,-46.65493,DEV0115,M052,0
T007432,U411,2026-05-24T18:31:23.115604,225.92,-22.8734,-43.03698,DEV0707,M008,0
T007433,U404,2026-05-23T22:19:49.266870,175.36,-19.87334,-43.91584,DEV0452,M022,0
T007434,U365,2026-05-24T21:43:22.693361,151.54,-23.60195,-46.64081,DEV0726,M040,0
T007435,U320,2026-05-23T16:51:39.164907,133.28,-22.85817,-43.04752,DEV0172,U166,0
T007436,U028,2026-05-24T14:38:02.050043,184.02,-25.46108,-49.1716,DEV0702,U080,0
T007437,U316,2026-05-23T21:01:57.925636,24.85,-22.94886,-43.1953,DEV0654,U297,0
T007438,U291,2026-05-23T08:42:02.720214,20.76,-30.03443,-51.22845,DEV0273,U250,0
T007439,U091,2026-05-24T01:46:36.742064,92.83,-15.87185,-47.88177,DEV0120,M085,0
T007440,U213,2026-05-23T09:26:16.467568,2.7,-12.97546,-38.42535,DEV0149,U322,0
T007441,U418,2026-05-23T18:43:18.039111,35.39,-25.4284,-49.2733,DEV0115,U244,1
T007442,U449,2026-05-23T15:37:46.261575,1267.55,-25.47089,-49.24724,DEV0172,M029,0
T007443,U122,2026-05-23T17:13:24.679817,34.27,-23.54007,-46.70093,DEV0104,M058,0
T007444,U298,2026-05-23T08:20:58.199540,17.44,-23.61285,-46.61902,DEV0613,U136,0
T007445,U205,2026-05-24T12:17:22.322411,87.5,-19.90131,-43.93366,DEV0039,U472,0
T007446,U484,2026-05-23T15:38:32.898754,67.23,-25.41376,-49.16092,DEV0146,U086,0
T007447,U430,2026-05-24T12:59:06.519716,29.53,-22.94394,-43.15147,DEV0268,M016,0
T007448,U128,2026-05-24T14:16:47.804810,66.18,-15.82291,-47.90856,DEV0471,M059,0
T007449,U141,2026-05-24T08:18:01.498714,7.14,-25.38124,-49.28588,DEV0058,M060,0
T007450,U499,2026-05-23T20:52:42.968074,23.98,-20.00509,-43.98486,DEV0020,M080,0
T007451,U386,2026-05-23T19:11:47.638521,40.15,-19.9485,-43.95052,DEV0318,M084,0
T007452,U217,2026-05-23T17:39:54.232228,186.59,-23.54196,-46.65025,DEV0526,M027,0
T007453,U420,2026-05-23T19:59:18.534141,33.6,-23.65595,-46.53085,DEV0359,M088,0
T007454,U493,2026-05-22T21:20:20.103583,12.88,-25.45508,-49.22246,DEV0575,U007,0
T007455,U299,2026-05-23T22:08:45.983948,94.91,-22.94638,-43.17617,DEV0320,U268,0
T007456,U020,2026-05-23T23:10:54.870214,6.91,-30.17072,-51.27868,DEV0428,M059,0
T007457,U055,2026-05-24T06:29:07.422560,30.99,-15.74646,-47.92609,DEV0331,M091,0
T007458,U251,2026-05-23T11:47:32.955398,141.57,-23.46678,-46.65282,DEV0624,M097,0
T007459,U482,2026-05-24T01:25:40.091749,23.48,-23.62288,-46.60376,DEV0689,U341,0
T007460,U270,2026-05-23T03:14:24.012438,1657.55,-12.97009,-38.49401,DEV0634,M021,1
T007461,U172,2026-05-23T11:43:28.867521,178.82,-22.89253,-43.09787,DEV0501,M091,0
T007462,U022,2026-05-23T22:44:09.115739,114.83,-25.37305,-49.23586,DEV0562,M001,0
T007463,U218,2026-05-24T10:07:58.076092,401.62,-23.46764,-46.62953,DEV0373,M020,0
T007464,U481,2026-05-23T23:05:20.157528,82.11,-15.75581,-47.9123,DEV0359,U329,0
T007465,U321,2026-05-24T00:24:30.783669,75.74,-22.98363,-43.27197,DEV0596,U107,0
T007466,U224,2026-05-23T20:44:30.852295,15.27,-25.35945,-49.32166,DEV0041,M050,0
T007467,U343,2026-05-24T09:52:23.905823,1925.93,-23.50843,-46.64168,DEV0478,M074,0
T007468,U485,2026-05-24T00:19:35.920474,1.84,-23.5229,-46.69111,DEV0432,U239,0
T007469,U475,2026-05-23T20:16:46.323920,35.11,-22.95828,-43.20052,DEV0414,M024,0
T007470,U133,2026-05-23T14:45:08.313517,204.67,-25.43036,-49.2492,DEV0682,M094,0
T007471,U385,2026-05-24T04:03:14.435776,24.58,-15.82977,-47.8772,DEV0215,U348,0
T007472,U240,2026-05-23T10:48:13.105811,20.78,-13.05004,-38.5551,DEV0023,U078,0
T007473,U228,2026-05-23T21:09:46.788850,107.91,-15.73227,-47.96634,DEV0594,M097,0
T007474,U043,2026-05-23T11:26:31.872984,48.87,-12.97063,-38.48478,DEV0218,U169,0
T007475,U312,2026-05-23T08:39:35.607881,665.97,-19.90942,-44.07673,DEV0173,M043,0
T007476,U472,2026-05-23T19:56:47.923108,182.38,-12.98821,-38.49783,DEV0722,M011,0
T007477,U195,2026-05-23T13:37:23.372097,586.2,-23.53111,-46.54612,DEV0253,U394,0
T007478,U088,2026-05-24T20:29:29.051568,58.91,-12.91857,-38.52051,DEV0037,M055,0
T007479,U425,2026-05-24T11:45:54.372397,47.9,-22.84886,-43.1858,DEV0356,M021,0
T007480,U327,2026-05-23T16:53:56.371559,377.22,-22.90083,-43.09467,DEV0588,M067,0
T007481,U108,2026-05-23T15:32:21.682844,26.79,-19.92344,-43.99349,DEV0516,U411,0
T007482,U133,2026-05-23T15:03:58.429579,226.45,-25.4203,-49.25159,DEV0682,M068,0
T007483,U040,2026-05-24T06:37:08.325255,77.39,-19.92328,-44.01547,DEV0684,M083,0
T007484,U479,2026-05-23T21:52:51.049427,182.11,-25.45611,-49.19881,DEV0697,M030,0
T007485,U158,2026-05-24T10:18:42.087011,402.04,-22.88117,-43.23996,DEV0100,U384,1
T007486,U462,2026-05-23T22:45:38.950650,4.77,-12.97167,-38.5402,DEV0519,M045,0
T007487,U232,2026-05-23T19:33:29.622161,139.5,-15.73928,-47.92678,DEV0065,U421,0
T007488,U069,2026-05-24T00:45:42.263016,16.52,-23.52892,-46.70417,DEV0385,U486,0
T007489,U107,2026-05-23T22:43:20.499533,71.8,-23.54043,-46.62523,DEV0453,M062,0
T007490,U083,2026-05-24T11:27:55.765579,17.64,-19.97104,-43.99316,DEV0473,U159,0
T007491,U286,2026-05-23T19:00:15.953828,144.87,-19.94041,-43.92797,DEV0623,M042,0
T007492,U065,2026-05-23T13:03:36.922280,309.5,-15.77834,-47.99857,DEV0386,U021,0
T007493,U359,2026-05-23T19:36:50.609661,56.39,-15.72388,-47.95341,DEV0210,M001,0
T007494,U287,2026-05-24T01:29:34.792551,24.88,-19.90445,-43.90217,DEV0751,M074,0
T007495,U043,2026-05-23T14:48:44.833246,22.19,-12.91259,-38.54471,DEV0218,M049,0
T007496,U255,2026-05-23T08:38:03.078673,121.46,-22.90129,-43.10873,DEV0306,U225,0
T007497,U064,2026-05-24T06:36:29.171032,5000.0,-23.54762,-46.69165,DEV0442,U137,1
T007498,U137,2026-05-24T06:36:39.171032,4950.0,-12.9714,-38.5014,DEV0350,U086,1
T007499,U086,2026-05-24T06:36:49.171032,4900.0,-23.5505,-46.6333,DEV0572,U064,1
T007500,U498,2026-05-23T18:49:18.146768,114.19,-30.06238,-51.18267,DEV0727,M033,0
T007501,U079,2026-05-23T09:18:10.211314,170.85,-19.98306,-43.94811,DEV0346,M076,0
T007502,U384,2026-05-24T03:14:21.433337,46.67,-29.96512,-51.24985,DEV0769,M075,0
T007503,U406,2026-05-24T10:14:37.780698,31.23,-30.05399,-51.2746,DEV0007,M090,0
T007504,U026,2026-05-24T01:27:42.954313,211.61,-15.7655,-47.90356,DEV0270,M092,0
T007505,U164,2026-05-23T19:36:44.858793,134.05,-13.01174,-38.47824,DEV0691,M100,0
T007506,U147,2026-05-23T21:47:24.994143,170.83,-12.97126,-38.56386,DEV0272,M084,0
T007507,U376,2026-05-23T15:01:42.421840,4.97,-19.87615,-43.99703,DEV0763,M040,0
T007508,U231,2026-05-24T01:58:13.499097,20.13,-12.96739,-38.52224,DEV0119,M080,0
T007509,U459,2026-05-23T18:10:03.033624,761.17,-22.90688,-43.24247,DEV0016,M026,0
T007510,U338,2026-05-23T12:56:12.639326,231.99,-23.54887,-46.69416,DEV0145,U415,0
T007511,U166,2026-05-23T14:21:13.440286,20.52,-22.98047,-43.13759,DEV0043,M020,0
T007512,U434,2026-05-23T09:06:49.364485,68.19,-15.71702,-47.90129,DEV0363,M050,0
T007513,U474,2026-05-23T18:10:22.206985,155.73,-22.8375,-43.23051,DEV0311,M073,0
T007514,U408,2026-05-24T05:14:56.623730,58.52,-12.98433,-38.45144,DEV0548,M081,0
T007515,U241,2026-05-23T14:46:19.562609,521.01,-12.99861,-38.5596,DEV0714,M053,0
T007516,U034,2026-05-23T09:25:26.701505,3.12,-30.03659,-51.25377,DEV0139,U232,0
T007517,U146,2026-05-23T18:23:56.231960,74.64,-15.77011,-48.00306,DEV0118,M041,0
T007518,U264,2026-05-24T00:08:56.954105,55.17,-19.90762,-43.94851,DEV0043,M065,0
T007519,U095,2026-05-23T22:29:34.166775,665.68,-23.5558,-46.62971,DEV0099,M063,0
T007520,U337,2026-05-23T13:49:04.590066,148.36,-30.03362,-51.25796,DEV0575,U164,0
T007521,U240,2026-05-23T11:16:54.890884,78.7,-12.91843,-38.63513,DEV0023,M011,0
T007522,U004,2026-05-23T15:11:14.451510,388.4,-19.94707,-43.89605,DEV0459,U094,0
T007523,U350,2026-05-23T15:35:16.415925,245.32,-25.40588,-49.28921,DEV0696,M073,0
T007524,U366,2026-05-24T01:44:33.657408,154.31,-23.51636,-46.54945,DEV0613,U216,0
T007525,U061,2026-05-24T09:00:49.802046,27.92,-23.6077,-46.62306,DEV0234,U121,0
T007526,U411,2026-05-24T18:58:57.333907,82681.27,-22.97961,-43.23745,DEV0707,M065,1
T007527,U165,2026-05-23T17:08:43.270858,331.1,-25.49995,-49.23059,DEV0577,U030,0
T007528,U417,2026-05-24T04:30:41.652936,49.81,-19.88631,-43.91518,DEV0727,M038,0
T007529,U136,2026-05-24T19:57:20.051913,38.72,-12.96193,-38.54209,DEV0103,U433,0
T007530,U440,2026-05-24T04:28:00.996717,84.84,-15.76521,-47.96288,DEV0406,M095,0
T007531,U441,2026-05-23T14:34:10.513325,6.99,-23.54714,-46.67956,DEV0762,M001,0
T007532,U388,2026-05-23T09:29:34.192914,157.71,-15.803,-47.86297,DEV0144,M026,0
T007533,U410,2026-05-24T05:44:13.726613,158.76,-12.95283,-38.47092,DEV0523,U072,0
T007534,U372,2026-05-23T09:30:45.310349,1.63,-12.8938,-38.48511,DEV0666,U140,0
T007535,U308,2026-05-24T10:41:22.266278,2.13,-19.89101,-43.81953,DEV0004,U069,0
T007536,U472,2026-05-23T20:34:00.533424,139.27,-19.9173,-43.9345,DEV0722,M012,1
T007537,U467,2026-05-23T12:36:33.411210,33.45,-19.91809,-43.98834,DEV0620,M007,0
T007538,U014,2026-05-23T21:36:02.842258,24.34,-25.38393,-49.32964,DEV0505,U147,0
T007539,U182,2026-05-23T19:12:05.412753,10.71,-15.85942,-47.99905,DEV0397,M069,0
T007540,U132,2026-05-23T05:44:33.073517,9.73,-22.89187,-43.13132,DEV0570,M076,0
T007541,U318,2026-05-23T12:49:56.379620,89.91,-12.96609,-38.43332,DEV0387,U120,1
T007542,U380,2026-05-24T07:50:39.814882,115.47,-22.95327,-43.11811,DEV0469,M094,0
T007543,U482,2026-05-24T03:00:12.124919,3.15,-23.55541,-46.70567,DEV0689,M034,0
T007544,U411,2026-05-24T19:39:06.919889,158.95,-22.9476,-43.1796,DEV0707,U100,0
T007545,U334,2026-05-24T01:19:49.076857,143.63,-22.91219,-43.11965,DEV0089,M026,0
T007546,U258,2026-05-23T19:27:59.372602,82.46,-23.4908,-46.59868,DEV0335,U147,0
T007547,U305,2026-05-23T05:37:20.985304,2.19,-29.96273,-51.22918,DEV0243,M098,0
T007548,U437,2026-05-24T01:33:11.793686,656.69,-20.01083,-43.91463,DEV0512,M036,0
T007549,U410,2026-05-24T07:48:15.141167,28.06,-13.0511,-38.53841,DEV0523,M081,0
T007550,U107,2026-05-24T06:53:00.931242,66.33,-23.54051,-46.66541,DEV0453,U023,0
T007551,U096,2026-05-23T11:54:46.032880,34.4,-22.84125,-43.07752,DEV0338,M057,0
T007552,U188,2026-05-24T00:53:53.714669,99.87,-23.49895,-46.58141,DEV0469,M026,0
T007553,U262,2026-05-23T18:17:03.055828,669.83,-25.42474,-49.31239,DEV0069,M010,0
T007554,U488,2026-05-24T07:37:07.997842,22.83,-19.92404,-43.85561,DEV0061,M029,0
T007555,U054,2026-05-23T20:02:21.267955,86.35,-25.42906,-49.1559,DEV0556,U435,0
T007556,U018,2026-05-24T22:13:44.848266,1.65,-23.54183,-46.70222,DEV0346,M040,0
T007557,U223,2026-05-23T07:14:56.975380,90.45,-22.96629,-43.11638,DEV0316,M054,0
T007558,U477,2026-05-24T07:03:34.096500,19.65,-19.93233,-43.92272,DEV0039,U128,0
T007559,U012,2026-05-24T07:10:21.675952,3.97,-30.04533,-51.24689,DEV0190,M040,0
T007560,U412,2026-05-23T22:29:54.660310,606.3,-25.45998,-49.30491,DEV0532,U473,0
T007561,U434,2026-05-23T12:16:30.370803,11.4,-15.81914,-47.89607,DEV0363,U288,0
T007562,U283,2026-05-23T22:50:39.133968,11.34,-22.89908,-43.20682,DEV0028,M067,0
T007563,U269,2026-05-24T02:24:09.759233,651.72,-19.86963,-43.98248,DEV0093,M025,0
T007564,U468,2026-05-23T04:44:52.861831,84.9,-22.92771,-43.2118,DEV0131,U099,0
T007565,U087,2026-05-24T01:41:07.966138,156.36,-23.58704,-46.63512,DEV0304,M044,0
T007566,U445,2026-05-23T21:07:39.999874,10.51,-13.04649,-38.5465,DEV0073,M074,0
T007567,U415,2026-05-23T12:30:43.303648,513.04,-25.39669,-49.2575,DEV0506,U272,0
T007568,U254,2026-05-23T23:04:33.160666,106.14,-30.11234,-51.27735,DEV0422,U220,0
T007569,U090,2026-05-23T11:56:10.825118,787.28,-19.93328,-43.95148,DEV0208,M038,0
T007570,U497,2026-05-23T09:03:28.150763,28.57,-15.73467,-47.96276,DEV0517,U261,0
T007571,U259,2026-05-23T21:37:18.699749,166.14,-29.98596,-51.23733,DEV0106,M080,0
T007572,U462,2026-05-23T23:27:20.909720,166.04,-12.93417,-38.38434,DEV0519,M041,0
T007573,U264,2026-05-24T00:28:30.954903,18.9,-19.91961,-43.90226,DEV0043,M098,0
T007574,U388,2026-05-23T11:41:25.830354,126.46,-15.79453,-47.97801,DEV0144,U324,0
T007575,U127,2026-05-23T15:05:10.889978,94445.88,-23.58312,-46.66183,DEV0776,M011,1
T007576,U159,2026-05-23T17:12:51.356915,29.78,-22.81949,-43.17416,DEV0659,M077,0
T007577,U172,2026-05-23T12:49:17.945552,125.46,-22.93357,-43.20226,DEV0501,U254,0
T007578,U355,2026-05-23T21:42:11.258410,11.61,-12.95399,-38.55519,DEV0660,M084,0
T007579,U187,2026-05-24T05:58:30.395442,22.89,-12.94135,-38.47993,DEV0069,M069,0
T007580,U249,2026-05-23T18:05:52.289935,508.21,-25.3752,-49.26885,DEV0054,M001,0
T007581,U455,2026-05-25T00:44:48.915927,197.96,-12.93726,-38.46112,DEV0374,M072,0
T007582,U146,2026-05-23T21:35:51.133063,234.37,-15.74694,-47.97724,DEV0118,M009,0
T007583,U264,2026-05-24T02:13:54.486825,139.06,-19.90123,-44.06577,DEV0043,M084,0
T007584,U064,2026-05-24T14:03:32.506886,38.65,-23.57545,-46.60734,DEV0442,M033,0
T007585,U095,2026-05-24T02:35:46.700542,2017.35,-23.47194,-46.69669,DEV0099,M068,0
T007586,U286,2026-05-23T21:59:25.006731,146.06,-19.92838,-43.9544,DEV0623,U468,0
T007587,U213,2026-05-23T09:33:13.528300,43.13,-12.98868,-38.52329,DEV0149,M053,0
T007588,U052,2026-05-23T12:59:33.686727,25.08,-25.41443,-49.27591,DEV0578,M022,0
T007589,U036,2026-05-24T12:28:52.132168,106.01,-12.97494,-38.54089,DEV0490,M002,0
T007590,U382,2026-05-23T17:05:09.863958,112.64,-25.42126,-49.25837,DEV0630,M061,0
T007591,U213,2026-05-23T10:16:03.308373,20.27,-12.93547,-38.47071,DEV0149,U006,0
T007592,U409,2026-05-24T14:07:00.523184,288.24,-22.91164,-43.16643,DEV0514,M061,0
T007593,U348,2026-05-23T13:34:33.749719,312.56,-23.49519,-46.64415,DEV0118,M076,0
T007594,U482,2026-05-24T03:16:38.732800,5.67,-23.55482,-46.63112,DEV0689,M070,0
T007595,U085,2026-05-23T19:14:50.071559,99.08,-25.49784,-49.22881,DEV0144,M095,0
T007596,U494,2026-05-24T08:35:48.940311,54.92,-19.80829,-43.99544,DEV0493,M079,0
T007597,U203,2026-05-23T02:59:41.963450,8.63,-19.92146,-43.92718,DEV0445,U499,0
T007598,U318,2026-05-23T13:54:39.373518,6.86,-12.99828,-38.47417,DEV0259,M038,0
T007599,U182,2026-05-23T22:03:30.752022,891.06,-15.81052,-47.92435,DEV0397,U136,0
T007600,U115,2026-05-24T02:15:04.575661,3.07,-29.95587,-51.16438,DEV0253,M065,0
T007601,U160,2026-05-23T15:14:49.767975,152.8,-23.51811,-46.6481,DEV0325,M076,0
T007602,U015,2026-05-23T10:18:29.641816,22.8,-19.90039,-43.94835,DEV0647,U207,0
T007603,U122,2026-05-23T20:43:26.398888,165.7,-23.59677,-46.66777,DEV0104,M020,0
T007604,U029,2026-05-24T11:19:23.071337,134.05,-25.4284,-49.2733,DEV0338,M043,1
T007605,U191,2026-05-23T15:52:18.295131,140.7,-30.09834,-51.20048,DEV0398,M085,0
T007606,U221,2026-05-24T08:24:06.266713,46.66,-15.78891,-47.96297,DEV0408,U248,0
T007607,U423,2026-05-23T11:30:45.742720,130.15,-22.81714,-43.07487,DEV0727,M008,0
T007608,U052,2026-05-23T15:43:09.804434,22.46,-25.47993,-49.2308,DEV0578,M023,0
T007609,U201,2026-05-23T23:01:08.277361,857.92,-29.99544,-51.19099,DEV0327,M037,0
T007610,U454,2026-05-23T04:56:29.003177,151.62,-30.09969,-51.19902,DEV0661,U396,0
T007611,U386,2026-05-23T19:53:14.273128,1.68,-19.86893,-43.90649,DEV0318,U212,0
T007612,U241,2026-05-23T18:18:53.983423,30.87,-12.87265,-38.5054,DEV0714,M078,0
T007613,U074,2026-05-23T17:46:47.264542,122.39,-12.94301,-38.49655,DEV0610,M029,0
T007614,U327,2026-05-23T18:07:11.018820,92.69,-22.89315,-43.15371,DEV0588,M027,0
T007615,U487,2026-05-23T16:20:44.245150,8.23,-23.50532,-46.55812,DEV0344,U019,0
T007616,U398,2026-05-24T01:47:55.260698,9.91,-23.60331,-46.59511,DEV0759,U279,0
T007617,U217,2026-05-23T20:01:40.294393,77.65,-23.45387,-46.60793,DEV0526,M043,0
T007618,U211,2026-05-24T10:41:54.399725,359.17,-23.49184,-46.67075,DEV0117,M088,0
T007619,U223,2026-05-23T09:07:06.681265,697.97,-22.93753,-43.11582,DEV0316,M020,0
T007620,U359,2026-05-23T21:23:27.590187,11.38,-15.72835,-47.94566,DEV0210,M016,0
T007621,U184,2026-05-24T23:26:31.262790,105.54,-23.62753,-46.65495,DEV0076,U203,0
T007622,U025,2026-05-23T11:31:33.766361,141.94,-22.90677,-43.1828,DEV0556,U426,0
T007623,U181,2026-05-23T19:05:59.867095,78.38,-15.80516,-47.83008,DEV0596,M025,0
T007624,U449,2026-05-23T18:30:40.191741,517.48,-25.36966,-49.28349,DEV0172,U173,0
T007625,U444,2026-05-22T22:13:54.637931,225.72,-22.93752,-43.21296,DEV0201,M082,0
T007626,U228,2026-05-23T22:29:47.294029,66.05,-15.79675,-47.94665,DEV0594,M066,0
T007627,U159,2026-05-23T22:15:35.311877,26.56,-22.9142,-43.2064,DEV0659,M030,0
T007628,U110,2026-05-24T05:53:12.569309,28.69,-25.45634,-49.27524,DEV0158,M076,0
T007629,U242,2026-05-23T05:26:14.601087,227.85,-23.54516,-46.69011,DEV0085,M055,0
T007630,U158,2026-05-24T12:22:00.157705,38.84,-22.88037,-43.19947,DEV0180,M012,0
T007631,U113,2026-05-23T22:29:08.604380,590.12,-23.60123,-46.60682,DEV0302,M006,0
T007632,U444,2026-05-22T22:17:37.833653,240.28,-22.85814,-43.17307,DEV0201,M038,0
T007633,U483,2026-05-24T03:39:18.916517,303.96,-15.71063,-47.89171,DEV0708,U460,1
T007634,U199,2026-05-23T14:13:07.138738,68.48,-19.84106,-43.84655,DEV0648,M054,0
T007635,U298,2026-05-23T09:55:34.314997,31.31,-23.59304,-46.64344,DEV0613,M035,0
T007636,U158,2026-05-24T15:44:32.908299,26.11,-22.95325,-43.19103,DEV0180,U443,0
T007637,U048,2026-05-23T07:25:22.050663,16.67,-25.45153,-49.31185,DEV0734,M004,0
T007638,U247,2026-05-23T17:30:33.984064,115.3,-22.90932,-43.25022,DEV0250,U040,0
T007639,U091,2026-05-24T04:52:10.416571,919.76,-15.85488,-47.95992,DEV0120,M033,0
T007640,U363,2026-05-24T06:52:37.574695,13.34,-25.45573,-49.21128,DEV0799,U291,0
T007641,U108,2026-05-23T16:34:32.020589,5.28,-20.02975,-43.7993,DEV0516,M085,0
T007642,U121,2026-05-23T19:49:32.425806,294.9,-19.93816,-43.92413,DEV0490,M093,0
T007643,U193,2026-05-23T16:32:27.093752,633.83,-19.93965,-43.87016,DEV0658,M071,0
T007644,U417,2026-05-24T05:55:15.671998,42.18,-19.98966,-43.98169,DEV0727,M071,0
T007645,U392,2026-05-23T07:06:48.950369,27.35,-19.94111,-43.98611,DEV0644,U190,0
T007646,U254,2026-05-24T05:54:02.505027,237.03,-29.99605,-51.16648,DEV0422,M052,0
T007647,U382,2026-05-23T17:28:51.682378,399.26,-25.51577,-49.22165,DEV0630,U339,0
T007648,U075,2026-05-23T12:08:35.505673,35.83,-19.8734,-43.98385,DEV0511,M014,0
T007649,U391,2026-05-23T20:18:14.939491,65.58,-23.5126,-46.66663,DEV0114,M039,0
T007650,U304,2026-05-23T11:25:18.872336,143.34,-30.05762,-51.23462,DEV0664,M002,0
T007651,U175,2026-05-23T17:18:19.086070,140.89,-25.43327,-49.25539,DEV0394,M018,0
T007652,U006,2026-05-23T10:18:32.180475,431.2,-13.06214,-38.51725,DEV0770,M066,0
T007653,U278,2026-05-24T05:33:25.614235,64.75,-15.69519,-47.88202,DEV0107,U042,0
T007654,U004,2026-05-23T15:25:29.161574,221.34,-19.86584,-43.9055,DEV0459,M093,0
T007655,U139,2026-05-24T11:04:13.736462,96.24,-25.43102,-49.28433,DEV0106,M040,0
T007656,U409,2026-05-24T16:49:56.145279,94.65,-22.97832,-43.11078,DEV0514,U435,0
T007657,U229,2026-05-23T16:59:58.379204,19.03,-12.91768,-38.53159,DEV0450,M092,0
T007658,U313,2026-05-23T23:15:09.481019,45.42,-15.8643,-47.9251,DEV0410,M008,0
T007659,U229,2026-05-23T18:23:42.021737,2.46,-12.93802,-38.36013,DEV0450,M027,0
T007660,U033,2026-05-23T10:22:11.012366,181.21,-23.46766,-46.56489,DEV0344,M100,0
T007661,U044,2026-05-24T04:42:24.755450,408.81,-15.79597,-47.83701,DEV0795,M051,0
T007662,U282,2026-05-24T06:16:20.765663,390.57,-30.03523,-51.30507,DEV0056,U210,0
T007663,U346,2026-05-23T23:52:32.778094,32.76,-15.78091,-47.92003,DEV0196,M089,0
T007664,U275,2026-05-24T07:34:47.701342,12.84,-15.77236,-47.90448,DEV0730,M025,0
T007665,U480,2026-05-23T00:57:43.828387,202.81,-25.39997,-49.21954,DEV0239,U225,0
T007666,U346,2026-05-24T02:23:35.793111,123.39,-15.83683,-47.9394,DEV0196,M035,0
T007667,U078,2026-05-24T05:29:19.101426,13.67,-25.45174,-49.27605,DEV0764,U289,0
T007668,U469,2026-05-23T22:14:18.837605,35.51,-22.93826,-43.27338,DEV0183,M040,0
T007669,U328,2026-05-24T14:16:23.336880,185.81,-23.50414,-46.65857,DEV0296,M028,0
T007670,U020,2026-05-23T23:49:00.093242,642.96,-30.13228,-51.26362,DEV0428,U457,0
T007671,U495,2026-05-24T00:30:21.494499,38.97,-19.84886,-43.95426,DEV0226,U026,0
T007672,U452,2026-05-23T05:34:56.246612,29.65,-30.09044,-51.24073,DEV0497,U395,0
T007673,U174,2026-05-23T21:39:18.813986,286.64,-23.56653,-46.55045,DEV0277,M003,0
T007674,U260,2026-05-24T14:17:01.980058,29.97,-12.92416,-38.45223,DEV0797,U034,0
T007675,U188,2026-05-24T02:07:25.676994,129.74,-23.56456,-46.58437,DEV0469,U385,0
T007676,U473,2026-05-23T08:34:09.726435,52.87,-12.92829,-38.52438,DEV0426,U419,0
T007677,U115,2026-05-24T06:04:02.305033,24.83,-30.0351,-51.19559,DEV0253,U265,0
T007678,U088,2026-05-24T21:24:29.484362,715.69,-12.91072,-38.56206,DEV0037,M076,0
T007679,U036,2026-05-24T16:01:03.970301,6.2,-12.98607,-38.47721,DEV0490,U412,0
T007680,U397,2026-05-24T15:38:54.408219,250.6,-30.08312,-51.28694,DEV0349,M064,0
T007681,U327,2026-05-23T19:32:45.224575,15.31,-22.88288,-43.10951,DEV0588,M020,0
T007682,U453,2026-05-23T23:59:09.468197,527.24,-15.75729,-47.99977,DEV0592,M074,0
T007683,U222,2026-05-23T16:18:59.169604,447.51,-23.00071,-43.19283,DEV0348,M056,0
T007684,U372,2026-05-23T11:06:08.216768,195.74,-13.00233,-38.5128,DEV0666,M084,0
T007685,U098,2026-05-23T18:21:37.005742,5.07,-25.42431,-49.30324,DEV0161,M026,0
T007686,U170,2026-05-23T15:48:18.829714,40.2,-12.97808,-38.60614,DEV0602,M048,0
T007687,U123,2026-05-24T02:17:28.331273,41.07,-19.89035,-43.97067,DEV0246,M098,0
T007688,U349,2026-05-23T21:26:41.238938,37.19,-29.98074,-51.20764,DEV0228,M045,0
T007689,U346,2026-05-24T02:27:19.101200,50.11,-15.66944,-47.98178,DEV0196,M060,0
T007690,U444,2026-05-22T23:44:17.633993,198.46,-22.96352,-43.09654,DEV0201,M063,0
T007691,U171,2026-05-23T13:30:47.177365,163.95,-19.91315,-43.9274,DEV0617,M042,0
T007692,U243,2026-05-23T00:45:32.861318,2999.44,-15.81387,-47.96154,DEV0001,U452,1
T007693,U317,2026-05-24T18:53:47.420218,726.57,-12.95808,-38.44781,DEV0139,M002,0
T007694,U066,2026-05-23T17:54:14.508196,10.83,-13.01863,-38.50547,DEV0625,M095,0
T007695,U308,2026-05-24T12:30:00.766227,6.75,-19.86358,-43.94251,DEV0004,M085,0
T007696,U427,2026-05-23T20:21:04.349949,54.31,-15.79401,-47.89285,DEV0378,M006,0
T007697,U022,2026-05-24T00:48:31.762006,70.64,-25.45295,-49.29759,DEV0562,U198,0
T007698,U291,2026-05-23T09:15:32.630980,87.13,-29.97704,-51.23892,DEV0273,M038,0
T007699,U363,2026-05-24T07:16:00.304869,115.87,-25.44296,-49.22462,DEV0799,M069,0
T007700,U388,2026-05-23T11:57:57.315507,5000.0,-15.78104,-47.93572,DEV0144,U446,1
T007701,U446,2026-05-23T11:58:07.315507,4950.0,-23.5505,-46.6333,DEV0641,U480,1
T007702,U480,2026-05-23T11:58:17.315507,4900.0,-25.4284,-49.2733,DEV0239,U388,1
T007703,U456,2026-05-25T00:56:18.638186,88.73,-23.58094,-46.67324,DEV0466,M017,0
T007704,U351,2026-05-24T18:06:28.232284,70.27,-13.0039,-38.48692,DEV0157,M035,0
T007705,U307,2026-05-23T22:17:58.707814,2923.56,-15.82295,-47.96131,DEV0322,U311,1
T007706,U434,2026-05-23T13:13:06.385277,121.58,-15.70862,-47.97791,DEV0363,M029,0
T007707,U133,2026-05-23T15:51:15.139936,30.95,-25.56232,-49.22299,DEV0682,M068,0
T007708,U152,2026-05-23T23:30:09.534801,1668.17,-23.58783,-46.67191,DEV0094,M011,0
T007709,U236,2026-05-24T07:35:39.280886,17.89,-23.53441,-46.59639,DEV0610,M026,0
T007710,U310,2026-05-23T16:25:18.247237,321.85,-20.02082,-43.95246,DEV0574,M042,0
T007711,U154,2026-05-23T19:17:42.368280,85.47,-22.89831,-43.23301,DEV0474,M005,0
T007712,U281,2026-05-23T11:30:40.651702,70.72,-12.94191,-38.5645,DEV0692,M069,0
T007713,U496,2026-05-24T03:41:06.636332,496.59,-23.57081,-46.5886,DEV0753,M073,0
T007714,U415,2026-05-23T14:52:36.608224,1.6,-25.4577,-49.28625,DEV0506,M082,0
T007715,U450,2026-05-23T23:32:50.138841,40.95,-15.71372,-47.85603,DEV0524,U349,0
T007716,U452,2026-05-23T06:00:51.337381,65.07,-30.01205,-51.27437,DEV0497,M006,0
T007717,U204,2026-05-24T11:03:23.336847,164.13,-30.08469,-51.16956,DEV0091,M086,0
T007718,U058,2026-05-23T21:00:19.018155,198.59,-19.90197,-43.89173,DEV0633,M097,0
T007719,U409,2026-05-24T17:47:16.108781,178.4,-22.77761,-43.14623,DEV0514,M016,0
T007720,U101,2026-05-24T01:13:01.203534,23.45,-23.54829,-46.62259,DEV0688,M050,0
T007721,U301,2026-05-23T12:16:34.688956,14.22,-12.95159,-38.45837,DEV0662,M023,0
T007722,U303,2026-05-23T19:27:43.378551,3.93,-15.81234,-47.89887,DEV0446,M022,0
T007723,U050,2026-05-23T23:52:15.673389,1767.32,-12.93062,-38.5543,DEV0036,M049,0
T007724,U135,2026-05-24T04:24:39.988264,13.75,-12.9996,-38.477,DEV0572,M063,0
T007725,U071,2026-05-23T06:46:17.289343,84.59,-15.81442,-47.92751,DEV0416,M050,0
T007726,U136,2026-05-24T20:15:30.825342,1.74,-12.9825,-38.55391,DEV0103,M030,0
T007727,U456,2026-05-25T02:02:01.025173,128.73,-23.51701,-46.73191,DEV0466,M052,0
T007728,U238,2026-05-23T21:43:25.886266,286.35,-30.00156,-51.22569,DEV0518,U029,0
T007729,U034,2026-05-23T13:55:32.739056,60.08,-30.0907,-51.27204,DEV0139,M066,0
T007730,U113,2026-05-24T00:36:29.713783,936.42,-23.58102,-46.64114,DEV0302,U037,0
T007731,U063,2026-05-23T19:09:39.194945,126.72,-23.65554,-46.59945,DEV0692,U300,0
T007732,U311,2026-05-23T06:06:36.782767,87.31,-30.01345,-51.24508,DEV0715,M094,0
T007733,U386,2026-05-23T20:20:35.672376,158.13,-19.90565,-43.97795,DEV0318,M091,0
T007734,U491,2026-05-24T09:13:50.639253,4.4,-12.9714,-38.5014,DEV0226,M095,1
T007735,U143,2026-05-24T16:16:43.875177,70.49,-30.1246,-51.16417,DEV0127,M077,0
T007736,U427,2026-05-23T21:10:20.134512,60.99,-15.85178,-47.85478,DEV0378,M087,0
T007737,U001,2026-05-24T20:13:43.374927,374.7,-30.00022,-51.23855,DEV0436,M066,0
T007738,U017,2026-05-24T16:19:15.845479,194.59,-25.38944,-49.28333,DEV0014,U437,0
T007739,U257,2026-05-23T04:51:48.687786,17.7,-30.09832,-51.16666,DEV0308,U170,0
T007740,U269,2026-05-24T03:43:36.162612,277.59,-19.98752,-43.92965,DEV0093,M046,0
T007741,U136,2026-05-24T21:06:41.418650,21.09,-13.01771,-38.52866,DEV0103,U176,0
T007742,U322,2026-05-24T15:03:27.399786,268.57,-12.89886,-38.50091,DEV0329,U223,0
T007743,U308,2026-05-24T12:31:22.311090,3.3,-19.94173,-43.95846,DEV0004,M035,0
T007744,U275,2026-05-24T07:51:24.407277,14.93,-15.72941,-47.96514,DEV0730,U005,0
T007745,U172,2026-05-23T14:13:40.470994,21.71,-22.86819,-43.16652,DEV0501,M029,0
T007746,U198,2026-05-24T13:27:54.505500,23.17,-12.94555,-38.51764,DEV0029,U011,0
T007747,U010,2026-05-23T21:47:13.346978,124.6,-23.58054,-46.57467,DEV0475,U147,0
T007748,U303,2026-05-23T20:52:49.116201,58.89,-15.76701,-47.97459,DEV0446,M045,0
T007749,U431,2026-05-24T02:57:34.394145,401.22,-12.98453,-38.45525,DEV0455,U341,0
T007750,U489,2026-05-23T13:28:20.551725,127.68,-25.48446,-49.27498,DEV0710,M093,0
T007751,U215,2026-05-23T02:11:28.458179,698.08,-25.49066,-49.36741,DEV0227,M092,0
T007752,U316,2026-05-23T21:31:39.209941,35.6,-22.90166,-43.25188,DEV0654,M001,0
T007753,U439,2026-05-23T17:27:07.577828,145.51,-22.93352,-43.21572,DEV0055,M043,0
T007754,U220,2026-05-24T08:09:08.308964,534.58,-19.9703,-44.01016,DEV0012,U165,0
T007755,U482,2026-05-24T04:55:53.081162,6.5,-23.63869,-46.64378,DEV0689,U076,0
T007756,U078,2026-05-24T07:02:16.875982,202.61,-25.47706,-49.38682,DEV0764,U435,0
T007757,U300,2026-05-24T07:44:52.722242,870.55,-19.94898,-43.80833,DEV0741,U437,0
T007758,U486,2026-05-22T22:51:25.560656,27.35,-15.7973,-47.97992,DEV0585,M035,0
T007759,U405,2026-05-23T07:03:57.790872,19.51,-15.83159,-47.81774,DEV0469,U096,0
T007760,U154,2026-05-23T20:17:23.960561,37.82,-22.86427,-43.13995,DEV0474,M028,0
T007761,U335,2026-05-24T03:44:42.927532,27.74,-29.94148,-51.268,DEV0616,U453,0
T007762,U134,2026-05-23T16:02:00.951986,174.82,-15.75104,-47.84382,DEV0444,M094,0
T007763,U006,2026-05-23T13:23:18.002427,277.3,-12.97524,-38.48326,DEV0770,M067,0
T007764,U459,2026-05-23T19:24:40.440442,164.38,-22.86708,-43.10908,DEV0016,U351,0
T007765,U245,2026-05-24T09:14:14.507058,309.98,-23.49533,-46.65986,DEV0488,U376,0
T007766,U247,2026-05-23T23:53:49.107071,57.52,-22.85918,-43.17151,DEV0250,M049,0
T007767,U139,2026-05-24T13:46:45.251286,1.9,-25.36981,-49.30804,DEV0106,M049,0
T007768,U376,2026-05-23T15:27:36.808909,13.24,-19.95631,-44.00883,DEV0763,M009,0
T007769,U089,2026-05-23T17:09:53.554732,142.5,-29.97675,-51.17227,DEV0009,M042,0
T007770,U090,2026-05-23T13:18:26.881838,216.62,-19.94466,-43.86762,DEV0208,M030,0
T007771,U443,2026-05-23T11:10:08.697278,41.84,-19.96261,-43.9365,DEV0507,M100,0
T007772,U202,2026-05-23T11:17:04.886856,109.64,-25.47853,-49.24233,DEV0070,U474,0
T007773,U166,2026-05-23T15:09:56.514003,7.09,-22.97017,-43.16544,DEV0043,M084,0
T007774,U219,2026-05-23T20:19:04.972885,631.27,-19.86773,-43.89362,DEV0656,U453,0
T007775,U143,2026-05-25T04:13:19.012032,203.01,-30.03414,-51.16978,DEV0127,M077,0
T007776,U270,2026-05-23T21:42:19.846743,54.95,-12.9329,-38.56089,DEV0634,M069,0
T007777,U054,2026-05-24T01:19:13.806882,223.75,-25.47472,-49.31569,DEV0556,U173,0
T007778,U462,2026-05-23T23:46:39.218827,41.45,-12.97619,-38.56626,DEV0519,U382,0
T007779,U251,2026-05-23T12:23:04.955598,540.51,-23.49622,-46.61885,DEV0328,M071,1
T007780,U125,2026-05-23T16:55:03.198226,245.82,-19.87691,-43.97339,DEV0408,M019,0
T007781,U448,2026-05-24T04:13:58.931621,15.27,-30.109,-51.28132,DEV0131,M004,0
T007782,U471,2026-05-23T19:46:43.303080,135.54,-25.49229,-49.28225,DEV0349,M067,0
T007783,U408,2026-05-24T06:28:00.512062,36.34,-13.00784,-38.47103,DEV0548,M088,0
T007784,U023,2026-05-23T15:12:23.870130,102.16,-22.97203,-43.15728,DEV0390,U472,0
T007785,U269,2026-05-24T05:48:21.196985,693.05,-19.89223,-43.94343,DEV0093,M012,0
T007786,U460,2026-05-23T13:10:05.499995,258.76,-30.08901,-51.16995,DEV0794,M066,0
T007787,U286,2026-05-23T22:57:36.417639,287.43,-19.9592,-44.00685,DEV0623,M001,0
T007788,U226,2026-05-23T12:56:11.453117,60.13,-23.59124,-46.58928,DEV0724,M012,0
T007789,U155,2026-05-24T05:08:04.008869,8.47,-29.97911,-51.2521,DEV0612,U040,0
T007790,U259,2026-05-23T21:41:23.860749,608.27,-30.00392,-51.25184,DEV0106,M069,0
T007791,U099,2026-05-23T19:37:21.503736,43.49,-15.83026,-47.979,DEV0277,U234,0
T007792,U140,2026-05-24T04:30:22.098356,47.63,-23.58671,-46.74502,DEV0120,U341,0
T007793,U437,2026-05-24T02:50:43.249351,390.45,-19.96111,-43.98395,DEV0512,M004,0
T007794,U035,2026-05-23T13:32:17.094111,56.3,-19.90283,-43.98125,DEV0419,M038,0
T007795,U030,2026-05-23T22:12:27.249744,73.02,-22.88497,-43.17665,DEV0217,M098,0
T007796,U157,2026-05-23T23:19:42.690373,83.78,-22.9138,-43.16162,DEV0758,M093,0
T007797,U168,2026-05-24T03:20:38.415859,73.96,-22.83693,-43.30398,DEV0253,U242,0
T007798,U194,2026-05-23T19:37:54.504547,884.26,-23.5033,-46.60554,DEV0074,U007,0
T007799,U350,2026-05-23T18:11:48.476948,66.65,-25.48008,-49.2254,DEV0696,M052,0
T007800,U323,2026-05-23T23:22:43.956399,82.36,-19.87725,-43.95514,DEV0550,M012,0
T007801,U047,2026-05-23T12:12:47.029368,174.7,-23.5281,-46.56705,DEV0564,M011,0
T007802,U101,2026-05-24T01:47:54.435428,468.8,-23.49951,-46.64495,DEV0688,U141,1
T007803,U063,2026-05-23T20:51:05.480850,165.72,-23.4415,-46.68945,DEV0692,U211,0
T007804,U476,2026-05-23T19:26:56.239997,363.86,-12.95055,-38.46902,DEV0141,U267,0
T007805,U231,2026-05-24T04:25:56.135772,151.2,-12.94213,-38.50499,DEV0119,M036,0
T007806,U124,2026-05-23T18:08:30.917713,36.02,-12.97281,-38.52727,DEV0682,U376,0
T007807,U235,2026-05-23T15:43:14.167217,58.89,-19.87589,-43.8998,DEV0795,M084,0
T007808,U250,2026-05-23T19:16:40.437594,223.08,-15.78246,-47.90637,DEV0734,U294,0
T007809,U140,2026-05-24T05:32:27.819196,81.34,-23.62011,-46.62279,DEV0120,M066,0
T007810,U465,2026-05-23T16:22:33.930329,425.34,-22.93018,-43.19406,DEV0443,M074,0
T007811,U421,2026-05-23T20:37:22.142494,13.76,-15.82385,-47.86415,DEV0235,M009,0
T007812,U069,2026-05-24T01:43:20.382066,52.08,-23.58012,-46.63808,DEV0385,U173,0
T007813,U113,2026-05-24T01:04:30.328835,510.24,-23.57656,-46.71601,DEV0302,M032,0
T007814,U150,2026-05-23T16:48:58.293138,4.33,-19.83682,-44.00053,DEV0086,M088,0
T007815,U313,2026-05-23T23:51:56.657155,133.61,-15.74399,-47.9393,DEV0410,M004,0
T007816,U109,2026-05-23T18:51:30.980673,63.28,-23.52252,-46.72598,DEV0512,M016,0
T007817,U040,2026-05-24T08:37:50.185590,825.94,-19.90746,-44.03969,DEV0684,U207,0
T007818,U045,2026-05-24T04:51:55.501245,28.42,-30.06684,-51.33007,DEV0554,M074,0
T007819,U459,2026-05-23T19:59:55.953381,62.87,-22.89128,-43.14552,DEV0016,M072,0
T007820,U104,2026-05-24T01:08:06.742219,393.84,-13.01486,-38.50493,DEV0563,M003,1
T007821,U402,2026-05-24T06:15:48.645928,2.73,-30.10524,-51.18369,DEV0264,U133,0
T007822,U212,2026-05-23T18:51:39.852462,861.17,-25.48307,-49.29922,DEV0685,U378,0
T007823,U095,2026-05-24T03:33:55.208912,556.56,-23.48469,-46.57132,DEV0099,M090,0
T007824,U047,2026-05-23T14:39:06.476303,66.85,-23.56121,-46.5522,DEV0564,M049,0
T007825,U391,2026-05-23T20:42:49.202350,76.15,-23.52345,-46.58358,DEV0114,U400,0
T007826,U228,2026-05-24T05:56:31.668849,66.37,-15.81675,-47.93126,DEV0594,M013,0
T007827,U033,2026-05-23T10:46:47.518050,73.56,-23.54482,-46.74207,DEV0344,U032,0
T007828,U073,2026-05-23T14:40:11.882315,100.74,-23.63626,-46.64218,DEV0767,M005,0
T007829,U016,2026-05-23T10:10:42.922816,160.74,-30.0452,-51.12732,DEV0274,M017,0
T007830,U191,2026-05-23T18:03:35.717869,21.65,-30.08324,-51.26689,DEV0398,M032,0
T007831,U100,2026-05-23T11:26:04.814032,32.57,-30.09434,-51.238,DEV0195,M028,0
T007832,U078,2026-05-24T09:32:10.086269,41.69,-25.47942,-49.21102,DEV0764,M057,0
T007833,U115,2026-05-24T11:28:31.203373,63.56,-30.03954,-51.2023,DEV0253,M081,0
T007834,U350,2026-05-23T18:17:50.652384,137.38,-25.36107,-49.36632,DEV0696,M041,0
T007835,U138,2026-05-24T08:48:39.475840,317.53,-30.03639,-51.30883,DEV0656,U449,0
T007836,U464,2026-05-23T11:47:06.863793,606.49,-30.00569,-51.29087,DEV0372,U261,0
T007837,U415,2026-05-23T16:59:51.503099,43.84,-25.41233,-49.28964,DEV0506,M033,0
T007838,U113,2026-05-24T02:24:41.964219,408.88,-23.52926,-46.61852,DEV0302,U315,0
T007839,U056,2026-05-24T03:51:06.089111,3.32,-30.06912,-51.28346,DEV0348,M093,0
T007840,U403,2026-05-24T08:08:19.758395,24.35,-15.79084,-48.02037,DEV0288,M046,0
T007841,U441,2026-05-23T15:46:35.023282,37.47,-23.53575,-46.68104,DEV0762,M098,0
T007842,U153,2026-05-23T14:31:57.198702,49.09,-25.39804,-49.24952,DEV0453,M050,0
T007843,U266,2026-05-23T13:30:26.397881,149.47,-30.00612,-51.14799,DEV0095,M044,0
T007844,U225,2026-05-24T05:23:45.546733,15.19,-19.91379,-43.92521,DEV0502,M039,0
T007845,U489,2026-05-23T13:50:37.859594,593.18,-25.41193,-49.28242,DEV0710,M069,0
T007846,U479,2026-05-23T23:59:42.354608,64.96,-25.36351,-49.35202,DEV0697,M079,0
T007847,U167,2026-05-23T18:18:13.812596,62.7,-12.98219,-38.56702,DEV0012,M030,0
T007848,U170,2026-05-23T17:34:51.643834,28.04,-13.01098,-38.53571,DEV0602,M096,0
T007849,U475,2026-05-23T21:06:14.527753,13.79,-22.94812,-43.1394,DEV0414,M033,0
T007850,U079,2026-05-23T09:40:26.976025,82215.32,-19.91606,-43.91141,DEV0346,U359,1
T007851,U123,2026-05-24T02:22:46.322118,6.44,-19.88529,-43.9781,DEV0246,M029,0
T007852,U235,2026-05-23T17:10:47.958826,328.06,-19.93219,-43.87408,DEV0795,M022,0
T007853,U164,2026-05-23T20:16:50.653564,182.89,-12.95666,-38.53434,DEV0691,M025,0
T007854,U115,2026-05-24T11:34:12.051359,43.48,-30.0409,-51.21253,DEV0253,M066,0
T007855,U285,2026-05-24T09:52:31.139334,2.57,-19.90322,-43.89164,DEV0312,M057,0
T007856,U307,2026-05-23T17:48:29.333655,48.6,-15.83461,-47.99582,DEV0322,M037,0
T007857,U408,2026-05-24T08:34:34.648244,257.86,-12.9098,-38.50837,DEV0548,M054,0
T007858,U044,2026-05-24T05:02:28.222428,177.37,-15.79839,-47.94049,DEV0795,M095,0
T007859,U461,2026-05-23T16:07:40.043087,10.16,-22.85653,-43.1417,DEV0391,M093,0
T007860,U045,2026-05-24T05:18:52.369186,126.62,-30.07279,-51.19324,DEV0554,M076,0
T007861,U314,2026-05-24T23:31:24.029818,46.58,-19.93689,-43.9268,DEV0724,U474,0
T007862,U139,2026-05-24T14:18:30.875982,8.03,-25.31312,-49.32302,DEV0106,M052,0
T007863,U452,2026-05-23T08:54:09.242442,53.27,-30.04269,-51.18406,DEV0497,M037,0
T007864,U373,2026-05-23T16:14:59.079361,628.16,-30.05221,-51.22845,DEV0042,M024,1
T007865,U164,2026-05-23T21:12:32.953140,18.6,-12.95159,-38.42682,DEV0691,U467,0
T007866,U308,2026-05-24T19:51:56.590634,5000.0,-19.9213,-44.01816,DEV0004,U493,1
T007867,U493,2026-05-24T19:52:06.590634,4950.0,-25.4284,-49.2733,DEV0575,U333,1
T007868,U333,2026-05-24T19:52:16.590634,4900.0,-15.7801,-47.9292,DEV0132,U308,1
T007869,U161,2026-05-23T08:57:35.767197,8.95,-30.10923,-51.16171,DEV0258,M036,0
T007870,U150,2026-05-23T17:04:28.390064,3.09,-19.93058,-43.95865,DEV0086,M059,0
T007871,U107,2026-05-24T12:53:57.908871,104.94,-23.56449,-46.57549,DEV0453,U299,0
T007872,U058,2026-05-23T21:37:50.319868,184.55,-20.01367,-43.94157,DEV0633,M022,0
T007873,U175,2026-05-23T18:01:41.599117,92.68,-25.39477,-49.27693,DEV0394,M019,0
T007874,U115,2026-05-24T11:45:52.853655,39.09,-30.16627,-51.2295,DEV0253,M078,0
T007875,U499,2026-05-24T00:08:48.691035,1071.13,-19.86923,-43.94575,DEV0020,M010,0
T007876,U098,2026-05-23T20:03:03.337619,3.21,-25.44419,-49.25026,DEV0161,M061,0
T007877,U086,2026-05-24T12:53:00.730026,141.55,-23.54111,-46.6483,DEV0572,U178,0
T007878,U221,2026-05-24T11:10:42.840465,15.78,-15.76252,-47.93075,DEV0408,U182,0
T007879,U306,2026-05-24T00:15:41.045043,2348.04,-12.90061,-38.46456,DEV0548,M008,0
T007880,U444,2026-05-23T02:26:02.081712,454.96,-22.89858,-43.21633,DEV0201,M047,0
T007881,U429,2026-05-24T12:53:15.628156,11.39,-23.5113,-46.57784,DEV0287,M078,0
T007882,U130,2026-05-23T19:35:10.528539,160.02,-15.78772,-47.94758,DEV0051,M017,0
T007883,U391,2026-05-23T23:16:56.321984,214.13,-23.61124,-46.64636,DEV0114,M029,0
T007884,U061,2026-05-24T14:10:53.955265,88.09,-23.58994,-46.60303,DEV0234,M076,0
T007885,U046,2026-05-24T06:17:41.530685,83.3,-19.87038,-44.00648,DEV0575,U029,0
T007886,U354,2026-05-23T18:59:13.828909,50.1,-25.37744,-49.22736,DEV0794,M012,0
T007887,U277,2026-05-23T06:52:47.603680,5000.0,-23.51198,-46.65592,DEV0214,U402,1
T007888,U402,2026-05-23T06:52:57.603680,4950.0,-30.0346,-51.2177,DEV0264,U397,1
T007889,U397,2026-05-23T06:53:07.603680,4900.0,-30.0346,-51.2177,DEV0349,U277,1
T007890,U125,2026-05-23T20:07:21.841843,18.89,-19.92773,-44.02131,DEV0408,U429,0
T007891,U166,2026-05-23T17:08:29.340622,46.14,-22.92879,-43.19527,DEV0043,M025,0
T007892,U012,2026-05-24T12:15:12.866907,2.89,-29.99372,-51.24662,DEV0190,M033,0
T007893,U304,2026-05-23T14:08:53.843193,381.93,-29.98407,-51.28939,DEV0664,M002,0
T007894,U444,2026-05-23T05:36:23.969961,392.09,-22.81759,-43.20885,DEV0201,M092,0
T007895,U145,2026-05-24T09:06:56.440105,22.86,-23.52235,-46.637,DEV0751,M041,0
T007896,U262,2026-05-23T19:21:42.494234,240.18,-25.42656,-49.28382,DEV0069,M092,0
T007897,U011,2026-05-23T12:55:08.943001,477.41,-22.95409,-43.16799,DEV0476,M086,0
T007898,U456,2026-05-25T03:07:28.035049,64.82,-23.54686,-46.60092,DEV0466,M034,0
T007899,U451,2026-05-23T10:53:52.148115,377.77,-25.4327,-49.28893,DEV0017,M018,0
T007900,U010,2026-05-23T22:08:15.982846,56.92,-23.5623,-46.65112,DEV0475,M002,0
T007901,U349,2026-05-23T22:08:12.147687,1.38,-29.94291,-51.19044,DEV0228,M004,0
T007902,U418,2026-05-23T21:52:22.027549,34.37,-23.5276,-46.71311,DEV0115,U002,0
T007903,U111,2026-05-23T23:27:40.472779,44.19,-13.03601,-38.55285,DEV0518,U026,0
T007904,U203,2026-05-23T04:04:28.989884,30.29,-19.95279,-43.96219,DEV0445,U206,0
T007905,U134,2026-05-23T18:15:48.313170,6.6,-15.75122,-47.88486,DEV0444,M020,0
T007906,U347,2026-05-23T14:58:15.835068,322.54,-22.91273,-43.25653,DEV0517,M065,0
T007907,U361,2026-05-23T09:59:21.393505,795.09,-25.41049,-49.37489,DEV0356,M062,0
T007908,U432,2026-05-23T21:43:31.304706,285.53,-23.62675,-46.58375,DEV0476,U078,0
T007909,U020,2026-05-24T01:24:45.198098,3183.55,-30.0263,-51.14615,DEV0428,M034,1
T007910,U488,2026-05-24T07:57:20.989899,14.32,-20.00996,-43.91645,DEV0061,U331,0
T007911,U297,2026-05-24T11:35:54.651555,51.86,-23.56225,-46.56955,DEV0748,M059,0
T007912,U183,2026-05-24T02:32:34.484705,10.4,-23.55182,-46.59886,DEV0612,U466,0
T007913,U096,2026-05-23T12:32:53.494388,64.95,-22.89848,-43.13268,DEV0338,M023,0
T007914,U074,2026-05-24T03:57:29.520811,41.75,-12.96039,-38.51082,DEV0610,U134,0
T007915,U234,2026-05-23T20:56:19.296520,5.59,-22.91463,-43.14761,DEV0063,M094,0
T007916,U239,2026-05-23T22:45:04.957779,861.01,-12.91177,-38.4802,DEV0645,M018,0
T007917,U146,2026-05-23T22:23:54.165113,159.34,-15.77353,-47.9206,DEV0118,M056,0
T007918,U425,2026-05-24T20:55:56.114838,161.66,-22.92425,-43.15339,DEV0356,U062,0
T007919,U374,2026-05-23T07:15:37.491945,102.39,-19.95378,-43.9552,DEV0386,M008,0
T007920,U450,2026-05-24T00:32:57.325167,5.44,-15.78742,-47.95465,DEV0524,M032,0
T007921,U349,2026-05-24T00:15:10.895280,8.85,-29.98388,-51.20422,DEV0228,M074,0
T007922,U441,2026-05-23T17:20:55.954244,13.8,-23.52708,-46.61927,DEV0762,M075,0
T007923,U339,2026-05-23T17:47:14.833964,1.08,-30.02952,-51.2088,DEV0616,M100,0
T007924,U317,2026-05-24T23:43:35.835394,43.31,-12.96775,-38.49077,DEV0139,M015,0
T007925,U262,2026-05-23T21:24:02.548677,627.21,-25.53168,-49.33256,DEV0069,M037,0
T007926,U245,2026-05-24T14:46:16.897027,159.3,-23.56572,-46.63689,DEV0488,M014,0
T007927,U116,2026-05-23T19:22:52.248424,43.94,-29.94965,-51.21948,DEV0161,M004,0
T007928,U313,2026-05-24T01:53:18.438233,56.44,-15.80397,-48.02135,DEV0410,U324,0
T007929,U112,2026-05-24T08:56:35.305605,43.03,-23.55804,-46.67809,DEV0037,M051,0
T007930,U137,2026-05-24T07:52:31.919021,369.07,-13.02407,-38.54531,DEV0350,M073,0
T007931,U035,2026-05-23T14:53:40.287972,50.39,-19.93251,-43.89298,DEV0419,U078,0
T007932,U478,2026-05-23T17:10:03.029627,3.68,-12.98646,-38.45222,DEV0477,M051,0
T007933,U166,2026-05-23T21:04:52.455306,36.81,-22.89424,-43.26577,DEV0043,U234,0
T007934,U276,2026-05-23T23:39:20.234942,12.54,-23.56593,-46.71566,DEV0794,M059,0
T007935,U427,2026-05-24T02:07:23.545555,135.12,-15.78713,-47.96696,DEV0378,M069,0
T007936,U279,2026-05-23T06:21:44.045135,104.4,-12.96994,-38.4857,DEV0337,U049,0
T007937,U363,2026-05-24T08:21:56.305126,162.34,-25.39088,-49.25195,DEV0799,M035,0
T007938,U009,2026-05-23T05:19:38.678560,34.02,-15.75254,-47.99461,DEV0253,M033,0
T007939,U141,2026-05-24T08:57:27.788584,18.79,-25.46994,-49.25619,DEV0058,M020,0
T007940,U381,2026-05-23T12:09:39.401233,124.24,-23.47587,-46.63667,DEV0084,M073,0
T007941,U187,2026-05-24T08:12:29.124023,47.56,-12.98353,-38.49323,DEV0069,M035,0
T007942,U257,2026-05-23T06:08:35.995464,77.98,-29.97774,-51.26391,DEV0308,M003,0
T007943,U136,2026-05-24T22:56:39.058532,1.51,-13.00368,-38.53851,DEV0103,M069,0
T007944,U445,2026-05-23T21:45:14.540734,47.79,-13.02706,-38.56821,DEV0073,M015,0
T007945,U466,2026-05-23T12:21:21.889362,195.23,-23.54369,-46.63571,DEV0526,M091,0
T007946,U140,2026-05-24T10:51:30.300504,92.6,-23.58458,-46.64991,DEV0120,M050,0
T007947,U410,2026-05-24T15:43:27.267750,1.75,-12.93125,-38.50865,DEV0523,M012,0
T007948,U262,2026-05-24T04:11:15.643812,110.97,-25.44581,-49.35846,DEV0069,M069,0
T007949,U087,2026-05-24T06:51:33.784372,201.11,-23.50458,-46.61672,DEV0304,U448,0
T007950,U353,2026-05-23T10:41:26.780276,86.65,-30.14004,-51.20992,DEV0627,U458,0
T007951,U095,2026-05-24T04:28:40.921575,781.97,-23.62737,-46.56305,DEV0099,M051,0
T007952,U414,2026-05-23T12:38:26.053446,30.79,-22.96647,-43.15644,DEV0053,M037,0
T007953,U260,2026-05-24T14:43:30.266687,17.77,-12.93889,-38.52651,DEV0797,M076,0
T007954,U098,2026-05-23T20:47:10.168912,14.37,-25.42282,-49.25361,DEV0161,U185,0
T007955,U077,2026-05-24T16:34:15.684270,12.61,-15.85938,-47.93138,DEV0464,M080,0
T007956,U179,2026-05-24T02:39:53.973163,37.34,-23.52051,-46.65064,DEV0695,M097,0
T007957,U135,2026-05-24T14:38:48.765019,15.63,-12.90306,-38.39212,DEV0572,M008,0
T007958,U003,2026-05-23T17:03:56.778906,1.69,-30.00558,-51.20176,DEV0122,U465,0
T007959,U025,2026-05-23T15:35:08.791829,1598.0,-22.88556,-43.07581,DEV0556,M081,0
T007960,U284,2026-05-23T06:23:34.413276,20.64,-22.88363,-43.24473,DEV0365,M093,0
T007961,U453,2026-05-24T00:24:46.433736,92.83,-15.75536,-47.90021,DEV0592,M031,0
T007962,U158,2026-05-24T17:24:34.612429,9.99,-22.907,-43.24208,DEV0180,M094,0
T007963,U294,2026-05-24T09:31:03.853985,156.13,-25.40505,-49.20298,DEV0394,M058,0
T007964,U135,2026-05-24T15:31:07.627109,64.8,-12.93933,-38.44009,DEV0572,U295,0
T007965,U414,2026-05-23T14:32:39.144257,121.63,-23.00743,-43.15379,DEV0053,U409,0
T007966,U381,2026-05-23T14:54:13.006000,10.78,-23.54931,-46.67668,DEV0084,M055,0
T007967,U105,2026-05-24T06:54:27.418506,73.81,-19.90701,-43.96782,DEV0027,M049,0
T007968,U170,2026-05-23T23:10:13.545963,151.74,-12.99579,-38.45132,DEV0602,U445,0
T007969,U098,2026-05-23T21:36:46.957203,21.46,-25.33532,-49.35714,DEV0161,M092,0
T007970,U047,2026-05-23T15:55:44.453755,104.11,-23.56092,-46.5453,DEV0564,U399,0
T007971,U338,2026-05-23T13:25:09.691891,730.93,-23.57016,-46.62315,DEV0145,U208,0
T007972,U311,2026-05-23T07:55:25.588069,86.41,-30.01708,-51.16241,DEV0715,U269,0
T007973,U061,2026-05-24T17:47:30.031244,147.42,-23.67493,-46.5923,DEV0234,U483,0
T007974,U127,2026-05-23T17:27:27.173877,4.68,-23.5253,-46.50595,DEV0776,M097,0
T007975,U382,2026-05-23T17:53:18.999443,623.31,-25.47323,-49.37083,DEV0630,M066,0
T007976,U426,2026-05-24T01:57:06.535034,115.44,-22.89393,-43.14729,DEV0017,M013,0
T007977,U123,2026-05-24T02:35:02.576905,13.04,-19.93673,-43.91184,DEV0246,U009,0
T007978,U265,2026-05-23T18:44:16.964383,72.2,-19.95879,-43.81942,DEV0111,M039,0
T007979,U264,2026-05-24T05:40:00.335150,38.89,-19.93972,-43.91488,DEV0043,M056,0
T007980,U027,2026-05-24T06:54:18.544922,10.09,-30.02177,-51.22435,DEV0456,M093,0
T007981,U407,2026-05-23T07:57:20.899841,177.36,-23.5277,-46.6366,DEV0151,M018,0
T007982,U142,2026-05-23T06:55:08.584351,731.5,-12.94137,-38.55291,DEV0474,M003,0
T007983,U143,2026-05-25T06:13:46.674697,875.66,-30.00458,-51.2066,DEV0127,M050,0
T007984,U261,2026-05-23T11:49:16.620310,210.05,-23.57379,-46.62953,DEV0330,M099,0
T007985,U051,2026-05-23T13:10:47.573241,77.33,-29.95651,-51.23947,DEV0699,M095,0
T007986,U036,2026-05-24T16:35:23.804950,329.75,-12.90208,-38.54095,DEV0490,U047,0
T007987,U068,2026-05-24T18:47:50.653663,15.05,-25.36288,-49.3096,DEV0566,U004,0
T007988,U415,2026-05-23T17:39:18.439659,255.03,-25.40884,-49.28756,DEV0506,U338,0
T007989,U223,2026-05-23T12:25:34.601208,280.84,-22.91461,-43.16631,DEV0316,U176,0
T007990,U294,2026-05-24T10:00:55.748771,376.41,-25.48223,-49.35706,DEV0394,M091,0
T007991,U415,2026-05-23T20:57:00.503773,66.28,-25.44177,-49.31464,DEV0506,M082,0
T007992,U265,2026-05-23T22:33:58.120172,59.27,-19.88623,-43.89375,DEV0111,M079,0
T007993,U477,2026-05-24T09:03:57.483747,18.77,-19.92151,-43.91296,DEV0039,U399,0
T007994,U309,2026-05-23T18:24:36.745992,14.69,-15.71977,-47.90258,DEV0606,M022,0
T007995,U392,2026-05-23T07:50:01.486772,14.17,-19.92642,-44.0096,DEV0644,U123,0
T007996,U420,2026-05-23T21:22:46.243608,51.65,-23.57928,-46.58691,DEV0359,U365,0
T007997,U025,2026-05-23T16:11:26.363388,226.79,-22.8647,-43.17809,DEV0556,M063,0
T007998,U226,2026-05-23T14:19:03.809329,78.92,-23.55776,-46.60224,DEV0724,M032,0
T007999,U091,2026-05-24T10:17:40.981397,106.41,-15.78576,-47.93668,DEV0120,M067,0
T008000,U169,2026-05-24T05:31:02.829349,53.42,-19.92499,-44.08776,DEV0727,M027,0
T008001,U448,2026-05-24T07:13:38.537878,68.71,-29.99588,-51.24564,DEV0131,M045,0
T008002,U129,2026-05-24T09:55:16.887425,28.96,-22.85991,-43.14285,DEV0800,M061,0
T008003,U281,2026-05-23T14:23:04.269263,5.16,-12.9923,-38.523,DEV0692,M071,0
T008004,U098,2026-05-23T22:23:07.905004,25.43,-25.3672,-49.21816,DEV0161,U195,0
T008005,U312,2026-05-23T10:41:48.674979,52.93,-19.99645,-43.96527,DEV0173,M075,0
T008006,U040,2026-05-24T12:55:11.198259,188.13,-19.97116,-43.88725,DEV0684,M091,0
T008007,U009,2026-05-23T05:22:41.794990,38.61,-15.834,-47.91411,DEV0253,M034,0
T008008,U027,2026-05-24T07:41:41.643248,64.98,-30.00302,-51.19213,DEV0456,M100,0
T008009,U080,2026-05-23T13:37:04.306091,50.77,-19.9224,-43.94545,DEV0148,M050,0
T008010,U225,2026-05-24T07:37:44.627044,10.71,-19.93179,-43.95382,DEV0502,U319,0
T008011,U057,2026-05-23T19:38:00.722511,61.86,-15.90019,-47.94563,DEV0225,M013,0
T008012,U240,2026-05-23T12:58:28.216038,723.04,-12.95319,-38.44525,DEV0023,M028,0
T008013,U285,2026-05-24T10:35:30.374879,35.55,-19.92751,-43.98806,DEV0312,U215,0
T008014,U463,2026-05-23T19:34:45.279842,125.09,-22.9261,-43.2455,DEV0727,U053,0
T008015,U378,2026-05-23T20:13:51.131317,26.94,-23.53194,-46.64014,DEV0177,M063,0
T008016,U264,2026-05-24T06:12:57.343476,3.83,-19.91311,-43.96618,DEV0043,M092,0
T008017,U052,2026-05-23T17:07:18.328829,145.11,-25.41566,-49.34799,DEV0578,U324,0
T008018,U103,2026-05-24T10:20:44.763428,990.9,-15.77495,-47.91903,DEV0670,M059,0
T008019,U368,2026-05-23T18:42:10.641886,92.43,-23.51587,-46.61996,DEV0001,M089,0
T008020,U288,2026-05-24T02:55:15.430609,8.15,-22.91734,-43.13169,DEV0506,M085,0
T008021,U364,2026-05-24T02:19:17.457737,86.43,-15.71478,-47.89301,DEV0051,M034,0
T008022,U296,2026-05-24T19:33:53.919199,40.12,-29.96835,-51.24346,DEV0470,M057,0
T008023,U335,2026-05-24T08:16:41.601869,29.57,-30.12602,-51.19141,DEV0616,M067,0
T008024,U191,2026-05-23T19:39:54.561309,72.12,-30.08526,-51.2274,DEV0398,M057,0
T008025,U398,2026-05-24T03:48:15.697200,191.82,-23.50712,-46.66742,DEV0759,U420,0
T008026,U381,2026-05-23T16:16:16.164672,232.9,-23.5509,-46.64807,DEV0084,U276,0
T008027,U471,2026-05-23T21:24:30.603058,167.61,-25.48271,-49.20454,DEV0349,M018,0
T008028,U319,2026-05-23T19:36:56.585191,22.12,-22.88886,-43.18277,DEV0010,M023,0
T008029,U388,2026-05-23T16:35:26.533844,70.22,-15.73618,-47.92231,DEV0144,M049,0
T008030,U333,2026-05-24T22:17:12.601000,4.34,-15.74701,-48.00598,DEV0132,M067,0
T008031,U483,2026-05-24T04:05:58.108283,59.02,-15.88731,-47.99593,DEV0376,M081,0
T008032,U322,2026-05-24T15:14:09.713118,16.48,-12.82818,-38.52115,DEV0329,M068,0
T008033,U332,2026-05-23T16:41:13.434163,64.2,-12.91898,-38.5243,DEV0379,U352,0
T008034,U211,2026-05-24T12:01:18.412042,155.74,-23.57059,-46.5358,DEV0117,M003,0
T008035,U402,2026-05-23T07:27:21.460731,22.44,-30.12232,-51.27537,DEV0264,U165,0
T008036,U482,2026-05-24T05:13:19.935225,25.28,-23.50352,-46.60453,DEV0689,M012,0
T008037,U008,2026-05-23T07:05:33.594874,5000.0,-12.98297,-38.56103,DEV0161,U135,1
T008038,U135,2026-05-23T07:05:43.594874,4950.0,-12.9714,-38.5014,DEV0572,U050,1
T008039,U050,2026-05-23T07:05:53.594874,4900.0,-12.9714,-38.5014,DEV0036,U008,1
T008040,U267,2026-05-23T10:25:59.496410,914.33,-25.4573,-49.2713,DEV0360,U158,0
T008041,U114,2026-05-24T06:08:29.250802,217.75,-19.94811,-43.88694,DEV0700,U366,0
T008042,U265,2026-05-23T23:01:42.480767,12.03,-19.89208,-44.01175,DEV0111,U453,0
T008043,U137,2026-05-24T10:38:59.215586,71.37,-12.84694,-38.43195,DEV0350,M085,0
T008044,U024,2026-05-23T22:06:46.352815,191.8,-25.52605,-49.28469,DEV0477,M058,0
T008045,U148,2026-05-23T12:30:31.565186,362.19,-29.97421,-51.20489,DEV0581,M093,0
T008046,U030,2026-05-23T22:18:06.723622,5.49,-22.90563,-43.19341,DEV0217,M015,0
T008047,U394,2026-05-23T08:01:08.356108,53.92,-22.91373,-43.19009,DEV0458,U055,0
T008048,U468,2026-05-23T05:05:43.444621,82.73,-22.91237,-43.15687,DEV0131,M007,0
T008049,U403,2026-05-24T09:15:34.796853,279.34,-15.83661,-47.95167,DEV0288,U329,0
T008050,U198,2026-05-24T19:45:45.381593,15.82,-12.9482,-38.52172,DEV0029,M044,0
T008051,U434,2026-05-23T14:21:41.345893,39.98,-15.79951,-47.98599,DEV0363,M014,0
T008052,U199,2026-05-23T16:57:24.663109,9.97,-19.95412,-43.97575,DEV0648,M096,0
T008053,U212,2026-05-23T20:04:18.239368,620.23,-25.44732,-49.25891,DEV0685,U413,0
T008054,U093,2026-05-23T18:50:50.273192,112.2,-25.40914,-49.29974,DEV0422,M008,0
T008055,U200,2026-05-23T10:59:58.698135,367.92,-23.54923,-46.57568,DEV0342,U276,0
T008056,U034,2026-05-23T14:31:55.826903,21.13,-30.00353,-51.18308,DEV0139,M043,0
T008057,U410,2026-05-24T16:48:47.763733,80.48,-13.05621,-38.54036,DEV0523,M097,0
T008058,U163,2026-05-23T19:25:41.776919,64.97,-19.96628,-43.93149,DEV0380,U126,0
T008059,U360,2026-05-23T21:31:40.418935,396.47,-30.08733,-51.26099,DEV0616,M087,0
T008060,U114,2026-05-24T07:48:28.616533,721.66,-19.92449,-44.01155,DEV0700,M023,0
T008061,U317,2026-05-25T03:55:03.930255,1582.97,-12.88888,-38.39792,DEV0139,U176,0
T008062,U460,2026-05-23T16:48:57.879656,96.76,-30.00315,-51.24571,DEV0794,M082,0
T008063,U068,2026-05-24T20:23:36.979780,1.76,-25.4136,-49.31706,DEV0566,M011,0
T008064,U118,2026-05-23T15:49:53.096815,5.62,-15.94947,-48.03362,DEV0570,U374,0
T008065,U420,2026-05-23T22:48:27.115191,64.45,-23.49297,-46.57135,DEV0359,U023,0
T008066,U051,2026-05-23T13:38:20.677800,5000.0,-30.05317,-51.17544,DEV0699,U368,1
T008067,U368,2026-05-23T13:38:30.677800,4950.0,-23.5505,-46.6333,DEV0001,U235,1
T008068,U235,2026-05-23T13:38:40.677800,4900.0,-19.9173,-43.9345,DEV0795,U051,1
T008069,U310,2026-05-23T22:54:57.133570,1862.43,-19.95782,-43.87352,DEV0574,M078,1
T008070,U269,2026-05-24T06:24:45.742747,28.02,-19.9305,-43.9968,DEV0093,M063,0
T008071,U376,2026-05-23T17:31:48.576985,23.27,-19.90074,-43.91991,DEV0763,M085,0
T008072,U043,2026-05-23T14:57:32.206868,2.01,-12.98069,-38.5601,DEV0218,M044,0
T008073,U222,2026-05-23T16:44:34.188900,205.9,-22.86431,-43.08048,DEV0348,M018,0
T008074,U127,2026-05-23T18:06:56.294084,15.37,-23.64651,-46.61359,DEV0776,M041,0
T008075,U260,2026-05-24T21:36:21.119554,11.44,-13.04866,-38.48454,DEV0797,U259,0
T008076,U197,2026-05-23T12:04:44.223417,62.41,-23.5626,-46.67998,DEV0795,M005,0
T008077,U399,2026-05-24T17:26:40.621448,2.19,-30.03962,-51.20548,DEV0443,M068,0
T008078,U205,2026-05-24T16:35:41.419633,26.35,-20.00833,-43.9739,DEV0039,M061,0
T008079,U380,2026-05-24T08:08:16.111333,2.84,-23.00022,-43.20527,DEV0469,M100,0
T008080,U236,2026-05-24T13:13:36.761489,11.29,-23.53159,-46.61135,DEV0610,M051,0
T008081,U146,2026-05-24T00:05:09.149975,142.97,-15.7796,-47.93511,DEV0118,U093,0
T008082,U440,2026-05-24T04:32:00.219055,540.36,-15.69019,-48.0183,DEV0406,M047,0
T008083,U446,2026-05-23T13:21:02.039714,50.63,-23.64958,-46.55969,DEV0641,M032,0
T008084,U298,2026-05-23T11:30:12.876115,113.34,-23.5854,-46.64632,DEV0613,M099,0
T008085,U074,2026-05-24T07:21:17.169634,764.11,-12.87916,-38.48166,DEV0610,M071,0
T008086,U045,2026-05-24T08:33:34.990234,68.1,-30.04012,-51.28733,DEV0554,M098,0
T008087,U052,2026-05-23T17:56:42.332915,2.04,-25.44675,-49.21128,DEV0578,U168,0
T008088,U455,2026-05-25T04:33:50.692284,147.7,-13.00401,-38.48112,DEV0374,U030,0
T008089,U033,2026-05-23T12:12:07.719056,13.99,-23.55669,-46.67584,DEV0344,M037,0
T008090,U445,2026-05-23T22:51:30.598545,21.26,-12.93687,-38.40827,DEV0073,M007,0
T008091,U304,2026-05-23T14:21:51.789692,210.68,-30.0384,-51.2092,DEV0664,M100,0
T008092,U090,2026-05-23T14:37:07.645811,550.31,-19.92606,-43.94352,DEV0208,M080,0
T008093,U380,2026-05-24T08:34:32.096520,69.24,-22.93271,-43.0787,DEV0469,U041,0
T008094,U420,2026-05-23T23:06:13.194788,106.43,-23.63155,-46.70442,DEV0359,U347,0
T008095,U156,2026-05-24T03:46:23.764515,163.88,-15.7846,-47.87872,DEV0357,U208,0
T008096,U268,2026-05-23T09:40:56.308251,59.1,-23.67738,-46.59929,DEV0195,M071,0
T008097,U083,2026-05-24T18:59:22.295038,44.11,-19.91119,-44.07403,DEV0473,M024,0
T008098,U375,2026-05-24T11:51:00.342800,587.65,-19.87008,-43.95848,DEV0418,M038,0
T008099,U098,2026-05-24T00:19:26.076213,6.64,-25.4842,-49.34139,DEV0161,M042,0
T008100,U406,2026-05-24T11:27:13.583871,54.19,-29.94176,-51.23966,DEV0007,M024,0
T008101,U452,2026-05-23T11:51:12.453004,88754.97,-30.03513,-51.23658,DEV0497,M004,1
T008102,U279,2026-05-23T09:19:07.744673,19.41,-12.97392,-38.50509,DEV0337,M040,0
T008103,U393,2026-05-24T13:27:50.127055,216.91,-12.98631,-38.50151,DEV0055,M089,0
T008104,U090,2026-05-23T16:07:44.588949,1203.64,-19.89254,-44.01596,DEV0208,M035,0
T008105,U225,2026-05-24T08:05:31.714430,22.57,-19.89697,-43.97388,DEV0502,M002,0
T008106,U143,2026-05-25T08:41:58.244927,188.57,-30.11507,-51.23688,DEV0127,M026,0
T008107,U242,2026-05-23T05:29:37.141591,32.11,-23.59823,-46.69813,DEV0085,U337,0
T008108,U335,2026-05-24T14:10:59.980808,324.22,-30.06138,-51.22286,DEV0616,U122,0
T008109,U492,2026-05-23T20:26:27.624557,47.3,-25.47266,-49.23156,DEV0772,M048,0
T008110,U490,2026-05-23T23:51:25.751377,255.5,-30.03128,-51.09951,DEV0302,U080,0
T008111,U050,2026-05-23T10:01:45.848006,1316.83,-13.0098,-38.5468,DEV0036,M011,0
T008112,U491,2026-05-24T09:31:13.277625,52.04,-15.87856,-47.95898,DEV0226,U007,0
T008113,U009,2026-05-23T08:27:55.634652,77.42,-15.80893,-47.90552,DEV0253,M099,0
T008114,U244,2026-05-24T08:38:15.729300,53.13,-13.00936,-38.54603,DEV0772,M068,0
T008115,U287,2026-05-24T01:49:29.573084,27.35,-19.87184,-43.97949,DEV0751,U293,0
T008116,U390,2026-05-23T05:49:02.663804,4905.49,-29.96795,-51.28324,DEV0194,M027,1
T008117,U048,2026-05-23T07:34:30.194781,111.41,-25.42715,-49.15411,DEV0734,M051,0
T008118,U259,2026-05-24T00:42:26.380449,382.35,-29.98571,-51.21124,DEV0106,M041,0
T008119,U325,2026-05-24T15:48:58.510384,8.14,-15.74728,-47.90265,DEV0236,M071,0
T008120,U070,2026-05-24T00:29:44.500509,299.39,-22.9361,-43.1973,DEV0053,M066,0
T008121,U422,2026-05-23T10:46:53.260926,94.46,-22.92508,-43.28984,DEV0442,U033,0
T008122,U083,2026-05-25T06:33:45.242089,79.79,-19.96528,-43.94138,DEV0473,U211,0
T008123,U445,2026-05-23T23:54:42.227970,60.57,-13.02287,-38.56013,DEV0073,U162,0
T008124,U213,2026-05-23T12:21:20.125618,1.56,-12.9993,-38.54272,DEV0149,U022,0
T008125,U452,2026-05-23T13:28:58.534002,7.09,-30.01384,-51.19912,DEV0497,M067,0
T008126,U045,2026-05-24T10:36:35.203141,70.65,-30.09015,-51.13173,DEV0554,M092,0
T008127,U367,2026-05-24T08:21:04.414871,23.25,-15.8054,-47.84478,DEV0420,U383,0
T008128,U162,2026-05-24T09:41:17.761030,147.21,-19.86597,-44.02831,DEV0664,U051,0
T008129,U357,2026-05-23T17:36:08.137275,478.2,-30.03518,-51.22335,DEV0346,U316,0
T008130,U023,2026-05-23T15:31:39.505629,34.03,-22.93369,-43.15812,DEV0390,M056,0
T008131,U193,2026-05-23T20:45:14.097570,375.92,-20.08538,-43.94751,DEV0658,M085,0
T008132,U133,2026-05-23T17:20:34.690504,983.06,-25.40481,-49.23889,DEV0682,M038,0
T008133,U103,2026-05-24T10:38:54.321343,247.06,-15.80948,-47.897,DEV0670,M091,0
T008134,U056,2026-05-24T04:53:48.243265,188.64,-29.97484,-51.29988,DEV0348,M075,0
T008135,U187,2026-05-24T09:06:53.706932,12.81,-12.90497,-38.56047,DEV0069,M036,0
T008136,U486,2026-05-22T23:47:17.477109,18.18,-15.76579,-47.9606,DEV0585,M041,0
T008137,U450,2026-05-24T01:54:14.205640,74.42,-15.7107,-47.93652,DEV0524,U027,0
T008138,U356,2026-05-23T12:22:18.841401,33.49,-22.90087,-43.13538,DEV0550,M085,0
T008139,U220,2026-05-24T08:29:12.390070,73848.05,-19.96541,-43.85488,DEV0012,M025,1
T008140,U022,2026-05-24T01:15:30.661946,127.65,-25.53635,-49.27108,DEV0562,M056,0
T008141,U369,2026-05-23T23:46:04.523179,566.62,-30.05226,-51.15385,DEV0371,M083,0
T008142,U108,2026-05-23T17:05:45.204365,16.75,-19.89359,-43.91826,DEV0516,M006,0
T008143,U279,2026-05-23T10:12:22.479833,7.6,-12.94039,-38.5246,DEV0337,M074,0
T008144,U467,2026-05-23T14:49:31.549665,57.74,-19.96354,-43.88719,DEV0620,M011,0
T008145,U337,2026-05-23T14:49:34.584780,122.9,-30.08831,-51.21723,DEV0575,M081,0
T008146,U466,2026-05-23T14:55:05.147454,50.05,-23.53973,-46.65043,DEV0526,U232,0
T008147,U205,2026-05-24T22:36:48.918347,71.71,-19.95476,-43.95564,DEV0039,U152,0
T008148,U245,2026-05-24T18:43:58.145244,91.62,-23.48531,-46.66608,DEV0488,M033,0
T008149,U237,2026-05-23T14:55:53.789578,19.22,-30.07235,-51.23979,DEV0385,M028,0
T008150,U160,2026-05-23T15:42:40.273657,53.44,-23.5593,-46.60038,DEV0325,M017,0
T008151,U415,2026-05-23T21:19:00.512240,58.56,-25.34848,-49.30613,DEV0506,M064,0
T008152,U456,2026-05-25T03:44:21.576761,28.43,-23.5625,-46.55011,DEV0466,M094,0
T008153,U430,2026-05-24T14:35:05.915524,27.86,-22.8423,-43.20706,DEV0268,U189,0
T008154,U322,2026-05-24T16:25:19.379065,160.29,-12.96435,-38.66106,DEV0329,U306,0
T008155,U425,2026-05-24T22:48:56.255099,324.48,-22.95027,-43.15469,DEV0356,M077,0
T008156,U397,2026-05-23T07:03:31.308245,2.7,-30.01345,-51.23519,DEV0349,U126,0
T008157,U248,2026-05-23T11:49:03.676850,211.47,-15.78297,-47.87226,DEV0771,M019,0
T008158,U008,2026-05-23T08:39:49.228390,76.15,-12.96604,-38.56165,DEV0161,U334,0
T008159,U113,2026-05-24T06:30:16.340875,583.76,-23.4787,-46.57056,DEV0302,M048,0
T008160,U397,2026-05-23T10:39:40.368952,79.76,-29.988,-51.15454,DEV0349,M079,0
T008161,U109,2026-05-23T19:23:22.811529,14.48,-23.65936,-46.58765,DEV0512,M087,0
T008162,U480,2026-05-23T15:34:03.365809,53.5,-25.45544,-49.24648,DEV0239,M099,0
T008163,U049,2026-05-23T19:31:47.041741,109.71,-30.06065,-51.14717,DEV0749,M083,0
T008164,U216,2026-05-24T17:31:13.243859,7.2,-23.53166,-46.61367,DEV0402,U268,0
T008165,U300,2026-05-24T11:51:04.650628,1042.91,-19.88127,-43.85617,DEV0741,M021,0
T008166,U023,2026-05-23T17:25:51.453949,42.95,-23.06719,-43.21611,DEV0390,M061,0
T008167,U149,2026-05-23T04:13:12.863213,331.54,-30.02709,-51.2437,DEV0076,M097,0
T008168,U054,2026-05-24T02:25:24.761014,82.17,-25.47526,-49.29202,DEV0556,U153,0
T008169,U125,2026-05-23T21:31:41.072106,792.46,-19.9369,-44.02175,DEV0408,M045,0
T008170,U232,2026-05-23T22:25:11.377429,11.89,-15.78213,-47.91741,DEV0065,U119,0
T008171,U012,2026-05-24T13:06:40.933520,14.13,-30.01387,-51.3145,DEV0190,M007,0
T008172,U125,2026-05-23T21:49:26.008069,201.99,-19.92308,-43.84105,DEV0408,M060,0
T008173,U449,2026-05-23T23:31:08.689466,547.49,-25.46532,-49.25644,DEV0172,U258,0
T008174,U303,2026-05-23T21:16:48.955771,18.06,-15.6849,-47.96549,DEV0446,M045,0
T008175,U305,2026-05-23T08:14:47.840057,5.22,-30.10751,-51.2583,DEV0243,M041,0
T008176,U480,2026-05-23T17:50:05.130778,20.39,-25.42164,-49.38151,DEV0239,M039,0
T008177,U190,2026-05-23T15:50:29.272565,2.74,-12.96637,-38.50781,DEV0693,M084,0
T008178,U016,2026-05-23T13:22:53.184388,137.57,-30.02474,-51.19745,DEV0274,U395,0
T008179,U280,2026-05-24T06:02:04.960621,131.78,-23.63675,-46.61819,DEV0008,M073,0
T008180,U439,2026-05-23T17:45:47.822957,195.99,-22.92974,-43.1945,DEV0055,M095,0
T008181,U353,2026-05-23T11:12:37.050858,75.48,-30.01655,-51.25173,DEV0627,M054,0
T008182,U197,2026-05-23T12:39:10.690655,294.26,-23.66336,-46.72876,DEV0795,M030,0
T008183,U048,2026-05-23T10:21:14.320115,13.39,-25.42432,-49.2049,DEV0734,M015,0
T008184,U119,2026-05-24T23:31:02.944657,2046.59,-15.71041,-47.94686,DEV0792,M061,1
T008185,U484,2026-05-23T21:07:51.282819,52.88,-25.51929,-49.21605,DEV0146,M027,0
T008186,U445,2026-05-24T02:01:05.429581,37.58,-12.90848,-38.55962,DEV0073,U373,0
T008187,U200,2026-05-23T16:23:44.978840,94.48,-23.60793,-46.65569,DEV0342,M025,0
T008188,U170,2026-05-23T23:13:55.268843,30.19,-13.00398,-38.48267,DEV0602,U214,0
T008189,U065,2026-05-23T13:16:58.253001,44.64,-15.75553,-48.03699,DEV0386,M086,0
T008190,U058,2026-05-24T02:01:50.160840,135.64,-19.91406,-43.83856,DEV0633,U316,0
T008191,U111,2026-05-23T23:34:30.761398,226.5,-12.98533,-38.56232,DEV0518,M062,0
T008192,U320,2026-05-23T17:20:02.047603,4.04,-22.94928,-43.22927,DEV0172,M090,0
T008193,U021,2026-05-24T11:30:20.785850,25.14,-30.13848,-51.12771,DEV0035,U186,0
T008194,U102,2026-05-23T18:05:09.872838,40.33,-19.87448,-43.84179,DEV0470,M042,0
T008195,U049,2026-05-23T19:56:23.073040,187.63,-30.01225,-51.18439,DEV0749,M089,0
T008196,U450,2026-05-24T03:04:12.367615,51.44,-15.8041,-47.83532,DEV0524,U382,0
T008197,U281,2026-05-23T14:49:29.065347,10.34,-12.94984,-38.56199,DEV0692,M038,0
T008198,U130,2026-05-23T19:57:16.215566,187.73,-15.83965,-47.96296,DEV0051,U354,0
T008199,U245,2026-05-24T19:50:22.902277,128.5,-23.47367,-46.56416,DEV0488,M050,0
T008200,U212,2026-05-24T01:42:47.542168,1082.21,-25.4081,-49.27944,DEV0685,U411,0
T008201,U451,2026-05-23T17:16:13.306800,764.05,-25.43432,-49.26138,DEV0017,M052,0
T008202,U235,2026-05-23T16:53:28.280706,493.71,-19.94749,-43.88469,DEV0795,M098,0
T008203,U401,2026-05-23T22:41:20.683915,36.48,-19.87766,-43.95279,DEV0051,M042,0
T008204,U041,2026-05-24T08:19:10.728881,30.36,-19.90094,-43.99779,DEV0547,M016,0
T008205,U306,2026-05-24T06:20:03.815324,1348.15,-12.9909,-38.48185,DEV0548,M098,0
T008206,U331,2026-05-23T03:04:46.992864,7.41,-15.8358,-47.94287,DEV0291,U154,0
T008207,U221,2026-05-24T12:29:26.497568,158.67,-15.7662,-47.96326,DEV0408,M091,0
T008208,U456,2026-05-25T06:20:12.728328,106.33,-23.5671,-46.57719,DEV0466,M058,0
T008209,U408,2026-05-24T18:37:07.645566,224.39,-12.92096,-38.47073,DEV0548,U170,0
T008210,U017,2026-05-24T18:12:03.314192,148.69,-25.44797,-49.23865,DEV0014,M033,0
T008211,U055,2026-05-24T06:44:55.548729,280.97,-15.80598,-47.9162,DEV0331,M051,0
T008212,U200,2026-05-23T18:18:46.526142,21.2,-23.50282,-46.63025,DEV0342,M046,0
T008213,U456,2026-05-25T06:45:45.868342,215.4,-23.584,-46.63717,DEV0466,U421,0
T008214,U216,2026-05-24T18:18:03.064463,32.4,-23.61623,-46.66432,DEV0402,M056,0
T008215,U356,2026-05-23T15:53:39.919978,13.63,-22.95997,-43.13127,DEV0550,M004,0
T008216,U323,2026-05-23T23:42:42.648110,11.1,-19.99011,-44.0147,DEV0550,U124,0
T008217,U316,2026-05-23T22:51:04.891560,51.93,-22.83807,-43.22157,DEV0654,M088,0
T008218,U419,2026-05-23T16:28:08.901334,8.61,-23.55975,-46.54308,DEV0552,U162,0
T008219,U367,2026-05-24T09:32:18.415487,60549.9,-15.81138,-47.96417,DEV0420,U416,1
T008220,U315,2026-05-23T19:39:21.566185,15.72,-23.52293,-46.58938,DEV0140,M054,0
T008221,U465,2026-05-23T17:21:24.749377,65.2,-22.8409,-43.09036,DEV0443,U486,0
T008222,U129,2026-05-24T15:53:51.332603,80.6,-22.85773,-43.1724,DEV0800,M076,0
T008223,U043,2026-05-23T19:28:06.196366,2.55,-13.00217,-38.52421,DEV0218,U278,0
T008224,U096,2026-05-23T16:20:06.961163,118.38,-22.86045,-43.08178,DEV0338,M028,0
T008225,U346,2026-05-24T05:43:00.454755,227.77,-15.78282,-47.92188,DEV0196,U235,0
T008226,U372,2026-05-23T13:34:08.406311,12.93,-12.9258,-38.54811,DEV0666,U362,0
T008227,U379,2026-05-24T10:41:56.608020,5000.0,-19.90456,-43.90558,DEV0662,U201,1
T008228,U201,2026-05-24T10:42:06.608020,4950.0,-30.0346,-51.2177,DEV0327,U497,1
T008229,U497,2026-05-24T10:42:16.608020,4900.0,-15.7801,-47.9292,DEV0517,U379,1
T008230,U173,2026-05-23T03:46:01.514608,7.48,-19.94675,-43.92183,DEV0413,M048,0
T008231,U332,2026-05-23T16:52:47.879243,7.12,-13.00355,-38.49235,DEV0379,M055,0
T008232,U132,2026-05-23T13:03:11.596692,24.0,-22.88592,-43.1311,DEV0570,U213,0
T008233,U224,2026-05-24T00:53:48.992059,1.84,-25.37378,-49.27643,DEV0041,M076,0
T008234,U444,2026-05-23T08:29:52.251478,254.01,-22.99187,-43.28734,DEV0201,U200,0
T008235,U140,2026-05-24T11:37:01.406600,239.41,-23.54816,-46.60829,DEV0120,M006,0
T008236,U426,2026-05-24T06:48:41.049915,103.31,-22.90144,-43.2272,DEV0017,M015,0
T008237,U095,2026-05-24T06:08:47.415226,1878.72,-23.65407,-46.64856,DEV0099,U063,0
T008238,U029,2026-05-24T12:43:36.543302,154.58,-13.0151,-38.53217,DEV0338,M025,0
T008239,U304,2026-05-23T14:40:20.873338,46.15,-29.98998,-51.27906,DEV0664,M075,0
T008240,U363,2026-05-24T09:25:53.234959,70.73,-25.3678,-49.19607,DEV0799,M055,0
T008241,U458,2026-05-23T15:00:04.595613,23.16,-13.01774,-38.54621,DEV0538,U142,0
T008242,U348,2026-05-23T14:23:15.833479,215.63,-23.51234,-46.67766,DEV0118,M096,0
T008243,U348,2026-05-23T15:40:48.378059,7.52,-23.5101,-46.63839,DEV0118,U145,0
T008244,U418,2026-05-23T23:13:29.428195,47.25,-23.50758,-46.63873,DEV0115,M062,0
T008245,U346,2026-05-24T09:00:12.645284,103.31,-15.71597,-47.91636,DEV0196,M100,0
T008246,U354,2026-05-23T20:00:57.504398,78.94,-25.40336,-49.2881,DEV0794,M030,0
T008247,U137,2026-05-24T11:08:41.593447,122.57,-12.91783,-38.52292,DEV0350,M020,0
T008248,U233,2026-05-23T16:27:21.527843,125.82,-30.09557,-51.23654,DEV0177,M023,0
T008249,U011,2026-05-23T13:06:53.179726,959.15,-22.83703,-43.06062,DEV0476,M065,0
T008250,U171,2026-05-23T16:01:50.671579,99.25,-19.89953,-43.91623,DEV0617,U307,0
T008251,U122,2026-05-23T20:49:13.660430,42.17,-23.52675,-46.61082,DEV0104,U042,0
T008252,U237,2026-05-23T20:19:11.566563,3.83,-30.03003,-51.18244,DEV0385,M027,0
T008253,U129,2026-05-24T16:24:44.479474,27.34,-22.88606,-43.17348,DEV0800,M065,0
T008254,U410,2026-05-24T16:52:31.334661,7.13,-12.92775,-38.51934,DEV0523,U183,0
T008255,U460,2026-05-23T20:04:29.872939,124.46,-29.99205,-51.24622,DEV0794,M021,0
T008256,U349,2026-05-24T00:39:44.581345,114.88,-30.07391,-51.20221,DEV0228,M100,0
T008257,U384,2026-05-24T04:49:58.189630,18.91,-30.1391,-51.16692,DEV0769,U003,0
T008258,U475,2026-05-23T22:06:33.371126,9.66,-22.86283,-43.20329,DEV0414,U254,0
T008259,U361,2026-05-23T10:43:58.829883,392.15,-25.42266,-49.25554,DEV0356,U006,0
T008260,U043,2026-05-23T22:01:12.274695,87.16,-12.98,-38.40909,DEV0218,M089,0
T008261,U437,2026-05-24T08:55:28.334934,20.29,-19.91752,-43.95143,DEV0512,U347,0
T008262,U316,2026-05-24T00:27:04.796027,21.99,-22.92599,-43.18253,DEV0654,M065,0
T008263,U465,2026-05-24T00:24:56.487244,469.98,-22.79864,-43.04856,DEV0443,M074,0
T008264,U030,2026-05-24T02:53:23.222486,6.27,-22.89513,-43.2424,DEV0217,M091,0
T008265,U222,2026-05-23T18:49:25.615710,10.68,-22.90463,-43.23412,DEV0348,M095,0
T008266,U067,2026-05-24T02:18:36.820690,2030.85,-19.8611,-43.9423,DEV0113,M036,0
T008267,U273,2026-05-23T07:14:51.804032,83.6,-23.53021,-46.67617,DEV0645,U474,0
T008268,U391,2026-05-24T00:49:14.022895,5.41,-23.48058,-46.648,DEV0114,U253,0
T008269,U148,2026-05-23T13:00:35.367748,212.45,-30.01235,-51.25493,DEV0581,M041,0
T008270,U372,2026-05-23T15:52:59.321682,8.03,-12.96494,-38.4958,DEV0666,M069,0
T008271,U077,2026-05-24T19:03:14.929833,13.09,-15.75957,-47.97513,DEV0464,U211,0
T008272,U491,2026-05-24T09:43:55.856792,34.49,-15.80128,-47.91135,DEV0226,M003,0
T008273,U044,2026-05-24T06:09:42.857068,35.94,-15.75047,-47.9492,DEV0795,M086,0
T008274,U139,2026-05-24T14:55:34.005910,82.64,-25.43811,-49.21849,DEV0106,M080,0
T008275,U219,2026-05-23T22:52:16.627546,210.29,-20.01454,-43.84173,DEV0656,M026,0
T008276,U284,2026-05-23T06:32:06.514727,17.61,-23.04013,-43.10561,DEV0365,M079,0
T008277,U377,2026-05-24T18:46:37.991808,156.39,-23.58826,-46.63061,DEV0180,U205,0
T008278,U002,2026-05-24T09:02:31.778350,113.46,-19.83712,-43.90057,DEV0072,M041,0
T008279,U117,2026-05-23T19:46:20.770973,63.42,-22.92652,-43.17332,DEV0793,U339,0
T008280,U436,2026-05-24T01:38:01.691721,285.37,-13.00857,-38.38721,DEV0149,U062,0
T008281,U135,2026-05-23T08:30:09.150387,28.53,-13.01586,-38.49213,DEV0572,M099,0
T008282,U132,2026-05-23T13:18:15.410685,13.43,-22.95472,-43.11042,DEV0570,U160,0
T008283,U135,2026-05-23T09:18:22.935721,6.52,-13.03884,-38.43178,DEV0572,M088,0
T008284,U057,2026-05-23T21:29:30.543092,8.56,-15.74237,-47.91303,DEV0225,M028,0
T008285,U364,2026-05-24T02:57:52.526198,43.99,-15.81693,-47.98975,DEV0051,M028,0
T008286,U024,2026-05-23T22:29:51.563229,319.97,-25.45309,-49.20871,DEV0477,U062,0
T008287,U274,2026-05-24T05:27:42.312194,9.83,-22.87113,-43.1947,DEV0046,M071,0
T008288,U289,2026-05-23T23:16:03.655601,88.18,-19.92566,-43.92481,DEV0015,M064,0
T008289,U244,2026-05-24T13:46:15.884831,190.4,-13.00694,-38.5152,DEV0772,U372,0
T008290,U234,2026-05-24T05:24:24.620417,19.5,-22.90725,-43.21641,DEV0063,U193,0
T008291,U444,2026-05-23T08:57:12.933721,988.58,-22.84284,-43.23366,DEV0201,M058,0
T008292,U219,2026-05-23T23:16:42.117508,21.92,-19.91577,-43.92074,DEV0656,M090,0
T008293,U317,2026-05-25T04:27:44.518141,673.43,-13.02772,-38.56026,DEV0139,M095,0
T008294,U031,2026-05-24T13:28:09.483901,15.76,-25.45132,-49.27349,DEV0493,M072,0
T008295,U388,2026-05-23T16:53:11.935188,305.06,-15.82801,-47.85075,DEV0144,M079,0
T008296,U131,2026-05-23T00:12:29.551409,266.43,-30.07264,-51.19862,DEV0190,M029,0
T008297,U359,2026-05-24T01:43:46.407694,36.75,-15.79319,-47.89964,DEV0210,M081,0
T008298,U343,2026-05-24T10:20:26.303821,144.11,-23.50954,-46.60699,DEV0478,U120,0
T008299,U268,2026-05-23T10:48:40.794238,60.43,-23.54277,-46.64728,DEV0195,U372,0
T008300,U307,2026-05-23T19:36:29.686444,872.29,-15.72873,-47.93138,DEV0322,M034,0
T008301,U314,2026-05-24T23:48:18.339772,10.1,-19.88829,-43.96516,DEV0724,U346,0
T008302,U106,2026-05-24T02:09:19.852935,36.63,-15.76571,-47.92663,DEV0609,U469,0
T008303,U351,2026-05-24T21:32:45.008537,40.08,-12.99548,-38.54848,DEV0157,M063,0
T008304,U036,2026-05-24T19:04:54.731850,25.18,-12.93888,-38.50901,DEV0490,U395,0
T008305,U352,2026-05-23T19:08:03.150492,180.8,-25.43176,-49.32378,DEV0685,M074,0
T008306,U022,2026-05-24T02:03:26.570065,292.92,-25.37233,-49.17099,DEV0562,U390,0
T008307,U202,2026-05-23T11:43:33.322162,17.63,-25.36487,-49.32386,DEV0070,M063,0
T008308,U499,2026-05-24T00:45:23.419825,117.57,-19.97273,-43.95613,DEV0020,M013,0
T008309,U222,2026-05-23T19:21:23.166868,108.07,-23.00717,-43.08792,DEV0348,M068,0
T008310,U117,2026-05-23T21:01:09.944042,330.95,-22.97503,-43.12866,DEV0793,U093,0
T008311,U220,2026-05-24T10:25:14.850959,411.73,-19.93167,-44.02597,DEV0012,M032,0
T008312,U338,2026-05-23T13:37:42.102112,1200.85,-23.59492,-46.60685,DEV0145,U448,0
T008313,U117,2026-05-23T21:24:38.577016,172.08,-22.91346,-43.15055,DEV0793,M075,0
T008314,U385,2026-05-24T05:16:41.614645,44.97,-15.78929,-47.81087,DEV0215,M088,0
T008315,U053,2026-05-23T09:24:57.145958,79128.39,-15.81263,-47.94613,DEV0646,M068,1
T008316,U270,2026-05-23T22:27:00.135806,10.99,-12.90817,-38.5249,DEV0634,U272,0
T008317,U024,2026-05-23T23:33:55.599759,231.62,-25.4635,-49.28621,DEV0477,M038,0
T008318,U238,2026-05-23T21:47:18.061823,75.43,-30.10497,-51.25254,DEV0518,M065,0
T008319,U323,2026-05-24T00:23:30.775404,171.79,-19.88816,-43.95831,DEV0550,U359,0
T008320,U393,2026-05-24T19:28:21.196607,639.96,-13.01908,-38.52198,DEV0055,M010,0
T008321,U489,2026-05-23T14:51:44.119536,403.14,-25.48566,-49.24004,DEV0710,U210,0
T008322,U044,2026-05-24T07:48:23.028878,20.21,-15.80565,-47.89451,DEV0795,M034,0
T008323,U106,2026-05-24T02:18:35.110573,695.12,-15.78361,-47.92946,DEV0424,M085,1
T008324,U096,2026-05-23T21:25:28.844021,297.64,-22.94153,-43.18736,DEV0338,U327,0
T008325,U377,2026-05-24T22:22:49.218202,14.66,-23.53033,-46.62658,DEV0180,U134,0
T008326,U034,2026-05-23T14:45:54.961416,17.98,-30.1114,-51.16859,DEV0139,M049,0
T008327,U355,2026-05-24T02:51:34.047031,16.45,-12.95234,-38.47083,DEV0660,M019,0
T008328,U281,2026-05-23T16:11:48.540138,7.59,-13.01324,-38.53032,DEV0692,M051,0
T008329,U298,2026-05-23T13:13:19.412496,61.78,-30.0346,-51.2177,DEV0613,U052,1
T008330,U308,2026-05-24T20:27:01.297176,1.15,-19.92979,-43.94504,DEV0004,M042,0
T008331,U213,2026-05-23T12:34:28.910176,12.11,-12.98212,-38.58762,DEV0149,M070,0
T008332,U157,2026-05-23T23:33:16.059595,60.83,-22.89233,-43.15413,DEV0758,U332,0
T008333,U380,2026-05-24T15:40:00.285481,58.03,-22.88025,-43.2132,DEV0469,M004,0
T008334,U458,2026-05-23T18:48:34.559710,31.39,-12.95596,-38.49439,DEV0538,M023,0
T008335,U237,2026-05-23T22:21:19.878570,10.72,-30.07582,-51.15197,DEV0385,M013,0
T008336,U008,2026-05-23T12:22:14.257451,101.14,-12.96552,-38.51427,DEV0161,M059,0
T008337,U497,2026-05-24T11:37:14.109565,2.11,-15.8527,-47.92396,DEV0517,M038,0
T008338,U244,2026-05-24T15:11:26.452273,21.03,-12.95806,-38.55863,DEV0772,M018,0
T008339,U019,2026-05-24T06:41:38.038356,130.07,-25.43539,-49.22705,DEV0092,M055,0
T008340,U308,2026-05-24T22:23:46.931136,3.79,-20.01702,-43.94389,DEV0004,M062,0
T008341,U140,2026-05-24T20:38:08.415796,4585.33,-23.5882,-46.62553,DEV0120,M023,1
T008342,U387,2026-05-24T00:54:52.120245,42.71,-12.98002,-38.52916,DEV0305,M056,0
T008343,U392,2026-05-23T07:55:56.923628,51.04,-19.92096,-43.97097,DEV0644,M033,0
T008344,U102,2026-05-23T21:04:45.861094,76.56,-19.97766,-43.97242,DEV0470,U017,0
T008345,U116,2026-05-23T19:52:00.697690,19.3,-29.95794,-51.2119,DEV0161,M069,0
T008346,U184,2026-05-25T03:10:33.250642,58.54,-23.6081,-46.63374,DEV0076,M030,0
T008347,U323,2026-05-24T00:55:53.235233,180.69,-19.968,-43.97025,DEV0550,M093,0
T008348,U315,2026-05-23T19:50:14.636935,65.73,-23.50283,-46.61437,DEV0140,U199,0
T008349,U147,2026-05-24T03:49:40.839304,74.79,-12.95574,-38.43668,DEV0272,U190,0
T008350,U115,2026-05-24T11:57:43.530502,143.74,-30.04798,-51.2409,DEV0253,M054,0
T008351,U353,2026-05-23T12:05:19.954968,196.44,-30.05876,-51.20484,DEV0627,M096,0
T008352,U153,2026-05-23T16:04:44.745125,421.19,-25.4961,-49.28717,DEV0453,M025,0
T008353,U014,2026-05-23T23:58:17.628873,13.36,-25.45068,-49.27773,DEV0505,M070,0
T008354,U404,2026-05-24T02:02:54.806675,51.9,-19.87264,-43.85031,DEV0452,M037,0
T008355,U124,2026-05-23T21:04:40.013505,298.82,-13.01777,-38.50857,DEV0682,U491,0
T008356,U098,2026-05-24T01:29:44.075892,4.45,-25.46491,-49.35919,DEV0161,M046,0
T008357,U254,2026-05-24T06:19:59.475281,35.89,-30.04448,-51.3255,DEV0422,M073,0
T008358,U143,2026-05-25T08:56:41.234888,72.74,-30.12422,-51.27933,DEV0127,M036,0
T008359,U357,2026-05-23T17:55:50.976972,120.42,-30.05963,-51.2249,DEV0346,M037,0
T008360,U190,2026-05-23T18:37:49.431394,143.02,-12.86648,-38.53486,DEV0693,U145,0
T008361,U307,2026-05-23T20:02:49.149237,136.22,-15.80279,-47.89987,DEV0322,U202,0
T008362,U414,2026-05-23T14:45:10.466854,51.22,-22.87316,-43.11886,DEV0053,M059,0
T008363,U299,2026-05-23T23:00:02.834529,124.26,-22.94926,-43.12512,DEV0320,U283,0
T008364,U263,2026-05-24T06:59:56.965913,9.24,-12.96057,-38.51548,DEV0450,M016,0
T008365,U417,2026-05-24T12:21:45.057879,694.98,-19.95956,-43.90388,DEV0727,M057,0
T008366,U293,2026-05-23T18:59:07.542666,336.84,-23.56957,-46.61594,DEV0525,M082,0
T008367,U257,2026-05-23T06:21:03.771455,90.9,-29.98818,-51.22643,DEV0308,U500,0
T008368,U049,2026-05-24T00:59:26.442676,290.25,-30.01805,-51.12609,DEV0749,U014,0
T008369,U203,2026-05-23T04:41:26.625783,64.19,-19.84368,-44.06689,DEV0445,M006,0
T008370,U213,2026-05-23T15:52:47.743903,15.85,-13.00482,-38.47552,DEV0149,M001,0
T008371,U218,2026-05-24T10:24:01.750723,435.79,-23.54195,-46.63876,DEV0373,U003,0
T008372,U439,2026-05-23T20:17:47.072538,300.14,-22.95728,-43.09621,DEV0055,M086,0
T008373,U257,2026-05-23T08:56:09.015561,23.38,-30.01396,-51.15877,DEV0308,M059,0
T008374,U240,2026-05-23T17:40:33.776211,747.04,-12.95522,-38.50733,DEV0023,M056,0
T008375,U084,2026-05-23T06:28:08.068813,120.17,-30.02157,-51.26911,DEV0298,M085,0
T008376,U185,2026-05-23T10:05:42.551460,804.92,-25.40325,-49.2275,DEV0718,U491,0
T008377,U325,2026-05-24T17:30:25.771850,201.48,-15.81851,-47.90852,DEV0236,U194,0
T008378,U069,2026-05-24T04:50:38.971743,91.73,-23.48828,-46.60963,DEV0385,M045,0
T008379,U388,2026-05-23T17:02:53.932898,106.42,-15.76956,-47.98486,DEV0144,M089,0
T008380,U333,2026-05-24T23:26:14.137129,142.35,-15.88246,-47.9565,DEV0132,M001,0
T008381,U325,2026-05-24T20:36:38.619503,19.25,-15.73016,-47.97619,DEV0236,M053,0
T008382,U060,2026-05-24T00:59:00.375948,31.6,-19.91512,-43.9475,DEV0649,M064,0
T008383,U030,2026-05-24T03:46:30.484310,150.47,-22.92614,-43.15024,DEV0217,U020,0
T008384,U299,2026-05-24T00:21:22.189522,71.02,-22.87272,-43.08323,DEV0320,M086,0
T008385,U487,2026-05-23T18:33:05.468277,21.92,-23.51251,-46.6018,DEV0344,M039,0
T008386,U101,2026-05-24T03:11:23.060584,4.57,-23.49949,-46.58085,DEV0688,M085,0
T008387,U173,2026-05-23T09:48:02.606890,26.79,-19.93105,-43.90473,DEV0413,U443,0
T008388,U436,2026-05-24T02:25:16.772514,64.42,-13.08013,-38.48868,DEV0149,M033,0
T008389,U477,2026-05-24T09:18:52.725482,1.9,-19.87837,-43.94565,DEV0039,M032,0
T008390,U325,2026-05-24T20:43:43.990385,159.26,-15.79953,-47.94852,DEV0236,U179,0
T008391,U097,2026-05-24T05:57:55.883406,238.1,-19.90945,-43.9341,DEV0720,U078,0
T008392,U187,2026-05-24T13:49:32.688590,49.47,-12.99516,-38.59473,DEV0069,M087,0
T008393,U139,2026-05-24T15:37:03.916168,4.04,-25.41414,-49.26273,DEV0106,M026,0
T008394,U120,2026-05-23T12:42:37.283580,17.6,-30.06682,-51.21715,DEV0663,M019,0
T008395,U034,2026-05-23T15:51:08.954539,45.01,-30.04417,-51.24383,DEV0139,M063,0
T008396,U154,2026-05-23T20:50:41.497344,21.29,-22.89191,-43.14101,DEV0474,M003,0
T008397,U115,2026-05-24T13:54:28.276580,78.83,-30.06002,-51.11328,DEV0253,M094,0
T008398,U156,2026-05-24T08:05:50.111768,31.79,-15.7676,-47.92911,DEV0357,M081,0
T008399,U204,2026-05-24T11:08:21.862605,38.68,-30.05348,-51.23251,DEV0091,U070,0
T008400,U061,2026-05-24T23:14:54.812473,146.95,-23.56573,-46.6541,DEV0234,M028,0
T008401,U067,2026-05-24T03:44:08.075997,5.86,-19.93774,-43.90334,DEV0113,U347,0
T008402,U064,2026-05-24T17:21:29.252250,2512.09,-23.58789,-46.6975,DEV0442,M011,0
T008403,U326,2026-05-23T10:01:06.140823,1261.31,-12.97722,-38.50253,DEV0376,U493,0
T008404,U172,2026-05-23T14:18:16.815475,29.17,-22.85867,-43.22488,DEV0501,M041,0
T008405,U136,2026-05-25T01:34:37.750912,17.79,-12.92153,-38.51843,DEV0103,M005,0
T008406,U152,2026-05-24T00:36:28.027747,405.5,-23.45137,-46.6664,DEV0094,U046,0
T008407,U230,2026-05-23T13:23:02.509912,224.24,-15.78426,-47.91925,DEV0242,M061,0
T008408,U130,2026-05-23T20:46:17.783997,212.98,-15.7114,-47.90056,DEV0051,M045,0
T008409,U416,2026-05-23T16:21:46.153599,600.27,-23.49895,-46.60568,DEV0714,M086,0
T008410,U062,2026-05-23T19:37:30.614391,123.01,-29.97959,-51.19296,DEV0374,M043,0
T008411,U317,2026-05-25T08:44:50.525536,7.5,-13.00468,-38.5409,DEV0139,M081,0
T008412,U363,2026-05-24T09:47:44.414151,266.48,-25.4593,-49.37824,DEV0799,M093,0
T008413,U032,2026-05-23T04:00:32.887936,19.38,-30.03447,-51.23062,DEV0065,M054,0
T008414,U399,2026-05-24T18:43:13.231336,74.88,-30.04307,-51.2676,DEV0443,U176,0
T008415,U423,2026-05-23T18:23:01.175484,375.69,-22.97229,-43.14482,DEV0727,M019,0
T008416,U085,2026-05-23T19:51:32.370356,334.79,-25.40246,-49.3051,DEV0144,U130,0
T008417,U081,2026-05-23T17:49:38.470619,358.45,-25.54994,-49.18118,DEV0489,U177,0
T008418,U258,2026-05-23T20:52:39.612882,51.54,-23.60126,-46.69108,DEV0335,U191,0
T008419,U260,2026-05-25T02:16:36.094785,11.17,-12.98077,-38.52244,DEV0797,M017,0
T008420,U406,2026-05-24T11:39:48.913165,26.49,-30.08906,-51.2431,DEV0007,M020,0
T008421,U079,2026-05-23T10:08:37.935286,664.75,-19.81848,-43.96851,DEV0346,M085,0
T008422,U098,2026-05-24T04:19:08.164635,3621.66,-25.42156,-49.25499,DEV0161,M070,1
T008423,U430,2026-05-24T17:39:01.468155,79.25,-22.90847,-43.20885,DEV0268,M076,0
T008424,U206,2026-05-24T13:25:39.352327,23.11,-13.06712,-38.46441,DEV0653,M036,0
T008425,U155,2026-05-24T05:36:34.883193,25.05,-30.06643,-51.18683,DEV0612,M024,0
T008426,U459,2026-05-23T20:34:29.601776,66.29,-22.86319,-43.10881,DEV0016,M077,0
T008427,U072,2026-05-23T04:53:00.221989,6.02,-30.053,-51.24044,DEV0203,U152,0
T008428,U477,2026-05-24T15:06:45.285374,13.09,-19.95485,-43.86956,DEV0039,M048,0
T008429,U167,2026-05-24T02:20:39.482264,16.51,-13.0669,-38.48131,DEV0012,M070,0
T008430,U071,2026-05-23T10:32:16.528172,105.37,-15.84809,-47.91075,DEV0416,M036,0
T008431,U215,2026-05-23T05:11:07.289955,121.84,-25.4726,-49.29674,DEV0227,M018,0
T008432,U307,2026-05-23T22:39:08.420734,196.61,-15.84463,-48.00339,DEV0322,U472,0
T008433,U049,2026-05-24T03:56:24.081875,114.62,-30.09509,-51.25552,DEV0749,U234,0
T008434,U239,2026-05-24T06:12:06.980232,205.15,-12.89919,-38.38201,DEV0645,U490,0
T008435,U025,2026-05-23T18:28:48.383206,213.54,-22.91051,-43.1936,DEV0556,M044,0
T008436,U230,2026-05-23T14:37:54.824353,46.54,-15.79305,-47.99884,DEV0242,U037,0
T008437,U058,2026-05-24T03:25:44.610845,713.65,-19.97901,-44.06183,DEV0633,U298,0
T008438,U193,2026-05-23T21:28:53.536730,1064.6,-19.95552,-43.8869,DEV0658,U286,0
T008439,U012,2026-05-24T18:01:30.257746,11.83,-30.04152,-51.17088,DEV0190,U017,0
T008440,U492,2026-05-23T21:17:29.613956,180.45,-25.50288,-49.21468,DEV0772,M023,1
T008441,U384,2026-05-24T05:46:27.477041,20.8,-30.0127,-51.33828,DEV0769,M097,0
T008442,U193,2026-05-24T00:02:47.463821,908.79,-19.91025,-43.93536,DEV0658,U263,0
T008443,U214,2026-05-24T04:35:29.005106,310.4,-12.96916,-38.45551,DEV0203,U069,0
T008444,U379,2026-05-24T11:13:45.632844,29.89,-19.90077,-43.89275,DEV0662,M097,0
T008445,U415,2026-05-23T22:15:36.805949,91.96,-25.43297,-49.30824,DEV0506,M076,0
T008446,U462,2026-05-24T07:06:30.822042,46.3,-12.97712,-38.52502,DEV0519,U385,0
T008447,U310,2026-05-23T20:01:38.626985,569.68,-20.04334,-43.95692,DEV0574,M014,0
T008448,U172,2026-05-23T17:40:17.815706,60.77,-22.80192,-43.175,DEV0501,U117,0
T008449,U106,2026-05-24T03:30:51.411836,280.07,-15.84218,-47.93956,DEV0609,M036,0
T008450,U049,2026-05-24T06:06:22.331511,136.25,-30.07032,-51.27108,DEV0749,M070,0
T008451,U091,2026-05-24T10:42:20.108619,643.99,-15.84838,-47.95327,DEV0120,M061,0
T008452,U367,2026-05-24T11:07:22.559615,40.18,-15.82298,-47.90728,DEV0420,U022,0
T008453,U290,2026-05-24T18:25:43.717767,4.63,-30.12123,-51.21315,DEV0485,M070,0
T008454,U018,2026-05-25T00:53:35.851428,23.04,-23.62535,-46.57013,DEV0346,M031,0
T008455,U243,2026-05-24T00:37:49.622612,535.95,-15.83217,-47.90023,DEV0001,M098,0
T008456,U096,2026-05-23T22:15:10.322348,19.81,-22.92511,-43.16086,DEV0338,M100,0
T008457,U197,2026-05-23T13:05:10.088014,391.26,-23.56082,-46.6354,DEV0795,M098,0
T008458,U202,2026-05-23T12:52:40.404246,104.13,-25.37221,-49.28047,DEV0070,M098,0
T008459,U133,2026-05-23T22:54:19.117711,490.56,-25.43896,-49.2445,DEV0682,M076,0
T008460,U443,2026-05-23T14:44:11.870551,154.72,-19.92628,-43.95608,DEV0507,U023,0
T008461,U093,2026-05-23T20:25:44.314911,54.58,-25.43163,-49.26753,DEV0422,U441,0
T008462,U073,2026-05-23T18:16:25.150943,398.81,-23.5283,-46.58011,DEV0767,U426,0
T008463,U296,2026-05-24T19:45:18.080556,20.05,-30.02562,-51.16492,DEV0470,M059,0
T008464,U195,2026-05-23T16:54:40.141272,60676.06,-23.54275,-46.54327,DEV0253,U052,1
T008465,U375,2026-05-24T12:28:19.670867,3.31,-20.04758,-43.89876,DEV0418,U329,0
T008466,U105,2026-05-24T07:15:04.750251,321.63,-19.93351,-43.93132,DEV0027,U204,0
T008467,U283,2026-05-23T23:14:55.833034,56.19,-22.86962,-43.17056,DEV0028,U401,0
T008468,U234,2026-05-24T08:30:48.683106,40.97,-22.942,-43.10347,DEV0063,U118,0
T008469,U179,2026-05-24T03:01:08.924437,418.86,-23.49055,-46.60983,DEV0695,M016,0
T008470,U287,2026-05-24T02:49:27.161153,11.57,-19.98443,-43.94985,DEV0751,U314,0
T008471,U190,2026-05-23T22:09:37.984838,62.35,-13.01777,-38.526,DEV0693,M041,0
T008472,U468,2026-05-23T06:24:23.022116,319.2,-22.93383,-43.15399,DEV0131,U024,0
T008473,U239,2026-05-24T06:56:00.149617,831.38,-13.03434,-38.48722,DEV0645,M087,0
T008474,U148,2026-05-23T14:20:19.737214,18.89,-29.99836,-51.183,DEV0581,U223,0
T008475,U032,2026-05-23T05:37:27.129829,6.99,-30.0072,-51.1428,DEV0065,U137,0
T008476,U056,2026-05-24T06:02:42.129635,302.42,-29.97393,-51.26962,DEV0348,M033,0
T008477,U429,2026-05-24T13:25:59.725207,323.1,-23.48051,-46.57071,DEV0287,M092,0
T008478,U121,2026-05-23T22:41:20.703235,401.7,-19.96878,-43.88174,DEV0490,U055,0
T008479,U162,2026-05-24T11:52:30.896476,31.22,-20.00122,-43.90361,DEV0664,M039,0
T008480,U156,2026-05-24T08:25:01.989421,198.8,-15.7613,-47.95813,DEV0357,U449,0
T008481,U319,2026-05-23T20:52:40.688242,174.0,-22.89223,-43.1476,DEV0010,U252,0
T008482,U290,2026-05-24T19:51:47.058019,43.13,-29.96088,-51.21711,DEV0485,M067,0
T008483,U263,2026-05-24T09:14:30.772543,99.74,-12.955,-38.49537,DEV0450,U314,0
T008484,U037,2026-05-23T18:04:48.160588,216.27,-23.55517,-46.62838,DEV0028,M092,0
T008485,U178,2026-05-24T11:54:26.579279,64.66,-15.74288,-47.91246,DEV0736,M047,0
T008486,U381,2026-05-23T20:46:46.574830,164.41,-23.59544,-46.64503,DEV0084,U066,0
T008487,U107,2026-05-24T13:53:43.033668,2.45,-23.54312,-46.65268,DEV0453,M021,0
T008488,U295,2026-05-23T21:16:55.417903,101.84,-12.94651,-38.51523,DEV0146,M077,0
T008489,U033,2026-05-23T18:15:33.958611,90.32,-23.5956,-46.62747,DEV0344,M080,0
T008490,U255,2026-05-23T08:51:57.077874,51.19,-22.91256,-43.20367,DEV0306,U104,0
T008491,U142,2026-05-23T09:40:24.271895,142.02,-12.92002,-38.46043,DEV0474,M009,0
T008492,U182,2026-05-23T23:52:54.703526,229.03,-15.79523,-47.91679,DEV0397,M075,0
T008493,U250,2026-05-23T19:28:05.871543,334.78,-15.79002,-47.9366,DEV0734,M088,0
T008494,U031,2026-05-24T15:29:59.984968,23.18,-25.47839,-49.32494,DEV0493,U465,0
T008495,U328,2026-05-24T16:50:01.914109,655.9,-23.53707,-46.6799,DEV0296,M059,0
T008496,U332,2026-05-23T17:54:35.269704,7.3,-12.95514,-38.49219,DEV0379,M091,0
T008497,U488,2026-05-24T08:44:49.260339,19.53,-19.85503,-44.04399,DEV0061,M053,0
T008498,U051,2026-05-23T13:59:15.581272,17.73,-30.00836,-51.26033,DEV0699,M021,0
T008499,U271,2026-05-24T06:36:34.886874,56.2,-12.99794,-38.50106,DEV0005,M052,0
T008500,U129,2026-05-24T17:26:51.090742,148.7,-22.88548,-43.19289,DEV0800,M037,0
T008501,U054,2026-05-24T03:05:43.458633,136.24,-25.43465,-49.30993,DEV0556,M086,0
T008502,U074,2026-05-24T11:03:36.009339,170.29,-12.98583,-38.43178,DEV0610,M094,0
T008503,U021,2026-05-24T13:49:52.929030,745.06,-30.07233,-51.16986,DEV0035,M031,0
T008504,U193,2026-05-24T06:10:33.695604,458.34,-19.89252,-44.02345,DEV0658,M030,0
T008505,U146,2026-05-24T04:45:35.880107,704.31,-15.86309,-47.88132,DEV0118,M024,0
T008506,U216,2026-05-24T21:23:18.229276,7.78,-23.5631,-46.63043,DEV0402,M006,0
T008507,U423,2026-05-23T20:00:24.134977,609.56,-22.85135,-43.07757,DEV0727,M074,0
T008508,U258,2026-05-23T23:17:57.773420,49.64,-23.5295,-46.72504,DEV0335,M030,0
T008509,U117,2026-05-23T23:00:07.769967,40.01,-22.89544,-43.13783,DEV0793,M023,0
T008510,U114,2026-05-24T08:05:46.622594,37.1,-19.92444,-43.91974,DEV0700,M006,0
T008511,U259,2026-05-24T02:45:45.283120,317.02,-30.07014,-51.20846,DEV0106,M041,0
T008512,U454,2026-05-23T06:04:22.233110,175.43,-30.0404,-51.2524,DEV0661,M032,0
T008513,U195,2026-05-23T18:43:20.503266,39.11,-23.58082,-46.56872,DEV0253,M080,0
T008514,U015,2026-05-23T10:25:59.249188,15.36,-20.00038,-43.88997,DEV0647,M012,0
T008515,U112,2026-05-24T10:49:02.213415,159.47,-23.5296,-46.60138,DEV0037,M093,0
T008516,U330,2026-05-24T18:43:53.238880,150.39,-23.56064,-46.59718,DEV0229,U248,0
T008517,U113,2026-05-24T08:29:03.261339,449.12,-23.54923,-46.65054,DEV0302,M032,0
T008518,U453,2026-05-24T01:09:23.506073,476.02,-15.6929,-48.07987,DEV0592,U364,0
T008519,U057,2026-05-23T21:44:50.467935,22.04,-15.74113,-47.95791,DEV0225,U023,0
T008520,U341,2026-05-23T12:53:54.012598,7.49,-29.96369,-51.20785,DEV0179,M041,0
T008521,U246,2026-05-24T14:10:42.329469,32.85,-25.39681,-49.16659,DEV0095,U293,0
T008522,U168,2026-05-24T05:37:41.004293,3.19,-22.95537,-43.35312,DEV0253,M097,0
T008523,U004,2026-05-23T16:32:56.152382,728.98,-19.8708,-44.02432,DEV0459,M063,0
T008524,U210,2026-05-23T22:25:49.210288,5.53,-29.94776,-51.24467,DEV0508,M077,0
T008525,U362,2026-05-24T05:43:38.367087,39.64,-12.92915,-38.4901,DEV0127,M041,0
T008526,U050,2026-05-23T11:17:45.962294,112.24,-12.99575,-38.43885,DEV0036,M002,0
T008527,U342,2026-05-24T03:13:33.162349,133.37,-25.4092,-49.25233,DEV0015,M021,0
T008528,U467,2026-05-23T15:39:36.860475,31.2,-19.81981,-43.89432,DEV0620,M016,0
T008529,U140,2026-05-24T12:41:06.483294,15.71,-23.53883,-46.64965,DEV0120,U368,0
T008530,U473,2026-05-23T12:49:26.193638,25.17,-12.99547,-38.60472,DEV0426,M069,0
T008531,U333,2026-05-25T06:10:47.202514,3.29,-15.74329,-47.92761,DEV0132,M001,0
T008532,U055,2026-05-24T10:59:14.056469,89.38,-15.76996,-47.97884,DEV0331,M039,0
T008533,U406,2026-05-24T14:18:44.716266,19.04,-29.99588,-51.22019,DEV0007,M056,0
T008534,U375,2026-05-24T12:32:56.315895,640.08,-19.95687,-44.00243,DEV0418,M024,0
T008535,U190,2026-05-23T23:47:03.003313,39.84,-13.08099,-38.54773,DEV0693,M072,0
T008536,U202,2026-05-23T12:54:12.209468,21.42,-25.37193,-49.28464,DEV0070,M021,0
T008537,U219,2026-05-23T23:26:44.839026,515.78,-19.92392,-43.99626,DEV0656,M068,0
T008538,U355,2026-05-24T09:30:23.387262,44.0,-12.90436,-38.54771,DEV0660,M098,0
T008539,U173,2026-05-23T12:30:29.564721,3.02,-19.85924,-43.92913,DEV0413,M010,0
T008540,U181,2026-05-23T22:04:42.976003,91.85,-15.7139,-47.96786,DEV0596,M074,0
T008541,U109,2026-05-23T20:27:57.777106,46.79,-23.56935,-46.63487,DEV0512,M034,0
T008542,U105,2026-05-24T07:37:16.566299,384.15,-19.92036,-43.89647,DEV0027,M053,0
T008543,U223,2026-05-23T12:29:50.241302,89.81,-22.93406,-43.16376,DEV0316,M094,0
T008544,U500,2026-05-23T06:33:57.476703,49.84,-12.88105,-38.41996,DEV0490,M089,0
T008545,U049,2026-05-24T07:03:53.887670,181.77,-29.97386,-51.26346,DEV0749,U418,0
T008546,U153,2026-05-23T19:54:22.254363,66.59,-25.40991,-49.28089,DEV0453,M092,0
T008547,U242,2026-05-23T10:59:00.118927,141.73,-23.43516,-46.67276,DEV0085,U282,0
T008548,U197,2026-05-23T18:02:25.865134,93.71,-23.60342,-46.6212,DEV0795,M013,0
T008549,U046,2026-05-24T09:27:12.794306,22.09,-19.975,-43.92842,DEV0575,M003,0
T008550,U265,2026-05-23T23:03:25.569740,3.74,-19.96515,-43.85884,DEV0111,M078,0
T008551,U039,2026-05-24T04:04:37.624856,67.7,-30.08234,-51.19602,DEV0574,U191,0
T008552,U386,2026-05-23T22:25:08.636384,24.48,-19.89144,-44.03193,DEV0318,M061,0
T008553,U013,2026-05-23T14:04:35.389518,44.66,-15.7773,-47.94273,DEV0563,U095,0
T008554,U482,2026-05-24T05:28:50.460686,139.08,-23.59053,-46.57878,DEV0689,M010,0
T008555,U404,2026-05-24T02:41:53.954045,27.07,-19.90138,-43.92286,DEV0452,M073,0
T008556,U158,2026-05-24T18:29:45.734741,29.6,-22.91092,-43.21184,DEV0180,M070,0
T008557,U493,2026-05-24T21:35:05.263744,87.35,-25.46649,-49.29398,DEV0575,M096,0
T008558,U075,2026-05-23T14:40:21.045469,92.34,-19.90225,-43.96087,DEV0511,M019,0
T008559,U140,2026-05-24T15:46:07.077103,43.4,-23.56046,-46.68412,DEV0120,U277,0
T008560,U120,2026-05-23T16:51:29.662451,51.32,-29.98225,-51.26908,DEV0663,M100,0
T008561,U328,2026-05-24T20:32:50.681117,46.75,-23.6686,-46.59473,DEV0296,M015,0
T008562,U419,2026-05-23T21:52:23.492018,2977.53,-23.57883,-46.67298,DEV0552,M092,1
T008563,U108,2026-05-23T17:41:00.568422,14.53,-19.91914,-43.90477,DEV0516,M061,0
T008564,U338,2026-05-23T14:57:49.658085,96.51,-23.57279,-46.63643,DEV0145,M082,0
T008565,U447,2026-05-23T09:14:23.318740,37.55,-19.86646,-43.94249,DEV0616,U273,0
T008566,U405,2026-05-23T09:11:48.447700,74.77,-15.76515,-47.77505,DEV0469,U041,0
T008567,U323,2026-05-24T05:02:04.756175,60.28,-19.95518,-43.84898,DEV0550,M071,0
T008568,U408,2026-05-24T19:05:40.494703,87804.56,-13.01136,-38.46202,DEV0548,M072,1
T008569,U375,2026-05-24T12:54:05.831022,163.8,-19.82876,-43.95731,DEV0418,M081,0
T008570,U223,2026-05-23T15:04:41.938635,147.09,-22.87605,-43.19745,DEV0316,M062,0
T008571,U446,2026-05-23T14:03:27.100882,223.16,-23.57693,-46.61837,DEV0641,U411,0
T008572,U183,2026-05-24T03:08:21.366008,16.14,-23.51333,-46.71357,DEV0612,M005,0
T008573,U401,2026-05-23T22:57:26.305117,5000.0,-19.90128,-43.94684,DEV0051,U368,1
T008574,U368,2026-05-23T22:57:36.305117,4950.0,-23.5505,-46.6333,DEV0001,U310,1
T008575,U310,2026-05-23T22:57:46.305117,4900.0,-19.9173,-43.9345,DEV0574,U401,1
T008576,U434,2026-05-23T15:40:48.289113,15.66,-15.72821,-47.93027,DEV0363,U046,0
T008577,U406,2026-05-24T18:50:38.858223,105.83,-29.97818,-51.21154,DEV0007,U138,0
T008578,U352,2026-05-23T20:36:35.083029,26.83,-25.44773,-49.17518,DEV0685,M041,0
T008579,U392,2026-05-23T09:19:26.916872,33.55,-19.96599,-43.98204,DEV0644,M059,0
T008580,U317,2026-05-25T19:18:40.853040,98.86,-13.02687,-38.48963,DEV0139,M001,0
T008581,U108,2026-05-23T20:27:53.179020,8.09,-20.00231,-43.94176,DEV0516,M001,0
T008582,U189,2026-05-24T14:12:07.393454,59.26,-30.05959,-51.17312,DEV0144,M018,0
T008583,U092,2026-05-23T14:56:03.769864,229.04,-25.46544,-49.2931,DEV0587,M008,0
T008584,U298,2026-05-23T15:31:38.961271,93.04,-23.51711,-46.58176,DEV0613,U241,0
T008585,U106,2026-05-24T07:36:52.912628,4.58,-15.79203,-47.86037,DEV0609,M031,0
T008586,U118,2026-05-23T18:06:00.326392,72.66,-15.84509,-47.80748,DEV0570,U171,0
T008587,U274,2026-05-24T06:59:02.118118,53.57,-22.91595,-43.15173,DEV0046,M013,0
T008588,U282,2026-05-24T11:06:15.519231,14.67,-30.09421,-51.21383,DEV0056,M089,0
T008589,U131,2026-05-23T03:48:53.023227,49.08,-29.99447,-51.11344,DEV0190,M035,0
T008590,U269,2026-05-24T07:35:04.586119,521.24,-19.87924,-43.89594,DEV0093,M067,0
T008591,U094,2026-05-23T13:11:21.986359,81.81,-15.69998,-47.89962,DEV0227,U230,0
T008592,U493,2026-05-24T22:10:22.293549,70.57,-25.41239,-49.25,DEV0575,M096,0
T008593,U230,2026-05-23T15:33:30.082991,113.08,-15.72516,-47.95177,DEV0242,M035,0
T008594,U298,2026-05-23T16:21:18.132700,101.21,-12.9714,-38.5014,DEV0613,M100,1
T008595,U107,2026-05-24T13:55:00.851553,29.34,-23.60734,-46.62849,DEV0453,U231,0
T008596,U382,2026-05-23T20:35:51.200542,578.01,-25.30387,-49.30843,DEV0630,M047,0
T008597,U064,2026-05-24T21:33:03.788620,188.28,-23.52871,-46.70507,DEV0442,M014,0
T008598,U430,2026-05-24T19:45:40.306103,423.31,-22.9763,-43.25555,DEV0268,M084,0
T008599,U131,2026-05-23T03:59:49.745551,70.29,-30.03036,-51.26778,DEV0190,U470,0
T008600,U151,2026-05-23T16:15:16.674109,12.1,-15.79243,-47.98018,DEV0220,M009,0
T008601,U229,2026-05-24T02:12:31.083876,24.85,-13.05227,-38.49646,DEV0450,M077,0
T008602,U070,2026-05-24T03:53:52.993923,24.64,-22.93379,-43.12223,DEV0053,M093,0
T008603,U384,2026-05-24T08:42:19.872674,56.51,-30.05299,-51.21905,DEV0769,M094,0
T008604,U229,2026-05-24T08:28:49.796376,5000.0,-12.95891,-38.40444,DEV0450,U287,1
T008605,U287,2026-05-24T08:28:59.796376,4950.0,-19.9173,-43.9345,DEV0751,U101,1
T008606,U101,2026-05-24T08:29:09.796376,4900.0,-23.5505,-46.6333,DEV0688,U229,1
T008607,U144,2026-05-23T19:25:20.121518,13.67,-12.95196,-38.45399,DEV0641,M099,0
T008608,U464,2026-05-23T12:44:50.845542,40.42,-30.0171,-51.25718,DEV0372,M026,0
T008609,U489,2026-05-23T19:30:48.908433,5000.0,-25.41154,-49.32665,DEV0710,U209,1
T008610,U209,2026-05-23T19:30:58.908433,4950.0,-19.9173,-43.9345,DEV0348,U467,1
T008611,U467,2026-05-23T19:31:08.908433,4900.0,-19.9173,-43.9345,DEV0620,U489,1
T008612,U135,2026-05-23T10:02:01.094373,139.19,-13.07393,-38.4551,DEV0572,U157,0
T008613,U270,2026-05-23T22:28:59.860191,18.26,-12.99261,-38.55085,DEV0634,U496,0
T008614,U451,2026-05-23T22:19:46.732418,552.31,-25.37483,-49.26429,DEV0017,M017,0
T008615,U167,2026-05-24T02:28:55.752575,15.31,-12.89583,-38.55823,DEV0012,M098,0
T008616,U056,2026-05-24T10:48:20.277837,45.84,-29.94797,-51.249,DEV0348,M092,0
T008617,U036,2026-05-24T19:26:25.447170,161.78,-12.95326,-38.52038,DEV0490,U464,0
T008618,U076,2026-05-24T20:57:58.835354,84.3,-23.55432,-46.59963,DEV0201,M035,0
T008619,U396,2026-05-23T19:03:53.458403,153.16,-29.9745,-51.15054,DEV0476,M016,0
T008620,U036,2026-05-24T20:21:32.362309,43.26,-12.98408,-38.44245,DEV0490,U426,0
T008621,U374,2026-05-23T07:24:26.081798,163.34,-19.81719,-43.84094,DEV0386,M086,0
T008622,U034,2026-05-23T16:41:35.262397,66.92,-30.0624,-51.20776,DEV0139,M035,0
T008623,U394,2026-05-23T09:19:31.554599,924.41,-22.86233,-43.18597,DEV0458,M027,0
T008624,U090,2026-05-23T16:22:55.731329,100.16,-19.87302,-43.91718,DEV0208,M017,0
T008625,U057,2026-05-23T22:12:09.559989,49.69,-15.77077,-47.86021,DEV0225,M039,0
T008626,U491,2026-05-24T11:13:52.459931,5.01,-15.7562,-47.97138,DEV0226,M035,0
T008627,U440,2026-05-24T04:50:00.370322,280.55,-15.75518,-47.9966,DEV0406,U373,0
T008628,U236,2026-05-24T15:19:03.537851,6.9,-23.57283,-46.59167,DEV0610,U012,0
T008629,U170,2026-05-23T23:39:15.779402,1.83,-13.0168,-38.45628,DEV0602,M004,0
T008630,U242,2026-05-23T14:34:29.525908,17.1,-23.56315,-46.6748,DEV0085,U464,0
T008631,U009,2026-05-23T11:51:01.469918,238.87,-15.85847,-47.92847,DEV0253,M005,0
T008632,U359,2026-05-24T06:46:53.741627,101.67,-15.65723,-47.91993,DEV0210,M012,0
T008633,U211,2026-05-24T12:34:38.583838,1019.09,-23.48493,-46.63832,DEV0117,U293,0
T008634,U424,2026-05-24T06:15:49.388301,20.05,-15.72676,-47.88553,DEV0146,U359,0
T008635,U318,2026-05-23T19:03:25.565255,20.62,-12.99175,-38.48927,DEV0259,M080,0
T008636,U378,2026-05-23T21:35:30.158210,143.59,-23.53756,-46.61158,DEV0177,U241,0
T008637,U230,2026-05-23T17:33:52.927009,4.51,-15.80512,-47.90846,DEV0242,U124,0
T008638,U135,2026-05-23T11:31:17.393920,31.68,-13.0269,-38.59418,DEV0572,M059,0
T008639,U082,2026-05-23T22:31:45.006630,101.81,-29.99874,-51.17798,DEV0338,U344,0
T008640,U462,2026-05-24T07:26:18.626817,32.2,-12.92917,-38.49359,DEV0519,U029,0
T008641,U094,2026-05-23T13:55:19.243350,10.0,-15.71354,-47.8779,DEV0227,M017,0
T008642,U114,2026-05-24T08:53:40.931070,63.54,-19.92111,-43.93009,DEV0700,M001,0
T008643,U191,2026-05-23T21:30:59.502664,41.95,-29.99331,-51.25976,DEV0398,U436,0
T008644,U209,2026-05-23T19:47:43.776067,178.47,-20.00495,-43.9057,DEV0348,M093,0
T008645,U461,2026-05-23T17:39:30.478095,293.88,-22.89896,-43.0881,DEV0391,U306,1
T008646,U497,2026-05-24T12:31:25.157599,11.67,-15.75772,-47.86822,DEV0517,M001,0
T008647,U020,2026-05-24T01:48:26.055381,718.02,-30.05188,-51.13015,DEV0428,M063,0
T008648,U343,2026-05-24T10:45:54.110670,516.78,-23.60842,-46.66486,DEV0478,U164,0
T008649,U429,2026-05-24T20:45:39.343790,176.7,-23.55573,-46.67847,DEV0287,M069,0
T008650,U221,2026-05-24T13:23:50.741799,775.95,-15.75392,-47.98737,DEV0352,U012,1
T008651,U278,2026-05-24T08:08:20.075392,3.88,-15.7314,-48.00459,DEV0107,U481,0
T008652,U369,2026-05-24T02:19:11.786191,176.95,-30.0063,-51.18511,DEV0371,U167,1
T008653,U106,2026-05-24T07:47:00.975393,695.12,-15.76032,-47.85982,DEV0662,M092,1
T008654,U183,2026-05-24T03:54:59.545537,7.87,-23.59324,-46.60882,DEV0612,M049,0
T008655,U288,2026-05-24T03:24:54.462106,65.32,-22.89492,-43.24324,DEV0506,M046,0
T008656,U141,2026-05-24T09:33:16.793371,12.53,-25.42381,-49.26566,DEV0058,M019,0
T008657,U483,2026-05-24T07:24:48.352217,120.86,-15.74418,-47.79175,DEV0376,U038,0
T008658,U301,2026-05-23T12:26:47.637718,45.62,-13.05569,-38.46146,DEV0662,M042,0
T008659,U469,2026-05-23T22:39:04.275537,69.95,-22.99654,-43.13158,DEV0183,M016,0
T008660,U397,2026-05-23T16:55:18.103598,182.26,-29.96416,-51.1885,DEV0349,U194,0
T008661,U120,2026-05-23T20:13:26.290433,13.28,-30.05423,-51.18823,DEV0663,M050,0
T008662,U182,2026-05-24T02:57:14.368050,906.19,-15.71351,-47.84676,DEV0397,M003,0
T008663,U018,2026-05-25T01:43:00.660245,30.14,-23.61927,-46.57123,DEV0346,U359,0
T008664,U487,2026-05-23T05:37:28.794211,4803.5,-23.55894,-46.64618,DEV0344,U396,1
T008665,U152,2026-05-24T01:34:41.018810,124.57,-23.51011,-46.62058,DEV0094,M002,0
T008666,U369,2026-05-24T04:17:17.399719,144.6,-29.99958,-51.21322,DEV0371,U310,0
T008667,U094,2026-05-23T17:04:57.818756,149.31,-15.87091,-47.97854,DEV0227,U219,0
T008668,U437,2026-05-24T09:13:56.936996,299.05,-19.87249,-44.02034,DEV0512,M017,0
T008669,U386,2026-05-23T22:48:47.575845,54.94,-19.8618,-44.03561,DEV0318,U113,0
T008670,U224,2026-05-24T02:01:34.728382,36.91,-25.46308,-49.24304,DEV0041,M053,0
T008671,U410,2026-05-25T01:09:11.348074,84.83,-12.90283,-38.5204,DEV0523,M100,0
T008672,U060,2026-05-24T03:18:24.046494,10.67,-19.91303,-43.96235,DEV0649,M095,0
T008673,U476,2026-05-23T22:13:35.233585,4.59,-13.03801,-38.40903,DEV0141,M016,0
T008674,U417,2026-05-24T13:51:08.569369,718.03,-19.87964,-43.89224,DEV0727,M042,0
T008675,U130,2026-05-23T22:04:42.097442,180.4,-15.78909,-47.94228,DEV0051,M047,0
T008676,U413,2026-05-24T01:44:09.567395,386.07,-15.73994,-47.93162,DEV0256,M086,0
T008677,U404,2026-05-24T08:35:09.478501,450.94,-19.90561,-44.01067,DEV0452,M013,0
T008678,U234,2026-05-24T09:08:38.724263,43.43,-22.90456,-43.14739,DEV0063,M027,0
T008679,U019,2026-05-24T08:42:20.721979,4.83,-25.45885,-49.3003,DEV0092,U094,0
T008680,U033,2026-05-23T18:31:40.946120,77.84,-23.65055,-46.70383,DEV0344,U429,0
T008681,U285,2026-05-24T14:03:31.874561,40.33,-19.90398,-43.88939,DEV0312,M080,0
T008682,U336,2026-05-24T03:43:34.914008,104.46,-22.9068,-43.1729,DEV0637,U324,1
T008683,U367,2026-05-24T14:40:39.549864,68.41,-15.7021,-47.85497,DEV0420,M041,0
T008684,U424,2026-05-24T07:32:18.163957,60.93,-15.83488,-47.86651,DEV0146,M027,0
T008685,U103,2026-05-24T11:35:28.719113,232.12,-15.83328,-47.97542,DEV0670,M056,0
T008686,U321,2026-05-24T03:38:59.917055,9.57,-22.90426,-43.23718,DEV0596,M006,0
T008687,U006,2026-05-23T13:39:42.325882,21.51,-12.99242,-38.47453,DEV0770,U283,0
T008688,U184,2026-05-25T08:32:44.730313,139.69,-19.9173,-43.9345,DEV0076,U408,1
T008689,U443,2026-05-23T15:56:41.104647,104.69,-19.79742,-43.79297,DEV0507,U269,0
T008690,U319,2026-05-23T20:53:49.325677,1.23,-22.98134,-43.1138,DEV0010,M072,0
T008691,U292,2026-05-23T10:18:17.821323,36.0,-22.81877,-43.17053,DEV0126,M080,0
T008692,U370,2026-05-24T02:55:14.750748,27.8,-13.00645,-38.56416,DEV0431,M021,0
T008693,U210,2026-05-24T04:27:34.764380,5.39,-30.06792,-51.20045,DEV0508,U486,0
T008694,U318,2026-05-23T20:11:24.459027,9.65,-13.05967,-38.4293,DEV0259,M047,0
T008695,U400,2026-05-23T23:23:48.557963,133.25,-15.73811,-47.9033,DEV0761,U406,0
T008696,U465,2026-05-24T00:27:33.753476,226.06,-22.89435,-43.15846,DEV0443,U146,0
T008697,U465,2026-05-24T00:51:16.330052,306.28,-22.94303,-43.18597,DEV0443,M015,0
T008698,U196,2026-05-24T17:17:08.465411,242.45,-15.74716,-47.93393,DEV0653,M041,0
T008699,U007,2026-05-23T08:16:42.379344,115.06,-15.7918,-47.96333,DEV0386,U459,0
T008700,U095,2026-05-24T07:39:14.199797,247.51,-23.46437,-46.60886,DEV0099,M067,0
T008701,U341,2026-05-23T15:07:54.872233,88.22,-30.09374,-51.27632,DEV0179,M007,0
T008702,U204,2026-05-24T11:14:26.008015,2.65,-29.93585,-51.2385,DEV0091,M095,0
T008703,U123,2026-05-24T04:08:53.816172,37.47,-19.89793,-43.92834,DEV0246,M047,0
T008704,U229,2026-05-24T09:09:31.125959,6.84,-13.00515,-38.49792,DEV0450,U383,0
T008705,U156,2026-05-24T08:55:31.094857,67.29,-15.73207,-47.97283,DEV0357,M075,0
T008706,U206,2026-05-24T13:58:37.688548,47.34,-12.90013,-38.50653,DEV0653,M019,0
T008707,U228,2026-05-24T06:23:07.507328,158.2,-15.76654,-47.99836,DEV0594,M045,0
T008708,U329,2026-05-23T23:58:14.419192,89.5,-25.45938,-49.30008,DEV0349,M019,0
T008709,U073,2026-05-24T00:41:49.334050,54.59,-23.4923,-46.54592,DEV0767,M033,0
T008710,U312,2026-05-23T13:18:58.968491,85.59,-19.94678,-43.93262,DEV0173,M076,0
T008711,U376,2026-05-23T23:12:01.784713,114.6,-19.99457,-43.99773,DEV0763,M091,0
T008712,U316,2026-05-24T04:11:29.992093,147.59,-22.92325,-43.21372,DEV0654,M068,0
T008713,U252,2026-05-23T17:40:19.120969,2.82,-30.06568,-51.24923,DEV0207,M028,0
T008714,U302,2026-05-24T00:43:16.409559,183.12,-15.82783,-47.9237,DEV0503,U397,0
T008715,U180,2026-05-24T23:39:43.572666,41.44,-23.6598,-46.59298,DEV0798,M026,0
T008716,U323,2026-05-24T05:49:42.549301,16.86,-19.91299,-43.88419,DEV0550,M072,0
T008717,U432,2026-05-24T01:11:47.386207,51.75,-23.56487,-46.65537,DEV0476,M046,0
T008718,U232,2026-05-24T06:38:45.532974,7.52,-15.73205,-47.96606,DEV0065,M041,0
T008719,U338,2026-05-23T17:29:40.112456,71.2,-23.5438,-46.57419,DEV0145,M002,0
T008720,U249,2026-05-23T23:20:58.688985,3510.98,-25.41566,-49.2963,DEV0054,M082,1
T008721,U405,2026-05-23T10:00:29.602882,58.68,-15.65184,-47.93737,DEV0469,M015,0
T008722,U083,2026-05-25T07:35:40.094314,95.58,-19.9369,-43.94901,DEV0473,M004,0
T008723,U313,2026-05-24T03:35:52.543233,3724.83,-15.80562,-47.8379,DEV0410,M019,1
T008724,U183,2026-05-24T05:10:08.699815,3.88,-23.55328,-46.67435,DEV0612,U186,0
T008725,U157,2026-05-24T05:26:44.680669,166.04,-22.90136,-43.13083,DEV0758,M029,0
T008726,U225,2026-05-24T14:25:34.647207,28.18,-19.89976,-43.99575,DEV0502,M043,0
T008727,U118,2026-05-23T18:15:23.947290,765.76,-15.74651,-47.81717,DEV0570,U338,0
T008728,U452,2026-05-23T19:34:07.369874,45.34,-30.06672,-51.22103,DEV0497,U326,0
T008729,U357,2026-05-23T19:21:18.320953,226.83,-30.06654,-51.21743,DEV0346,U426,0
T008730,U069,2026-05-24T05:02:34.269200,88.58,-23.56814,-46.69118,DEV0385,M093,0
T008731,U385,2026-05-24T08:14:59.276260,128.25,-15.81249,-47.95787,DEV0215,M007,0
T008732,U466,2026-05-23T15:30:38.124793,90.39,-23.57977,-46.67328,DEV0526,M072,0
T008733,U441,2026-05-23T19:16:32.498233,17.32,-23.54637,-46.72476,DEV0762,M057,0
T008734,U189,2026-05-24T20:51:15.077899,125.6,-29.98894,-51.14939,DEV0144,U414,0
T008735,U065,2026-05-23T13:41:43.529970,145.26,-15.80065,-47.80975,DEV0386,M018,0
T008736,U488,2026-05-24T09:12:46.565874,49.49,-19.90839,-43.92488,DEV0061,M094,0
T008737,U291,2026-05-23T10:30:45.119128,25.55,-30.03376,-51.21329,DEV0273,M093,0
T008738,U080,2026-05-23T17:39:57.059621,541.1,-19.95373,-43.9145,DEV0148,M029,0
T008739,U131,2026-05-23T04:21:19.178466,18.2,-30.04244,-51.17044,DEV0190,U298,0
T008740,U159,2026-05-23T23:17:15.266406,264.66,-22.89337,-43.27421,DEV0659,M070,0
T008741,U359,2026-05-24T08:51:23.038348,24.08,-15.75566,-47.88614,DEV0210,M036,0
T008742,U237,2026-05-23T22:48:21.507845,16.49,-30.02654,-51.21319,DEV0385,U368,0
T008743,U431,2026-05-24T03:28:36.800990,32.05,-12.9778,-38.57719,DEV0455,U184,0
T008744,U500,2026-05-23T08:23:57.452385,238.81,-13.01511,-38.57675,DEV0490,M017,0
T008745,U225,2026-05-24T16:34:33.988424,28.66,-19.98429,-43.92594,DEV0502,M100,0
T008746,U341,2026-05-23T16:39:37.647101,196.35,-30.05337,-51.22849,DEV0179,U066,0
T008747,U402,2026-05-23T07:41:19.636785,2.11,-30.03946,-51.25259,DEV0264,M048,0
T008748,U164,2026-05-24T00:38:23.605062,1.69,-13.08235,-38.57936,DEV0691,M043,0
T008749,U489,2026-05-23T19:58:34.755861,212.49,-25.43783,-49.19148,DEV0710,M022,0
T008750,U330,2026-05-24T19:37:15.007263,23.72,-23.51748,-46.61187,DEV0229,U044,0
T008751,U496,2026-05-24T06:54:52.503252,16.13,-23.63646,-46.57235,DEV0753,M024,0
T008752,U242,2026-05-23T15:10:22.283987,281.65,-23.60875,-46.61344,DEV0085,U011,0
T008753,U377,2026-05-25T01:59:41.910835,14.6,-23.47461,-46.63574,DEV0180,M029,0
T008754,U325,2026-05-25T02:32:04.207723,109.27,-15.79643,-47.88511,DEV0236,M032,0
T008755,U029,2026-05-24T18:26:25.384016,274.78,-12.95294,-38.5526,DEV0338,U438,0
T008756,U364,2026-05-24T07:43:24.583774,483.65,-15.81177,-47.94313,DEV0051,M082,0
T008757,U234,2026-05-24T10:23:04.761102,170.31,-22.81748,-43.21013,DEV0063,M037,0
T008758,U338,2026-05-23T17:41:46.909238,768.76,-23.48749,-46.52055,DEV0145,M088,0
T008759,U494,2026-05-24T08:39:21.124166,2.39,-19.91484,-43.90022,DEV0493,M001,0
T008760,U185,2026-05-23T11:03:25.758314,286.6,-25.46589,-49.34111,DEV0718,U358,0
T008761,U245,2026-05-24T20:45:47.735489,99.37,-23.54562,-46.67292,DEV0488,M038,0
T008762,U439,2026-05-23T23:30:15.615713,29.0,-22.88294,-43.17444,DEV0055,M036,0
T008763,U084,2026-05-23T08:30:14.358048,29.54,-30.00133,-51.1519,DEV0298,U251,0
T008764,U380,2026-05-24T16:01:12.400932,49.62,-22.91545,-43.25125,DEV0469,U019,0
T008765,U198,2026-05-24T21:22:20.054598,27.31,-12.9305,-38.51183,DEV0029,M091,0
T008766,U166,2026-05-23T22:12:46.347034,142.46,-22.87399,-43.14693,DEV0043,U447,0
T008767,U085,2026-05-23T22:46:11.334508,252.29,-25.36956,-49.27644,DEV0144,M088,0
T008768,U023,2026-05-23T19:26:25.335511,17.91,-22.88598,-43.12676,DEV0390,M034,0
T008769,U048,2026-05-23T10:24:08.539868,41.98,-25.4783,-49.26649,DEV0734,U252,0
T008770,U230,2026-05-23T20:51:37.738212,152.98,-15.72453,-47.94766,DEV0242,M031,0
T008771,U391,2026-05-24T04:13:12.095603,173.04,-23.58264,-46.64883,DEV0114,U231,0
T008772,U496,2026-05-24T06:58:04.700716,625.99,-23.57424,-46.71692,DEV0753,U127,0
T008773,U215,2026-05-23T06:50:46.669895,227.64,-25.53271,-49.25498,DEV0227,M044,0
T008774,U292,2026-05-23T11:42:16.122899,65.51,-22.91753,-43.2348,DEV0126,U456,0
T008775,U065,2026-05-23T13:56:07.081328,440.84,-15.76245,-47.93107,DEV0386,M033,0
T008776,U348,2026-05-23T17:08:58.398726,227.48,-23.60924,-46.62687,DEV0118,M033,0
T008777,U473,2026-05-23T14:42:39.466014,226.1,-12.97073,-38.51514,DEV0426,U243,1
T008778,U479,2026-05-24T04:38:22.735344,19.15,-25.49016,-49.24162,DEV0697,M076,0
T008779,U006,2026-05-23T18:23:33.914005,19.37,-12.88468,-38.42089,DEV0770,M061,0
T008780,U179,2026-05-24T06:11:27.928237,364.6,-23.55014,-46.6989,DEV0695,M028,0
T008781,U117,2026-05-24T01:25:44.842239,23.12,-22.85645,-43.17486,DEV0793,M023,0
T008782,U172,2026-05-23T19:14:46.843818,20.49,-22.82662,-43.14546,DEV0501,M020,0
T008783,U266,2026-05-23T14:36:08.583987,31.08,-30.12419,-51.23839,DEV0095,M008,0
T008784,U023,2026-05-23T21:43:03.686934,82.7,-22.84693,-43.08121,DEV0390,U114,0
T008785,U378,2026-05-23T23:25:06.224314,53.77,-23.51529,-46.70984,DEV0177,M046,0
T008786,U341,2026-05-23T22:56:18.557591,1.37,-30.16609,-51.15146,DEV0179,U363,0
T008787,U311,2026-05-23T08:38:38.515910,141.57,-30.02153,-51.3184,DEV0715,U102,0
T008788,U062,2026-05-24T00:12:50.464116,109.79,-30.03232,-51.16909,DEV0374,U256,0
T008789,U305,2026-05-23T08:55:51.715588,5.29,-30.03272,-51.24527,DEV0243,M094,0
T008790,U325,2026-05-25T03:24:12.677500,204.52,-15.63977,-47.88877,DEV0236,M087,0
T008791,U303,2026-05-23T21:37:25.152947,248.86,-15.72558,-47.95283,DEV0446,M054,0
T008792,U369,2026-05-24T04:38:30.189678,22.8,-30.02887,-51.2253,DEV0371,M058,0
T008793,U475,2026-05-24T01:55:08.948495,5000.0,-22.9203,-43.24204,DEV0414,U320,1
T008794,U320,2026-05-24T01:55:18.948495,4950.0,-22.9068,-43.1729,DEV0172,U198,1
T008795,U198,2026-05-24T01:55:28.948495,4900.0,-12.9714,-38.5014,DEV0029,U475,1
T008796,U246,2026-05-24T14:38:00.875217,32.36,-25.35758,-49.18199,DEV0095,U371,0
T008797,U236,2026-05-24T16:12:35.437167,67.32,-23.68055,-46.63079,DEV0610,U092,0
T008798,U123,2026-05-24T11:39:50.838165,83.36,-19.95529,-43.93277,DEV0246,M079,0
T008799,U014,2026-05-24T01:08:08.315028,10.88,-25.43658,-49.25334,DEV0505,M078,0
T008800,U450,2026-05-24T03:07:13.028307,136.88,-15.79951,-47.9396,DEV0524,M014,0
T008801,U159,2026-05-23T23:49:53.621784,51.4,-22.83891,-43.16254,DEV0659,M035,0
T008802,U240,2026-05-23T18:36:34.038033,371.29,-12.89608,-38.42676,DEV0023,M058,0
T008803,U469,2026-05-23T22:44:31.780977,83.79,-22.86736,-43.14003,DEV0183,M076,0
T008804,U425,2026-05-25T00:01:59.526893,85.77,-22.88322,-43.15241,DEV0356,M035,0
T008805,U444,2026-05-23T09:04:57.743460,347.69,-22.9495,-43.14522,DEV0201,M085,0
T008806,U246,2026-05-24T18:13:17.279750,29.83,-25.49175,-49.34958,DEV0095,M099,0
T008807,U356,2026-05-23T19:07:19.215358,58.3,-22.85414,-43.16079,DEV0550,U037,0
T008808,U239,2026-05-24T09:36:51.592010,894.45,-12.88568,-38.46107,DEV0645,U342,0
T008809,U373,2026-05-23T17:50:58.360034,66288.9,-30.09182,-51.18109,DEV0244,M051,1
T008810,U384,2026-05-24T12:31:34.020521,92.07,-29.96493,-51.16764,DEV0769,M004,0
T008811,U129,2026-05-24T22:56:02.249910,194.22,-22.92536,-43.14697,DEV0800,M089,0
T008812,U162,2026-05-24T13:08:47.711265,184.76,-19.86195,-43.97854,DEV0664,U287,0
T008813,U455,2026-05-25T04:51:37.472411,45.11,-12.98648,-38.5321,DEV0374,M077,0
T008814,U079,2026-05-23T11:22:05.142854,19.23,-19.91163,-43.92483,DEV0346,M056,0
T008815,U414,2026-05-23T16:55:27.714080,262.74,-22.87701,-43.21317,DEV0053,M087,0
T008816,U030,2026-05-24T05:19:40.667588,86.64,-22.88856,-43.22176,DEV0217,M046,0
T008817,U379,2026-05-24T12:56:49.398993,19.88,-19.81778,-43.92752,DEV0662,M017,0
T008818,U029,2026-05-24T20:36:42.932628,140.96,-12.95882,-38.44442,DEV0338,U345,0
T008819,U025,2026-05-23T19:23:06.835328,67.52,-22.92295,-43.15827,DEV0556,M039,0
T008820,U162,2026-05-24T13:39:26.603682,47.0,-19.85977,-43.93718,DEV0664,M023,0
T008821,U069,2026-05-24T06:26:50.060420,28.55,-23.49566,-46.71709,DEV0385,U259,0
T008822,U040,2026-05-24T14:08:31.717553,14.39,-19.93238,-44.04677,DEV0684,U017,0
T008823,U204,2026-05-24T12:41:11.712102,101.27,-30.04361,-51.23218,DEV0091,M053,0
T008824,U451,2026-05-23T23:32:59.134784,1115.82,-25.48817,-49.33227,DEV0017,M073,0
T008825,U492,2026-05-23T21:35:19.374602,112.01,-25.46034,-49.14117,DEV0772,M005,0
T008826,U361,2026-05-23T11:22:46.579887,179.52,-25.46884,-49.27456,DEV0356,M057,0
T008827,U449,2026-05-24T00:06:36.605783,964.89,-25.34515,-49.32904,DEV0172,M069,0
T008828,U046,2026-05-24T09:46:12.045099,658.6,-19.83466,-43.97214,DEV0575,M003,0
T008829,U365,2026-05-24T22:49:54.395752,127.34,-23.63206,-46.67219,DEV0726,M031,0
T008830,U102,2026-05-23T22:30:08.879236,19.68,-19.94165,-43.90286,DEV0470,U226,0
T008831,U359,2026-05-24T09:29:16.104167,276.9,-15.79192,-47.96096,DEV0210,M087,0
T008832,U092,2026-05-23T15:55:16.510991,363.55,-25.40621,-49.27554,DEV0587,U202,0
T008833,U489,2026-05-23T21:15:52.414446,615.76,-25.37858,-49.3331,DEV0710,M043,0
T008834,U421,2026-05-24T01:36:15.940683,26.68,-15.732,-47.85786,DEV0235,M051,0
T008835,U299,2026-05-24T02:11:50.564416,138.71,-22.9171,-43.23536,DEV0320,M068,0
T008836,U054,2026-05-24T04:50:59.745662,132.58,-25.52048,-49.3376,DEV0556,M094,0
T008837,U217,2026-05-23T20:27:23.177905,32.6,-23.39946,-46.55317,DEV0526,M082,0
T008838,U200,2026-05-23T19:35:30.161742,157.88,-23.51921,-46.59656,DEV0342,M022,0
T008839,U239,2026-05-24T09:56:42.447306,851.29,-13.00383,-38.52898,DEV0645,M035,0
T008840,U014,2026-05-24T04:33:59.252398,3.65,-25.48828,-49.2716,DEV0505,M070,0
T008841,U143,2026-05-25T12:31:10.861988,192.25,-30.07794,-51.23425,DEV0127,M056,1
T008842,U432,2026-05-24T04:11:45.640180,186.8,-23.48219,-46.6226,DEV0476,U422,0
T008843,U480,2026-05-23T21:18:52.020843,111.07,-25.42221,-49.21486,DEV0239,U428,0
T008844,U414,2026-05-23T17:24:59.582470,118.16,-22.92505,-43.20614,DEV0053,M014,0
T008845,U014,2026-05-24T05:47:57.259170,23.18,-25.41784,-49.30109,DEV0505,M037,0
T008846,U248,2026-05-23T11:57:25.741307,80.0,-15.78924,-47.95515,DEV0771,M064,0
T008847,U006,2026-05-23T19:20:20.802574,24.07,-13.09412,-38.46476,DEV0770,U433,0
T008848,U193,2026-05-24T07:27:39.920433,182.9,-19.83138,-43.97329,DEV0658,M066,0
T008849,U258,2026-05-24T04:19:37.202789,248.16,-23.43534,-46.65205,DEV0335,M022,0
T008850,U333,2026-05-25T07:22:43.283990,4.02,-15.82917,-47.92677,DEV0132,M092,0
T008851,U277,2026-05-23T06:58:02.129277,19.71,-23.57321,-46.67704,DEV0214,M045,0
T008852,U139,2026-05-24T17:11:36.186352,65.16,-25.39837,-49.20842,DEV0106,M018,0
T008853,U378,2026-05-24T03:12:31.554003,144.48,-23.60581,-46.6367,DEV0177,M018,0
T008854,U391,2026-05-24T13:38:34.037061,47.9,-23.58957,-46.61663,DEV0114,M098,0
T008855,U429,2026-05-24T22:05:49.084250,220.3,-23.49546,-46.72907,DEV0287,M056,0
T008856,U063,2026-05-23T20:56:00.759222,321.58,-23.54051,-46.62851,DEV0692,M046,0
T008857,U094,2026-05-23T20:15:29.723635,70.51,-15.80881,-47.86624,DEV0227,U264,0
T008858,U099,2026-05-24T02:06:32.498654,6.18,-15.70517,-47.83549,DEV0277,M052,0
T008859,U398,2026-05-24T07:33:48.633844,27.62,-23.48332,-46.70273,DEV0759,M024,0
T008860,U204,2026-05-24T13:46:02.703255,14.29,-30.04312,-51.21293,DEV0091,U339,0
T008861,U194,2026-05-23T20:05:24.788245,91.21,-23.53559,-46.68629,DEV0074,U422,0
T008862,U186,2026-05-24T07:59:46.383097,460.51,-25.44444,-49.23815,DEV0506,M047,0
T008863,U388,2026-05-23T17:10:36.511588,319.77,-15.79812,-47.89784,DEV0144,U261,0
T008864,U262,2026-05-24T04:19:52.413599,421.7,-25.50259,-49.30507,DEV0069,M042,0
T008865,U392,2026-05-23T10:19:42.435648,12.15,-19.94673,-43.87315,DEV0644,M061,0
T008866,U159,2026-05-24T03:18:13.262993,91.83,-22.91727,-43.12417,DEV0659,M037,0
T008867,U231,2026-05-24T07:28:14.263641,20.48,-13.021,-38.52033,DEV0119,M055,0
T008868,U424,2026-05-24T12:28:14.779122,3.84,-15.77863,-47.99731,DEV0146,U380,0
T008869,U323,2026-05-24T08:12:38.198726,48.71,-19.85564,-43.9269,DEV0550,U283,0
T008870,U481,2026-05-23T23:53:06.700856,50.15,-15.81331,-47.97171,DEV0359,M078,0
T008871,U408,2026-05-24T22:03:57.530060,3800.59,-12.97475,-38.46036,DEV0548,U048,1
T008872,U255,2026-05-23T11:02:07.663877,110.23,-23.00607,-43.16531,DEV0306,M042,0
T008873,U461,2026-05-23T20:31:00.852776,38.97,-22.93628,-43.23999,DEV0391,M072,0
T008874,U119,2026-05-24T23:03:07.461165,20.52,-15.7964,-47.88998,DEV0792,U348,0
T008875,U177,2026-05-24T17:58:18.942020,22.47,-25.38946,-49.24391,DEV0096,M008,0
T008876,U422,2026-05-23T11:03:51.483710,1781.24,-22.90488,-43.20069,DEV0149,M045,1
T008877,U487,2026-05-24T00:03:42.315008,65.97,-23.48859,-46.62844,DEV0344,M042,0
T008878,U238,2026-05-23T22:26:57.017077,136.2,-29.9887,-51.13921,DEV0518,M043,1
T008879,U090,2026-05-23T17:28:10.538825,55.06,-19.89996,-43.8899,DEV0208,M100,0
T008880,U388,2026-05-23T18:15:58.516879,85.41,-15.79073,-47.85989,DEV0144,M084,0
T008881,U091,2026-05-24T13:02:44.547471,85.34,-15.81208,-47.9035,DEV0120,U429,0
T008882,U371,2026-05-23T08:36:07.684518,126.26,-23.52573,-46.58972,DEV0202,M085,0
T008883,U287,2026-05-24T09:03:31.995792,17.68,-19.98957,-43.93151,DEV0751,M022,0
T008884,U326,2026-05-23T10:21:00.485006,457.12,-12.95058,-38.50953,DEV0376,M038,0
T008885,U005,2026-05-23T17:13:36.469185,68.07,-25.38248,-49.24658,DEV0664,M070,0
T008886,U281,2026-05-23T17:42:45.812371,13.01,-13.0107,-38.47384,DEV0692,M066,0
T008887,U119,2026-05-24T23:21:08.998503,58.99,-15.81785,-47.90733,DEV0792,M039,0
T008888,U295,2026-05-24T02:50:06.748139,2.98,-12.95771,-38.48929,DEV0146,M057,0
T008889,U190,2026-05-24T03:52:41.471177,48.54,-13.00768,-38.48262,DEV0693,M051,0
T008890,U207,2026-05-23T09:52:35.061882,145.2,-15.64752,-48.04695,DEV0058,M065,0
T008891,U088,2026-05-24T21:37:10.133926,122.01,-12.8698,-38.52064,DEV0037,M071,0
T008892,U103,2026-05-24T12:06:41.259925,820.48,-15.80315,-47.95573,DEV0670,M074,0
T008893,U048,2026-05-23T11:24:02.283438,6.01,-25.41171,-49.19927,DEV0734,U146,0
T008894,U438,2026-05-23T13:41:41.667650,35.08,-19.95017,-44.069,DEV0744,U108,0
T008895,U364,2026-05-24T09:23:34.102370,105.21,-15.81187,-47.8899,DEV0051,M056,0
T008896,U150,2026-05-23T17:27:28.411860,13.37,-19.88984,-43.90504,DEV0086,U446,0
T008897,U178,2026-05-24T14:49:09.220369,672.88,-15.75375,-47.88906,DEV0736,U090,0
T008898,U046,2026-05-24T10:39:23.307587,532.56,-19.89896,-43.96215,DEV0575,U427,0
T008899,U208,2026-05-24T15:19:39.068315,84.76,-12.99077,-38.52513,DEV0361,M030,0
T008900,U208,2026-05-24T16:22:37.938049,409.66,-12.90649,-38.43977,DEV0361,U066,0
T008901,U215,2026-05-23T07:18:00.517803,80.95,-25.46095,-49.28914,DEV0227,M075,0
T008902,U132,2026-05-23T18:51:12.411278,1.01,-22.87613,-43.21325,DEV0570,M032,0
T008903,U459,2026-05-23T22:46:24.922538,971.59,-22.95605,-43.19702,DEV0016,M066,0
T008904,U124,2026-05-24T01:23:11.872156,1445.32,-13.00114,-38.53135,DEV0682,M067,0
T008905,U499,2026-05-24T00:52:58.920324,806.1,-19.90045,-43.95995,DEV0020,M019,0
T008906,U363,2026-05-24T11:30:41.520796,5000.0,-25.46335,-49.18033,DEV0799,U320,1
T008907,U320,2026-05-24T11:30:51.520796,4950.0,-22.9068,-43.1729,DEV0172,U101,1
T008908,U101,2026-05-24T11:31:01.520796,4900.0,-23.5505,-46.6333,DEV0688,U363,1
T008909,U404,2026-05-24T12:58:14.255151,419.76,-19.91292,-43.90096,DEV0452,M041,0
T008910,U309,2026-05-23T20:46:57.201775,24.54,-15.79419,-47.97286,DEV0606,M090,0
T008911,U035,2026-05-23T18:47:52.026506,218.1,-19.87211,-43.92336,DEV0419,M011,0
T008912,U221,2026-05-24T15:01:39.610724,124.73,-15.75794,-47.95586,DEV0408,U089,0
T008913,U002,2026-05-24T12:10:59.703809,2.13,-19.92828,-44.02279,DEV0072,U105,0
T008914,U202,2026-05-23T14:09:45.401385,71.75,-25.38103,-49.38824,DEV0070,M095,0
T008915,U409,2026-05-24T18:05:01.021446,686.16,-22.9119,-43.19391,DEV0514,M085,0
T008916,U361,2026-05-23T11:51:54.394114,5000.0,-25.36699,-49.3425,DEV0356,U126,1
T008917,U126,2026-05-23T11:52:04.394114,4950.0,-22.9068,-43.1729,DEV0036,U346,1
T008918,U346,2026-05-23T11:52:14.394114,4900.0,-15.7801,-47.9292,DEV0196,U361,1
T008919,U207,2026-05-23T13:21:24.515201,32.87,-15.76615,-47.89748,DEV0058,M001,0
T008920,U170,2026-05-24T00:08:44.747149,176.37,-12.99408,-38.52348,DEV0602,M074,0
T008921,U310,2026-05-24T02:02:35.806449,122.23,-19.8857,-43.9115,DEV0574,M065,0
T008922,U203,2026-05-23T05:11:37.029479,5000.0,-19.8912,-43.86995,DEV0445,U143,1
T008923,U143,2026-05-23T05:11:47.029479,4950.0,-30.0346,-51.2177,DEV0127,U087,1
T008924,U087,2026-05-23T05:11:57.029479,4900.0,-23.5505,-46.6333,DEV0304,U203,1
T008925,U267,2026-05-23T17:12:37.483878,41.84,-25.45447,-49.18845,DEV0360,M074,0
T008926,U053,2026-05-23T09:44:36.101139,36.96,-15.70024,-47.96745,DEV0646,M051,0
T008927,U110,2026-05-24T05:55:03.009783,662.16,-25.29197,-49.20234,DEV0158,M078,0
T008928,U104,2026-05-24T01:59:07.625518,439.29,-13.01954,-38.40337,DEV0563,M027,0
T008929,U405,2026-05-23T15:05:45.207197,43.79,-15.78062,-47.85489,DEV0469,U292,0
T008930,U224,2026-05-24T03:19:03.954733,129.08,-25.46288,-49.30661,DEV0041,M022,0
T008931,U396,2026-05-23T22:09:10.576468,850.03,-30.10745,-51.206,DEV0476,M011,0
T008932,U143,2026-05-23T07:37:06.767777,91.57,-29.88983,-51.26771,DEV0127,M027,0
T008933,U499,2026-05-24T02:14:16.190573,446.9,-19.91091,-43.86994,DEV0020,U367,0
T008934,U253,2026-05-25T05:49:28.979245,53.67,-15.71639,-47.95613,DEV0578,U415,0
T008935,U368,2026-05-24T04:41:13.936290,43.89,-23.48215,-46.54382,DEV0001,M062,0
T008936,U060,2026-05-24T03:27:14.425092,73.9,-19.94558,-44.02319,DEV0649,M072,0
T008937,U041,2026-05-24T15:07:53.857973,136.73,-19.89626,-43.91794,DEV0547,M083,0
T008938,U447,2026-05-23T10:23:14.442799,83.77,-19.9414,-43.96228,DEV0616,U040,0
T008939,U335,2026-05-24T17:44:26.643954,324.11,-30.03616,-51.20021,DEV0616,U443,0
T008940,U261,2026-05-23T15:17:11.994096,564.09,-23.67812,-46.59626,DEV0330,U326,0
T008941,U375,2026-05-24T16:10:47.289493,711.09,-19.89444,-44.01309,DEV0418,M079,0
T008942,U334,2026-05-24T05:27:12.571954,96.21,-22.88417,-43.19836,DEV0089,M051,0
T008943,U066,2026-05-23T18:48:48.112151,183.25,-13.02495,-38.51553,DEV0625,U477,0
T008944,U214,2026-05-24T06:15:06.257349,1124.55,-12.94641,-38.52278,DEV0203,M075,0
T008945,U041,2026-05-24T15:16:42.000602,26.51,-19.85213,-43.80028,DEV0547,M050,0
T008946,U140,2026-05-24T16:38:31.958759,12.13,-23.55269,-46.63913,DEV0120,M051,0
T008947,U370,2026-05-24T03:29:11.291024,13.54,-12.90379,-38.44532,DEV0431,M076,0
T008948,U436,2026-05-24T02:26:28.381237,82.41,-12.94128,-38.5146,DEV0149,M053,0
T008949,U030,2026-05-24T06:08:03.935756,142.24,-22.94251,-43.15914,DEV0217,M079,0
T008950,U380,2026-05-24T17:09:17.139745,98.55,-22.83872,-43.22185,DEV0469,M046,0
T008951,U101,2026-05-24T14:34:18.756297,26.28,-23.46447,-46.6482,DEV0688,M060,0
T008952,U004,2026-05-23T18:43:30.396417,351.73,-19.92516,-43.89695,DEV0459,U349,0
T008953,U491,2026-05-24T11:52:21.596193,108.08,-15.82258,-48.01634,DEV0226,M035,0
T008954,U094,2026-05-23T20:55:21.692511,38.08,-15.84082,-47.91937,DEV0227,U244,0
T008955,U129,2026-05-24T23:41:00.467437,8.2,-22.94459,-43.22081,DEV0800,U470,0
T008956,U401,2026-05-24T00:44:53.006077,547.76,-19.89691,-43.92882,DEV0051,M044,0
T008957,U200,2026-05-24T00:45:39.709364,126.05,-23.54897,-46.61612,DEV0342,M086,0
T008958,U362,2026-05-24T05:49:26.908028,42.05,-12.88558,-38.4953,DEV0127,U200,0
T008959,U094,2026-05-23T22:46:02.094918,114.39,-15.78058,-47.9218,DEV0227,M084,0
T008960,U464,2026-05-23T14:34:42.500781,32.37,-30.07223,-51.22669,DEV0372,M081,0
T008961,U500,2026-05-23T08:33:32.827509,171.48,-12.97802,-38.49512,DEV0490,U034,0
T008962,U107,2026-05-24T14:10:33.081733,2.59,-23.52633,-46.63991,DEV0453,U451,0
T008963,U477,2026-05-24T18:36:37.644505,2.89,-19.88031,-43.98704,DEV0039,M054,0
T008964,U493,2026-05-25T01:23:59.549681,70.99,-25.51485,-49.27193,DEV0575,M078,0
T008965,U398,2026-05-24T08:24:41.547790,3.45,-23.56969,-46.68396,DEV0759,M047,0
T008966,U120,2026-05-23T20:50:56.625014,11.88,-30.12283,-51.27481,DEV0663,M029,0
T008967,U452,2026-05-23T23:38:30.585890,80.9,-30.04195,-51.25386,DEV0497,M042,0
T008968,U351,2026-05-24T23:35:00.354599,30.97,-13.00925,-38.46099,DEV0157,M075,0
T008969,U336,2026-05-24T03:46:47.329581,44.29,-19.89642,-43.86167,DEV0637,M060,0
T008970,U377,2026-05-25T08:44:21.689246,40.75,-23.65684,-46.63105,DEV0180,M027,0
T008971,U250,2026-05-23T20:18:12.373874,105.0,-15.72912,-47.97993,DEV0734,U467,0
T008972,U103,2026-05-24T14:48:52.964452,2264.34,-15.79058,-47.96967,DEV0670,M070,0
T008973,U479,2026-05-24T09:23:33.351566,257.13,-25.42943,-49.30748,DEV0697,M016,0
T008974,U271,2026-05-24T08:55:17.986855,25.59,-13.03472,-38.47666,DEV0005,M033,0
T008975,U090,2026-05-23T18:53:27.547594,1418.87,-19.93561,-43.9542,DEV0208,M038,0
T008976,U262,2026-05-24T05:46:09.582733,55.18,-25.43357,-49.25767,DEV0069,M018,0
T008977,U068,2026-05-24T21:38:13.987951,18.55,-25.56009,-49.28743,DEV0566,M026,0
T008978,U058,2026-05-24T03:43:15.329271,734.77,-19.87298,-44.02318,DEV0633,M081,0
T008979,U046,2026-05-24T18:57:36.481900,508.95,-19.8959,-43.91981,DEV0575,M037,0
T008980,U290,2026-05-24T21:24:41.580465,7.67,-30.07251,-51.18781,DEV0485,M015,0
T008981,U383,2026-05-23T05:39:09.788967,98.5,-30.0165,-51.29959,DEV0701,M060,0
T008982,U027,2026-05-24T08:45:28.533389,47.9,-30.0751,-51.22415,DEV0456,M071,0
T008983,U216,2026-05-24T23:32:19.262939,92.41,-23.58349,-46.70697,DEV0402,M066,0
T008984,U352,2026-05-23T21:18:37.118584,99.61,-25.45577,-49.28588,DEV0685,M069,0
T008985,U428,2026-05-24T02:36:09.493277,43.65,-12.88931,-38.48115,DEV0342,M028,0
T008986,U034,2026-05-23T20:07:33.717194,58.6,-30.07451,-51.27991,DEV0139,M074,0
T008987,U060,2026-05-24T03:52:44.628066,28.45,-19.91051,-43.95328,DEV0649,U253,0
T008988,U269,2026-05-24T11:16:44.316041,875.61,-19.93763,-43.98956,DEV0093,M088,0
T008989,U475,2026-05-24T02:45:41.365361,20.4,-22.92218,-43.15401,DEV0414,M003,0
T008990,U230,2026-05-24T01:37:12.920246,165.15,-15.73119,-47.91306,DEV0242,M035,0
T008991,U205,2026-05-25T00:05:56.980787,424.12,-19.9213,-43.89611,DEV0039,M033,0
T008992,U483,2026-05-24T07:48:21.787530,131.67,-15.79328,-47.93065,DEV0376,U153,0
T008993,U472,2026-05-24T03:12:11.391620,30.02,-12.93792,-38.49719,DEV0722,U204,0
T008994,U154,2026-05-23T20:52:31.737112,11.56,-22.91244,-43.14312,DEV0474,M049,0
T008995,U244,2026-05-24T17:20:31.575921,94.63,-12.96448,-38.52574,DEV0772,U381,0
T008996,U304,2026-05-23T15:57:02.840149,1152.95,-30.06882,-51.13029,DEV0664,M030,0
T008997,U317,2026-05-25T19:44:20.043964,287.58,-12.98627,-38.50651,DEV0139,U094,0
T008998,U441,2026-05-23T22:12:43.745559,3.89,-23.61303,-46.63762,DEV0762,M081,0
T008999,U317,2026-05-26T03:26:00.195456,952.52,-12.95327,-38.54825,DEV0139,U082,0
T009000,U217,2026-05-24T01:19:54.604998,44.85,-23.54385,-46.69812,DEV0526,M065,0
T009001,U007,2026-05-23T10:51:52.281936,6.97,-15.70328,-47.91978,DEV0386,U117,0
T009002,U434,2026-05-23T15:50:24.529310,79.79,-15.87315,-48.02159,DEV0363,M024,0
T009003,U456,2026-05-25T07:29:33.969407,101.94,-23.55392,-46.64173,DEV0466,M060,0
T009004,U365,2026-05-24T23:45:23.007750,650.69,-23.54974,-46.58416,DEV0726,M054,0
T009005,U235,2026-05-23T18:25:07.135741,123.96,-19.87604,-43.94034,DEV0795,U045,0
T009006,U307,2026-05-24T00:13:01.706091,65.85,-15.78085,-48.03816,DEV0322,U081,0
T009007,U072,2026-05-23T06:01:07.578848,9.43,-30.01776,-51.30362,DEV0203,M044,0
T009008,U275,2026-05-24T08:41:43.547759,161.78,-15.74764,-47.89662,DEV0730,M072,0
T009009,U496,2026-05-24T06:59:51.998116,78.51,-23.49463,-46.63954,DEV0753,M069,0
T009010,U402,2026-05-23T07:50:36.809506,21.55,-30.02638,-51.19565,DEV0264,M073,0
T009011,U326,2026-05-23T18:36:19.426462,1748.35,-12.97954,-38.56436,DEV0376,M046,0
T009012,U115,2026-05-24T15:31:11.164719,78.95,-30.02735,-51.26629,DEV0253,M026,0
T009013,U400,2026-05-23T23:37:21.971530,19.17,-15.75446,-47.92066,DEV0761,M016,0
T009014,U414,2026-05-23T20:52:05.087087,58.21,-22.90518,-43.1401,DEV0053,M091,0
T009015,U161,2026-05-23T09:00:25.604655,30.96,-29.95149,-51.20612,DEV0258,M052,0
T009016,U117,2026-05-24T02:59:41.701951,107.05,-22.87908,-43.22617,DEV0793,M041,0
T009017,U458,2026-05-23T21:47:30.559164,40.34,-12.97549,-38.5825,DEV0538,U110,0
T009018,U462,2026-05-24T12:11:15.445578,57.66,-12.98758,-38.45735,DEV0519,U025,0
T009019,U247,2026-05-24T04:26:54.143698,170.19,-22.91675,-43.17789,DEV0250,M055,0
T009020,U272,2026-05-24T02:10:52.385337,39.58,-22.89332,-43.17811,DEV0534,M035,0
T009021,U351,2026-05-24T23:50:39.419579,65.95,-13.01391,-38.57828,DEV0157,M083,0
T009022,U470,2026-05-23T18:42:18.122685,474.97,-29.98255,-51.28345,DEV0527,M040,0
T009023,U421,2026-05-24T03:34:38.810019,23.67,-15.75217,-47.96882,DEV0235,M073,0
T009024,U102,2026-05-23T23:46:15.317647,57.5,-19.92088,-43.96874,DEV0470,U306,0
T009025,U323,2026-05-24T11:02:31.794583,50.75,-19.94505,-43.90712,DEV0550,M029,0
T009026,U191,2026-05-23T22:03:25.242660,268.34,-29.99997,-51.18166,DEV0398,U047,0
T009027,U331,2026-05-23T03:37:29.350949,7.0,-15.76635,-48.02194,DEV0291,M045,0
T009028,U233,2026-05-23T23:22:01.703111,195.91,-30.08748,-51.1599,DEV0177,M016,0
T009029,U190,2026-05-24T04:45:56.655002,67.72,-12.92094,-38.50608,DEV0693,M010,0
T009030,U268,2026-05-23T11:18:06.905451,158.66,-23.59119,-46.64851,DEV0195,U173,0
T009031,U337,2026-05-23T18:14:39.150871,22.09,-30.0413,-51.18945,DEV0575,M028,0
T009032,U280,2026-05-24T22:01:13.975351,4565.18,-23.629,-46.60638,DEV0008,M011,1
T009033,U387,2026-05-24T01:26:06.134619,25.95,-12.98521,-38.53721,DEV0305,M048,0
T009034,U408,2026-05-24T20:53:50.417232,81.16,-13.0407,-38.47926,DEV0548,M049,0
T009035,U452,2026-05-24T02:48:40.374693,10.52,-30.05756,-51.27234,DEV0497,M043,0
T009036,U294,2026-05-24T11:02:01.382914,216.83,-25.4738,-49.23673,DEV0394,U437,0
T009037,U336,2026-05-24T05:48:06.064159,5000.0,-19.87757,-43.91462,DEV0637,U059,1
T009038,U059,2026-05-24T05:48:16.064159,4950.0,-23.5505,-46.6333,DEV0259,U175,1
T009039,U175,2026-05-24T05:48:26.064159,4900.0,-25.4284,-49.2733,DEV0394,U336,1
T009040,U032,2026-05-23T07:35:55.193982,4.54,-30.0795,-51.25089,DEV0065,M050,0
T009041,U017,2026-05-25T00:27:22.028008,174.74,-25.36773,-49.25415,DEV0014,M026,0
T009042,U235,2026-05-23T23:10:03.252561,34.92,-19.86856,-43.86723,DEV0795,M086,0
T009043,U284,2026-05-23T08:00:41.212521,37.78,-22.86286,-43.23055,DEV0365,U056,0
T009044,U331,2026-05-23T05:16:20.452263,25.46,-15.69657,-47.8762,DEV0291,U018,0
T009045,U478,2026-05-23T18:06:40.213540,1.62,-12.92368,-38.48745,DEV0477,U113,0
T009046,U449,2026-05-24T02:37:09.454246,137.44,-25.40848,-49.36096,DEV0172,M051,0
T009047,U408,2026-05-25T00:40:14.037938,230.48,-12.91681,-38.58232,DEV0548,U297,0
T009048,U242,2026-05-23T21:18:40.475103,192.91,-23.57907,-46.59456,DEV0085,M083,0
T009049,U492,2026-05-24T03:11:26.009096,2444.13,-25.47496,-49.26566,DEV0772,M012,1
T009050,U338,2026-05-23T21:23:10.255917,80.8,-23.59649,-46.5561,DEV0145,U410,0
T009051,U224,2026-05-24T03:35:59.690992,85.13,-25.43895,-49.26811,DEV0041,M004,0
T009052,U056,2026-05-24T12:05:08.671830,81.37,-30.05397,-51.11241,DEV0348,M029,0
T009053,U098,2026-05-24T09:54:50.116568,3.62,-25.42761,-49.31535,DEV0161,M097,0
T009054,U120,2026-05-23T21:33:22.480979,13.36,-30.06077,-51.18121,DEV0663,M023,0
T009055,U369,2026-05-24T05:22:22.223264,721.04,-30.07433,-51.19303,DEV0142,U397,1
T009056,U190,2026-05-24T07:03:57.219429,62.19,-12.97106,-38.47027,DEV0693,U111,0
T009057,U333,2026-05-25T07:56:34.165082,135.05,-15.84353,-47.83916,DEV0132,U421,0
T009058,U342,2026-05-24T10:19:10.323975,344.75,-25.42992,-49.24919,DEV0015,U241,0
T009059,U081,2026-05-23T21:51:01.225540,98.8,-25.36106,-49.29764,DEV0489,M002,0
T009060,U494,2026-05-24T10:45:47.831505,90.65,-19.85322,-43.95696,DEV0493,M007,0
T009061,U267,2026-05-23T21:43:55.626128,8.29,-25.43893,-49.26141,DEV0360,M064,0
T009062,U369,2026-05-24T07:29:58.607000,93.2,-30.10485,-51.26047,DEV0371,M100,0
T009063,U111,2026-05-24T01:20:17.615008,3.45,-12.92404,-38.48501,DEV0518,M012,0
T009064,U161,2026-05-23T09:28:34.422738,18.63,-30.06021,-51.22012,DEV0258,M011,0
T009065,U478,2026-05-23T18:26:36.947720,30.26,-12.95197,-38.5804,DEV0477,M070,0
T009066,U174,2026-05-23T21:51:12.574071,2112.66,-23.66328,-46.67779,DEV0277,M085,0
T009067,U186,2026-05-24T08:44:22.431640,105.68,-25.42003,-49.35269,DEV0506,U500,0
T009068,U212,2026-05-24T02:44:57.847701,42.18,-25.52823,-49.22266,DEV0685,M061,0
T009069,U241,2026-05-23T21:24:39.172980,296.66,-12.89525,-38.49418,DEV0714,M029,0
T009070,U458,2026-05-23T22:34:18.239986,10.48,-13.06273,-38.50562,DEV0538,M056,0
T009071,U033,2026-05-23T19:08:05.553066,39.33,-23.56208,-46.62616,DEV0344,U324,0
T009072,U341,2026-05-23T23:25:31.009730,7.92,-29.9971,-51.25617,DEV0179,U398,0
T009073,U221,2026-05-24T21:03:47.874671,274.69,-15.79508,-47.92415,DEV0408,M091,0
T009074,U028,2026-05-24T15:38:13.735949,194.49,-25.38524,-49.21892,DEV0702,M038,0
T009075,U473,2026-05-23T15:56:09.797374,75.45,-13.02592,-38.51869,DEV0426,M041,0
T009076,U022,2026-05-24T06:09:11.134129,178.29,-25.40796,-49.14341,DEV0562,U323,0
T009077,U229,2026-05-24T09:44:08.976645,36.31,-13.02228,-38.60164,DEV0450,U040,0
T009078,U161,2026-05-23T13:57:17.607018,3.24,-30.0076,-51.17312,DEV0258,M082,0
T009079,U072,2026-05-23T08:40:19.294890,41.22,-30.07819,-51.20863,DEV0203,M036,0
T009080,U236,2026-05-24T16:19:38.657970,12.08,-23.57713,-46.67582,DEV0610,M056,0
T009081,U097,2026-05-24T23:10:13.427144,4499.26,-19.87945,-44.01015,DEV0720,M050,1
T009082,U285,2026-05-24T14:25:26.497297,166.39,-19.90392,-43.95014,DEV0312,M007,0
T009083,U381,2026-05-23T21:31:54.372133,69.08,-23.53637,-46.71182,DEV0084,M075,0
T009084,U419,2026-05-23T19:38:58.748110,121.54,-23.53688,-46.68965,DEV0552,M051,0
T009085,U493,2026-05-25T01:52:48.644688,29.49,-25.42113,-49.20204,DEV0575,U162,0
T009086,U024,2026-05-24T04:42:11.590679,407.97,-25.4543,-49.29847,DEV0477,U086,0
T009087,U089,2026-05-23T20:34:24.461268,88.32,-30.04689,-51.22149,DEV0009,M090,0
T009088,U133,2026-05-23T23:10:48.483001,80.1,-25.44386,-49.28727,DEV0682,M030,0
T009089,U283,2026-05-24T01:26:31.365677,209.82,-22.95531,-43.22332,DEV0028,M054,0
T009090,U189,2026-05-24T23:21:23.802980,50.34,-30.00642,-51.25311,DEV0144,U429,0
T009091,U407,2026-05-23T08:43:13.744637,4.43,-23.61472,-46.61766,DEV0151,M057,0
T009092,U141,2026-05-24T10:26:00.709259,47.74,-25.35941,-49.15474,DEV0058,M051,0
T009093,U225,2026-05-24T20:49:58.107020,10.64,-19.90161,-43.92488,DEV0502,M059,0
T009094,U353,2026-05-23T13:30:05.156744,437.55,-30.08801,-51.26239,DEV0627,M018,0
T009095,U477,2026-05-24T22:05:09.943654,5.67,-19.92755,-43.90716,DEV0039,U284,0
T009096,U331,2026-05-23T08:24:34.587846,13.13,-15.77613,-47.9685,DEV0291,U047,0
T009097,U236,2026-05-24T16:21:15.493652,6.18,-23.56069,-46.61412,DEV0610,M054,0
T009098,U266,2026-05-23T15:07:30.271326,190.01,-30.0094,-51.24498,DEV0095,M060,0
T009099,U051,2026-05-23T14:41:37.368028,14.7,-30.05923,-51.22529,DEV0699,M011,0
T009100,U004,2026-05-23T19:32:59.806334,8.47,-19.86141,-43.92317,DEV0459,M071,0
T009101,U061,2026-05-25T00:11:11.685687,20.53,-23.53391,-46.65044,DEV0234,M033,0
T009102,U195,2026-05-23T19:23:00.053867,406.42,-23.56089,-46.62039,DEV0253,M069,0
T009103,U105,2026-05-24T07:44:49.670139,158.2,-19.92388,-43.90855,DEV0027,U051,0
T009104,U349,2026-05-24T03:07:51.210251,24.83,-30.02482,-51.25022,DEV0228,U190,0
T009105,U079,2026-05-23T11:41:15.196912,1.02,-19.99889,-43.92691,DEV0346,M051,0
T009106,U081,2026-05-24T08:40:43.641966,67413.99,-25.42593,-49.25923,DEV0489,M061,1
T009107,U179,2026-05-24T11:22:11.860363,55.74,-23.47866,-46.62689,DEV0695,U011,0
T009108,U460,2026-05-23T20:15:34.944507,5.81,-30.01686,-51.19871,DEV0794,U393,0
T009109,U172,2026-05-23T19:27:51.022282,259.84,-22.87186,-43.16256,DEV0501,U064,0
T009110,U103,2026-05-24T15:43:25.621911,90.11,-15.73248,-47.90124,DEV0670,M020,0
T009111,U374,2026-05-23T07:38:20.377323,112.56,-19.98102,-43.81126,DEV0386,M098,0
T009112,U265,2026-05-23T23:52:13.392047,32.73,-19.95147,-43.94322,DEV0111,M009,0
T009113,U460,2026-05-23T20:29:53.078129,47.76,-30.05304,-51.18178,DEV0794,M006,0
T009114,U400,2026-05-24T00:57:28.736786,387.15,-15.80872,-47.99294,DEV0761,M075,0
T009115,U037,2026-05-23T18:32:07.583176,374.52,-23.52317,-46.66656,DEV0028,U109,0
T009116,U176,2026-05-23T18:17:01.139715,545.44,-19.92345,-44.07249,DEV0689,M012,0
T009117,U217,2026-05-24T02:38:25.366600,10.23,-23.62729,-46.70629,DEV0526,M007,0
T009118,U100,2026-05-23T12:21:55.043756,398.3,-30.04249,-51.20292,DEV0195,M017,0
T009119,U110,2026-05-24T08:51:52.880912,85.01,-25.47891,-49.2352,DEV0158,M044,0
T009120,U093,2026-05-23T21:52:18.007289,40.78,-25.4291,-49.19489,DEV0422,M076,0
T009121,U181,2026-05-23T22:58:35.889392,595.36,-15.87388,-47.97714,DEV0596,M062,0
T009122,U308,2026-05-25T02:36:23.010426,4.86,-19.91718,-43.91344,DEV0004,M069,0
T009123,U458,2026-05-24T02:57:49.998565,3.18,-12.90225,-38.3776,DEV0538,M053,0
T009124,U018,2026-05-25T02:27:13.425798,20.37,-23.55201,-46.66891,DEV0346,M020,0
T009125,U203,2026-05-23T10:29:10.561886,159.87,-19.8811,-43.86853,DEV0445,M033,0
T009126,U207,2026-05-23T14:31:59.460440,263.98,-15.82707,-47.84605,DEV0058,M023,0
T009127,U074,2026-05-24T11:39:59.681189,64.54,-12.97264,-38.40731,DEV0610,M063,0
T009128,U225,2026-05-24T22:12:52.176250,9.16,-19.93882,-43.91352,DEV0502,M051,0
T009129,U189,2026-05-25T04:44:36.318784,176.93,-29.98358,-51.24971,DEV0144,U405,0
T009130,U105,2026-05-24T11:37:22.211100,202.41,-19.89961,-43.89972,DEV0027,M057,0
T009131,U249,2026-05-23T21:22:57.240423,656.66,-25.44011,-49.35445,DEV0054,M065,0
T009132,U117,2026-05-24T05:19:49.482713,7.22,-22.90544,-43.14495,DEV0793,U403,0
T009133,U327,2026-05-24T00:14:43.809076,11.19,-22.89124,-43.20419,DEV0588,M017,0
T009134,U359,2026-05-24T09:47:18.869185,294.52,-15.84255,-47.89516,DEV0210,U143,0
T009135,U192,2026-05-24T02:13:03.206469,140.02,-12.95754,-38.52517,DEV0163,U086,0
T009136,U405,2026-05-23T18:06:15.313966,235.12,-15.76766,-47.97625,DEV0469,M072,0
T009137,U135,2026-05-23T14:22:50.889407,20.71,-12.95551,-38.45731,DEV0572,U370,0
T009138,U058,2026-05-24T04:50:33.329786,277.96,-19.95206,-44.00556,DEV0633,U447,0
T009139,U018,2026-05-25T07:29:12.764989,5000.0,-23.49718,-46.59136,DEV0346,U176,1
T009140,U176,2026-05-25T07:29:22.764989,4950.0,-19.9173,-43.9345,DEV0689,U368,1
T009141,U368,2026-05-25T07:29:32.764989,4900.0,-23.5505,-46.6333,DEV0001,U018,1
T009142,U092,2026-05-23T17:59:40.360636,179.91,-25.36896,-49.31511,DEV0587,M037,0
T009143,U074,2026-05-24T13:21:12.582531,59.78,-13.00359,-38.52778,DEV0610,U122,0
T009144,U405,2026-05-23T18:41:42.600577,51.18,-15.81308,-47.91995,DEV0469,M042,0
T009145,U217,2026-05-24T03:22:07.416650,3.65,-23.57022,-46.6517,DEV0526,M081,0
T009146,U169,2026-05-24T07:26:26.509384,368.74,-19.95303,-43.96351,DEV0727,M099,1
T009147,U375,2026-05-24T16:11:52.286687,530.51,-20.00553,-43.96527,DEV0418,U089,0
T009148,U318,2026-05-23T20:13:29.991557,33.58,-12.96816,-38.52345,DEV0259,U398,0
T009149,U110,2026-05-24T13:30:03.578134,215.98,-25.3608,-49.28061,DEV0158,M011,0
T009150,U360,2026-05-23T21:44:30.886819,210.0,-29.95885,-51.2386,DEV0616,U441,0
T009151,U134,2026-05-23T20:59:33.910631,7.13,-15.83798,-47.9697,DEV0444,M086,0
T009152,U006,2026-05-24T00:11:16.635538,111.42,-12.93987,-38.48965,DEV0770,M027,0
T009153,U038,2026-05-23T18:43:33.421867,26.27,-25.38623,-49.23024,DEV0033,U326,0
T009154,U480,2026-05-23T23:02:11.023696,90.07,-25.39304,-49.22044,DEV0239,M050,0
T009155,U381,2026-05-23T23:23:10.022529,329.11,-23.53618,-46.69256,DEV0084,M079,0
T009156,U089,2026-05-23T23:53:13.834577,32.76,-30.04566,-51.18221,DEV0009,M024,0
T009157,U302,2026-05-24T01:24:16.376374,33.0,-15.80767,-47.95531,DEV0503,M011,0
T009158,U031,2026-05-24T16:34:08.788087,16.0,-25.41461,-49.2174,DEV0493,U277,0
T009159,U355,2026-05-24T10:49:16.511129,49.98,-13.07402,-38.49443,DEV0660,U129,0
T009160,U094,2026-05-23T23:26:41.907277,67.92,-15.77586,-47.86183,DEV0227,M100,0
T009161,U130,2026-05-24T00:45:49.781280,156.09,-15.79839,-47.91781,DEV0051,M036,0
T009162,U395,2026-05-23T23:42:59.926405,112.82,-22.87839,-43.21898,DEV0380,M088,0
T009163,U284,2026-05-23T08:25:22.622625,5.65,-22.90652,-43.12748,DEV0365,M040,0
T009164,U391,2026-05-24T20:10:38.987290,4329.83,-23.56158,-46.63148,DEV0114,U237,1
T009165,U446,2026-05-23T15:23:49.509375,113.29,-23.51081,-46.59165,DEV0641,M094,0
T009166,U047,2026-05-23T17:36:52.695189,65.44,-23.48175,-46.63428,DEV0564,M056,0
T009167,U336,2026-05-24T06:16:58.223921,45.16,-19.94494,-43.90374,DEV0637,U449,0
T009168,U492,2026-05-24T04:11:04.982928,9.79,-25.35212,-49.30358,DEV0772,U303,0
T009169,U323,2026-05-24T11:29:49.257643,4.2,-19.91486,-43.94176,DEV0550,M086,0
T009170,U055,2026-05-24T11:33:29.090635,43.73,-15.83166,-47.9128,DEV0331,M058,0
T009171,U166,2026-05-24T01:55:14.112816,25.55,-22.89039,-43.1378,DEV0043,M077,0
T009172,U385,2026-05-24T10:04:21.298951,61073.7,-15.76786,-47.83972,DEV0215,M023,1
T009173,U408,2026-05-25T01:51:25.709978,110.94,-12.91943,-38.56746,DEV0548,M073,0
T009174,U128,2026-05-24T14:19:13.508172,19.3,-15.80362,-47.8963,DEV0471,M057,0
T009175,U260,2026-05-25T02:35:07.059853,83.17,-13.07934,-38.50475,DEV0797,M063,0
T009176,U494,2026-05-24T13:18:21.143389,21.06,-19.96203,-43.86869,DEV0493,U102,0
T009177,U418,2026-05-24T03:26:40.004639,41.94,-23.5833,-46.64141,DEV0115,M056,0
T009178,U137,2026-05-24T17:17:53.291342,169.54,-13.0321,-38.54596,DEV0350,M027,0
T009179,U177,2026-05-24T19:31:08.323734,3.49,-25.48668,-49.28118,DEV0096,M055,0
T009180,U416,2026-05-23T18:51:14.625689,158.32,-23.50984,-46.60466,DEV0714,U021,0
T009181,U267,2026-05-24T03:24:59.263901,268.85,-25.41865,-49.29057,DEV0360,M043,0
T009182,U304,2026-05-23T23:07:41.483698,378.33,-30.02956,-51.17872,DEV0664,M092,0
T009183,U116,2026-05-23T21:56:51.979398,211.56,-30.05265,-51.1976,DEV0161,M071,0
T009184,U364,2026-05-24T20:04:06.399433,480.28,-15.71173,-47.93839,DEV0051,U499,0
T009185,U447,2026-05-23T16:41:19.899637,32.41,-19.85507,-43.87214,DEV0616,M013,0
T009186,U220,2026-05-24T11:54:35.601013,79.61,-19.88705,-43.87915,DEV0012,U198,0
T009187,U428,2026-05-24T03:27:29.121061,23.87,-12.98094,-38.5728,DEV0342,M084,0
T009188,U302,2026-05-24T01:33:32.318979,325.28,-15.73388,-47.96242,DEV0503,M066,0
T009189,U498,2026-05-23T19:21:14.344486,477.05,-29.9622,-51.19493,DEV0727,M072,0
T009190,U436,2026-05-24T10:54:17.105710,89.34,-12.93138,-38.46975,DEV0149,U028,0
T009191,U235,2026-05-23T23:21:16.558320,594.55,-19.84465,-43.98313,DEV0795,M087,0
T009192,U107,2026-05-24T15:35:58.380408,2.96,-23.62262,-46.51881,DEV0453,U143,0
T009193,U041,2026-05-24T15:42:16.542413,79.49,-19.96195,-43.97653,DEV0547,M094,0
T009194,U031,2026-05-24T18:13:59.093329,7.07,-25.42516,-49.24586,DEV0493,M020,0
T009195,U285,2026-05-24T16:41:57.143763,2.5,-19.94686,-43.91893,DEV0312,U490,0
T009196,U006,2026-05-24T04:24:51.199076,134.13,-13.06609,-38.42526,DEV0770,M019,0
T009197,U018,2026-05-25T08:41:03.314175,19.36,-23.56758,-46.6709,DEV0346,M024,0
T009198,U079,2026-05-23T14:00:58.988750,124.49,-19.84177,-43.95062,DEV0346,M075,0
T009199,U287,2026-05-24T11:35:41.566446,13.08,-20.01247,-43.96395,DEV0751,M064,0
T009200,U114,2026-05-24T09:54:13.202611,196.86,-20.00164,-43.94556,DEV0700,U043,0
T009201,U327,2026-05-24T01:23:52.884934,23.26,-22.97032,-43.13916,DEV0588,M032,0
T009202,U084,2026-05-23T09:28:07.799044,13.66,-30.03629,-51.29803,DEV0298,U078,0
T009203,U314,2026-05-25T03:18:52.020780,78.99,-19.91839,-44.01091,DEV0724,M027,0
T009204,U014,2026-05-24T07:49:15.867439,42.18,-25.46033,-49.28354,DEV0505,U494,0
T009205,U303,2026-05-23T21:40:15.410355,1.21,-15.7898,-47.82943,DEV0446,M077,0
T009206,U274,2026-05-24T19:48:35.881169,7.56,-22.86135,-43.22733,DEV0046,M047,0
T009207,U468,2026-05-23T13:27:54.859824,121.93,-22.92986,-43.18738,DEV0131,M075,0
T009208,U334,2026-05-24T07:46:38.025482,5.23,-22.99448,-43.23622,DEV0089,U378,0
T009209,U403,2026-05-24T09:17:08.567331,748.43,-15.72036,-47.90139,DEV0288,M088,0
T009210,U249,2026-05-23T23:52:42.188389,85.78,-25.41563,-49.27129,DEV0054,M096,0
T009211,U466,2026-05-23T17:28:57.298219,35.05,-23.46126,-46.70613,DEV0526,M030,0
T009212,U429,2026-05-25T01:44:37.936723,245.07,-23.53603,-46.60906,DEV0287,M086,0
T009213,U228,2026-05-24T07:57:32.377487,163.03,-15.79939,-47.93804,DEV0594,M035,0
T009214,U346,2026-05-23T11:54:34.473564,153.8,-15.75108,-47.84177,DEV0196,M014,0
T009215,U072,2026-05-23T12:15:30.712567,18.8,-30.12254,-51.36567,DEV0203,U215,0
T009216,U116,2026-05-24T00:08:25.527255,36.76,-29.98969,-51.2921,DEV0161,M058,0
T009217,U118,2026-05-23T18:44:04.970359,215.73,-15.76484,-47.97749,DEV0570,M013,0
T009218,U112,2026-05-24T14:37:31.152671,471.76,-23.59159,-46.61487,DEV0037,U268,1
T009219,U063,2026-05-23T21:27:21.359400,23.16,-23.51511,-46.70504,DEV0692,M048,0
T009220,U309,2026-05-23T21:39:25.115149,36.32,-15.77386,-47.87619,DEV0606,M030,0
T009221,U070,2026-05-24T09:33:38.353358,100.74,-22.83506,-43.16502,DEV0053,M100,0
T009222,U046,2026-05-24T19:52:42.312009,30.91,-19.90127,-43.91139,DEV0575,U443,0
T009223,U010,2026-05-23T22:11:36.123994,30.73,-23.58464,-46.58698,DEV0475,M075,0
T009224,U456,2026-05-25T09:23:39.954647,12.57,-23.55203,-46.59322,DEV0466,M001,0
T009225,U274,2026-05-24T20:08:43.009214,63.71,-22.95878,-43.21786,DEV0046,M077,0
T009226,U068,2026-05-24T21:52:56.749268,34.01,-25.3943,-49.31089,DEV0566,U495,0
T009227,U052,2026-05-23T18:47:30.999559,669.37,-25.41394,-49.28064,DEV0578,M086,0
T009228,U376,2026-05-24T02:18:50.219850,8.2,-19.93504,-43.91774,DEV0763,M005,0
T009229,U395,2026-05-23T23:53:35.881023,790.05,-22.99883,-43.0718,DEV0380,M027,0
T009230,U013,2026-05-23T16:19:34.248077,111.72,-15.80124,-47.98754,DEV0563,M027,0
T009231,U026,2026-05-24T08:51:17.776743,26.77,-15.7936,-47.94853,DEV0270,U206,0
T009232,U083,2026-05-25T16:24:44.075291,8.86,-19.98241,-43.95623,DEV0473,M027,0
T009233,U088,2026-05-24T21:45:23.445942,1437.48,-15.7801,-47.9292,DEV0037,M097,1
T009234,U300,2026-05-24T14:17:18.834171,209.76,-19.73326,-44.01033,DEV0741,U120,0
T009235,U301,2026-05-23T13:58:03.624420,19.66,-13.00316,-38.55759,DEV0662,M060,0
T009236,U303,2026-05-23T22:22:51.023804,76.18,-15.8245,-48.04553,DEV0446,M024,0
T009237,U459,2026-05-24T22:09:01.942624,2910.2,-22.88302,-43.19706,DEV0016,M007,1
T009238,U410,2026-05-25T01:25:00.147440,17.0,-12.93792,-38.5404,DEV0523,M068,0
T009239,U419,2026-05-23T22:36:13.064046,75.24,-23.46736,-46.57238,DEV0552,U393,0
T009240,U450,2026-05-24T04:06:33.865062,18.91,-15.82265,-47.8832,DEV0524,M059,0
T009241,U364,2026-05-24T20:46:27.560158,222.2,-15.82843,-48.01921,DEV0051,U217,0
T009242,U250,2026-05-23T23:03:05.707977,96.47,-15.79422,-47.9036,DEV0734,M042,0
T009243,U453,2026-05-24T01:10:54.708825,446.07,-15.73661,-47.90755,DEV0592,U306,1
T009244,U031,2026-05-24T19:20:59.114961,39.27,-25.31435,-49.25096,DEV0493,M028,0
T009245,U408,2026-05-25T03:33:14.684965,5000.0,-12.93708,-38.4685,DEV0548,U244,1
T009246,U244,2026-05-25T03:33:24.684965,4950.0,-12.9714,-38.5014,DEV0772,U064,1
T009247,U064,2026-05-25T03:33:34.684965,4900.0,-23.5505,-46.6333,DEV0442,U408,1
T009248,U323,2026-05-24T13:42:50.803835,126.27,-19.95869,-43.91405,DEV0550,U007,0
T009249,U139,2026-05-24T19:13:07.292012,10.33,-25.45628,-49.27584,DEV0106,M049,0
T009250,U280,2026-05-24T08:18:56.027640,125.94,-23.53687,-46.51271,DEV0008,M042,0
T009251,U220,2026-05-24T18:00:51.670424,823.44,-19.9416,-43.99818,DEV0012,M040,0
T009252,U063,2026-05-24T05:26:04.994629,15.12,-23.6034,-46.71562,DEV0692,M038,0
T009253,U198,2026-05-24T02:33:21.767298,77.11,-12.85083,-38.44931,DEV0029,U163,0
T009254,U031,2026-05-24T20:33:33.613486,16.22,-25.44105,-49.27656,DEV0493,U203,0
T009255,U306,2026-05-24T10:05:08.616181,3752.03,-12.96692,-38.51548,DEV0548,U099,0
T009256,U116,2026-05-24T00:23:45.168596,75.12,-30.09868,-51.16884,DEV0161,U481,0
T009257,U171,2026-05-23T17:18:04.777391,33.1,-19.90878,-43.77474,DEV0617,U159,0
T009258,U341,2026-05-24T01:20:48.708422,19.16,-30.02997,-51.22802,DEV0179,U046,0
T009259,U173,2026-05-23T13:39:51.055796,11.85,-19.95108,-43.90718,DEV0413,M090,0
T009260,U251,2026-05-23T12:55:34.212962,108.49,-23.56132,-46.59965,DEV0624,M053,0
T009261,U173,2026-05-23T15:17:49.130375,1.12,-19.95858,-43.90636,DEV0413,U372,0
T009262,U184,2026-05-25T12:38:51.863865,161.51,-23.47793,-46.62236,DEV0076,M003,0
T009263,U442,2026-05-24T11:58:47.862269,216.63,-25.47331,-49.3219,DEV0467,M058,0
T009264,U063,2026-05-24T06:35:17.135175,36.24,-23.53021,-46.64679,DEV0692,U196,0
T009265,U152,2026-05-24T07:57:20.309601,208.72,-23.44619,-46.75133,DEV0094,M004,0
T009266,U159,2026-05-24T05:12:07.659160,20.42,-22.89589,-43.10971,DEV0659,U163,0
T009267,U216,2026-05-25T00:09:45.751169,17.28,-23.51308,-46.70751,DEV0402,M004,0
T009268,U033,2026-05-23T19:33:25.705661,11.03,-23.51934,-46.6756,DEV0344,M090,0
T009269,U348,2026-05-23T20:45:14.450987,628.0,-23.55024,-46.6548,DEV0118,M072,0
T009270,U167,2026-05-24T07:14:51.367549,12.7,-12.94966,-38.50893,DEV0012,U118,0
T009271,U112,2026-05-24T16:30:21.223857,296.6,-23.42027,-46.66848,DEV0037,M025,0
T009272,U144,2026-05-23T20:24:15.139898,22.98,-13.00727,-38.47569,DEV0641,M090,0
T009273,U177,2026-05-24T21:30:21.375622,64.33,-25.39348,-49.32075,DEV0096,M036,0
T009274,U045,2026-05-24T11:53:37.952318,245.15,-30.05873,-51.1364,DEV0554,M002,0
T009275,U398,2026-05-24T08:42:39.125680,5.97,-23.51816,-46.61941,DEV0759,M058,0
T009276,U355,2026-05-24T13:14:13.915902,26.74,-13.03947,-38.58082,DEV0660,M078,0
T009277,U466,2026-05-23T18:01:16.507600,205.29,-23.43932,-46.70492,DEV0526,U307,0
T009278,U293,2026-05-23T20:25:44.894889,177.47,-23.58528,-46.56794,DEV0525,M016,0
T009279,U004,2026-05-23T20:17:38.988050,8.8,-19.95166,-43.93623,DEV0459,U476,0
T009280,U007,2026-05-23T10:53:23.227000,82065.92,-15.73316,-47.87235,DEV0386,M058,1
T009281,U478,2026-05-23T23:15:37.566151,7.0,-12.92393,-38.47689,DEV0477,M006,0
T009282,U391,2026-05-24T19:00:48.189060,120.51,-23.5091,-46.68228,DEV0114,M042,0
T009283,U403,2026-05-24T16:25:59.362054,26.83,-15.76678,-47.91391,DEV0288,U398,0
T009284,U034,2026-05-23T21:06:53.439997,56048.35,-29.99157,-51.18949,DEV0139,U442,1
T009285,U029,2026-05-25T03:29:12.238192,280.45,-13.01486,-38.53809,DEV0338,U333,0
T009286,U105,2026-05-24T11:42:15.729781,262.05,-19.88269,-43.95874,DEV0027,M091,0
T009287,U444,2026-05-23T09:17:37.278055,620.04,-22.82768,-43.19332,DEV0201,M030,0
T009288,U186,2026-05-24T14:14:01.763020,284.07,-25.4346,-49.21041,DEV0506,U294,0
T009289,U387,2026-05-24T04:31:30.766345,16.4,-12.98274,-38.52724,DEV0305,M058,0
T009290,U046,2026-05-24T23:32:48.087382,103.46,-20.0467,-43.98621,DEV0575,M059,0
T009291,U022,2026-05-24T06:30:08.939628,167.09,-25.51476,-49.31667,DEV0562,M046,0
T009292,U141,2026-05-24T15:16:58.782310,15.67,-25.3776,-49.28449,DEV0058,M072,0
T009293,U183,2026-05-24T07:07:43.874980,6.28,-23.5827,-46.66392,DEV0612,M012,0
T009294,U173,2026-05-23T15:23:34.449069,14.35,-20.02422,-43.93308,DEV0413,M021,0
T009295,U246,2026-05-24T20:07:19.274236,17.66,-25.42765,-49.27336,DEV0095,M071,0
T009296,U313,2026-05-24T02:52:53.776377,56.2,-15.84048,-48.00035,DEV0410,M072,0
T009297,U243,2026-05-24T01:19:55.557033,326.51,-15.66423,-47.89121,DEV0001,U205,0
T009298,U018,2026-05-25T12:49:02.150992,46.21,-23.57577,-46.60541,DEV0346,M036,0
T009299,U146,2026-05-24T05:19:08.339478,465.59,-15.80177,-47.96768,DEV0118,M058,0
T009300,U231,2026-05-24T08:33:04.895040,19.92,-12.98386,-38.55697,DEV0119,M062,0
T009301,U404,2026-05-24T13:02:12.006703,2636.14,-19.83239,-43.95346,DEV0452,U101,0
T009302,U294,2026-05-24T12:32:31.555269,95.53,-25.52691,-49.24485,DEV0394,M051,0
T009303,U399,2026-05-24T23:15:07.039602,19.29,-29.96504,-51.18619,DEV0443,M019,0
T009304,U304,2026-05-24T10:35:18.968185,25.99,-30.07382,-51.19264,DEV0664,M091,0
T009305,U072,2026-05-23T13:05:55.996757,116.48,-30.06083,-51.16665,DEV0203,M024,0
T009306,U313,2026-05-24T03:13:26.166412,113.49,-15.76,-47.86316,DEV0410,U167,0
T009307,U355,2026-05-24T15:08:40.297029,29.69,-13.0778,-38.39136,DEV0660,M012,0
T009308,U463,2026-05-23T19:38:31.147747,336.15,-22.98274,-43.19449,DEV0727,M085,0
T009309,U336,2026-05-24T09:09:54.611532,27.37,-19.85819,-43.85657,DEV0637,M087,0
T009310,U487,2026-05-24T00:18:35.591894,4.27,-23.58509,-46.65243,DEV0344,U396,0
T009311,U422,2026-05-23T11:39:13.648719,296.95,-22.90635,-43.1824,DEV0442,M012,0
T009312,U498,2026-05-23T20:12:49.994965,41.59,-29.96804,-51.21773,DEV0727,M004,0
T009313,U026,2026-05-24T09:49:54.087514,908.66,-15.72073,-47.88173,DEV0270,M029,0
T009314,U117,2026-05-24T06:34:09.692362,153.2,-22.83323,-43.15363,DEV0793,U412,0
T009315,U221,2026-05-24T22:00:00.333423,316.51,-15.80212,-47.96482,DEV0408,M066,0
T009316,U283,2026-05-24T06:04:46.398036,11.96,-22.93209,-43.11091,DEV0028,M059,0
T009317,U440,2026-05-24T08:35:38.548490,436.54,-15.85074,-47.92249,DEV0406,M061,0
T009318,U450,2026-05-24T07:05:37.067466,2.46,-15.71812,-47.84464,DEV0524,M082,0
T009319,U365,2026-05-25T05:04:11.436743,111.51,-23.64656,-46.63097,DEV0726,M005,0
T009320,U075,2026-05-23T19:38:34.134674,22.42,-19.91623,-43.92661,DEV0511,U457,0
T009321,U449,2026-05-24T02:41:26.796991,1169.28,-25.41923,-49.30786,DEV0172,M049,0
T009322,U203,2026-05-23T11:22:28.400499,36.41,-19.94053,-43.96087,DEV0445,M012,0
T009323,U106,2026-05-24T09:40:58.188677,118.1,-15.83744,-47.86393,DEV0609,U264,0
T009324,U489,2026-05-23T23:11:34.137332,73149.06,-25.4136,-49.3083,DEV0710,M061,1
T009325,U059,2026-05-24T06:51:04.606312,4.97,-23.63355,-46.64226,DEV0259,M071,0
T009326,U162,2026-05-24T14:52:53.714333,796.06,-19.922,-43.96511,DEV0664,M045,0
T009327,U216,2026-05-25T01:43:40.231452,26.81,-23.54473,-46.63901,DEV0402,M065,0
T009328,U451,2026-05-24T00:02:54.552176,725.05,-25.43844,-49.33959,DEV0017,M079,0
T009329,U132,2026-05-23T18:57:45.948804,6.65,-22.88168,-43.16563,DEV0570,M013,0
T009330,U038,2026-05-23T19:16:59.197434,21.19,-25.42821,-49.26937,DEV0033,M005,0
T009331,U096,2026-05-23T22:30:41.846787,394.87,-22.85206,-43.17271,DEV0338,M019,0
T009332,U236,2026-05-24T17:06:09.545335,15.86,-23.48429,-46.64272,DEV0610,U383,0
T009333,U410,2026-05-25T01:30:56.949657,5.98,-12.93373,-38.44874,DEV0523,U279,0
T009334,U291,2026-05-23T10:40:12.832294,83.38,-30.10953,-51.27112,DEV0273,U300,0
T009335,U012,2026-05-25T02:44:29.115560,38.44,-30.0471,-51.26442,DEV0190,M015,0
T009336,U156,2026-05-24T19:08:31.936048,448.62,-15.85699,-47.94735,DEV0357,M034,0
T009337,U020,2026-05-24T04:32:45.051692,82.75,-30.04915,-51.1748,DEV0428,U139,0
T009338,U267,2026-05-24T04:31:37.571533,16.35,-25.33826,-49.27691,DEV0360,U290,0
T009339,U430,2026-05-24T22:15:16.236597,3.58,-22.91503,-43.14689,DEV0268,M038,0
T009340,U267,2026-05-24T08:03:23.842534,241.15,-25.34616,-49.31854,DEV0360,M001,0
T009341,U192,2026-05-24T02:48:32.544237,224.19,-12.87737,-38.44859,DEV0163,M051,0
T009342,U084,2026-05-23T10:28:02.556630,22.15,-30.07841,-51.11595,DEV0298,U120,0
T009343,U233,2026-05-24T04:57:46.600646,4001.79,-30.12154,-51.24131,DEV0177,M065,1
T009344,U493,2026-05-25T03:28:38.067454,47.95,-25.39364,-49.28294,DEV0575,U268,0
T009345,U072,2026-05-23T15:26:28.476836,131.76,-30.08746,-51.1975,DEV0203,M080,0
T009346,U445,2026-05-24T05:29:32.756901,15.6,-12.954,-38.47795,DEV0073,M056,0
T009347,U155,2026-05-24T08:32:56.142186,63.88,-30.11073,-51.22059,DEV0612,U352,0
T009348,U339,2026-05-23T20:11:35.566878,73.82,-30.086,-51.267,DEV0616,U283,0
T009349,U014,2026-05-24T14:12:45.056533,28.52,-25.45726,-49.34851,DEV0505,U047,0
T009350,U236,2026-05-24T17:56:58.110804,8.73,-23.5118,-46.699,DEV0610,M079,0
T009351,U286,2026-05-24T02:55:40.216696,67.61,-19.92358,-43.92712,DEV0623,M063,0
T009352,U114,2026-05-24T10:27:42.638333,325.08,-19.93274,-43.9547,DEV0700,M051,0
T009353,U201,2026-05-24T12:11:04.306939,67.65,-30.05678,-51.20083,DEV0327,U226,0
T009354,U183,2026-05-24T07:51:09.093049,15.0,-23.48909,-46.67985,DEV0612,M049,0
T009355,U124,2026-05-24T01:41:24.159851,81.09,-12.94978,-38.47598,DEV0682,U089,0
T009356,U276,2026-05-24T00:29:42.718766,297.7,-23.60536,-46.699,DEV0794,M032,0
T009357,U122,2026-05-23T21:11:06.298208,166.05,-23.57532,-46.67034,DEV0104,M061,0
T009358,U389,2026-05-24T01:22:02.203962,56.64,-22.78995,-43.12087,DEV0769,U450,0
T009359,U168,2026-05-24T05:39:00.118327,16.85,-22.95413,-43.1856,DEV0253,U356,0
T009360,U311,2026-05-23T11:18:32.887359,28.34,-30.05018,-51.22502,DEV0715,M044,0
T009361,U341,2026-05-24T02:34:46.170631,15.14,-30.00224,-51.20721,DEV0179,U361,0
T009362,U243,2026-05-24T06:40:31.380792,174.82,-15.79439,-48.02323,DEV0001,M056,0
T009363,U295,2026-05-24T08:07:36.405765,83.79,-12.98549,-38.45366,DEV0146,U003,0
T009364,U131,2026-05-23T04:44:48.259593,30.49,-30.08779,-51.28053,DEV0190,U065,0
T009365,U372,2026-05-23T16:43:14.479380,152.67,-12.97767,-38.54147,DEV0666,U441,0
T009366,U382,2026-05-24T03:13:01.009950,41.02,-25.50658,-49.27991,DEV0630,U100,0
T009367,U048,2026-05-23T13:40:03.874157,33.44,-25.42498,-49.41572,DEV0734,M072,0
T009368,U244,2026-05-25T04:44:24.794525,26.23,-12.98831,-38.49091,DEV0772,M047,0
T009369,U158,2026-05-24T18:51:31.714867,428.64,-22.85478,-43.16255,DEV0180,U195,0
T009370,U031,2026-05-24T21:28:25.145361,100.68,-25.3649,-49.32806,DEV0493,M058,0
T009371,U141,2026-05-24T20:38:27.002382,111.46,-25.48969,-49.26337,DEV0058,U476,0
T009372,U307,2026-05-24T04:33:28.554499,183.37,-15.83543,-47.95761,DEV0322,M023,0
T009373,U095,2026-05-24T09:27:33.173314,49.89,-23.52602,-46.58491,DEV0099,M097,0
T009374,U097,2026-05-24T11:22:35.000233,339.28,-19.91477,-43.93695,DEV0720,M065,0
T009375,U026,2026-05-24T11:10:04.227001,568.07,-15.76729,-47.82511,DEV0270,M069,0
T009376,U423,2026-05-23T22:17:31.896472,165.47,-22.84883,-43.16516,DEV0727,M037,0
T009377,U320,2026-05-24T12:16:03.645582,22.62,-22.86746,-43.20238,DEV0172,M003,0
T009378,U086,2026-05-24T12:56:22.738427,90.69,-23.63817,-46.6486,DEV0572,U244,0
T009379,U452,2026-05-24T05:43:40.651898,16.78,-30.09628,-51.18218,DEV0497,M016,0
T009380,U346,2026-05-23T13:52:19.196437,40.75,-15.84228,-47.93766,DEV0196,U403,0
T009381,U159,2026-05-24T06:44:51.501381,101.37,-22.87532,-43.11216,DEV0659,U364,0
T009382,U220,2026-05-24T18:54:40.978473,587.87,-19.89593,-43.93022,DEV0012,M061,0
T009383,U478,2026-05-24T00:31:25.153495,6.94,-12.9525,-38.47124,DEV0477,M024,0
T009384,U442,2026-05-24T12:15:38.086542,341.34,-25.3784,-49.25793,DEV0467,U110,0
T009385,U048,2026-05-23T20:50:24.159448,66403.57,-25.43568,-49.29455,DEV0734,M018,1
T009386,U202,2026-05-23T14:25:31.128784,305.21,-25.4264,-49.27398,DEV0070,U175,0
T009387,U465,2026-05-24T02:31:15.323151,154.55,-22.89674,-43.19057,DEV0443,M062,0
T009388,U027,2026-05-24T10:03:53.629653,249.05,-30.03244,-51.27214,DEV0456,M047,0
T009389,U005,2026-05-23T18:46:31.732123,135.02,-25.44216,-49.25635,DEV0664,U332,0
T009390,U105,2026-05-24T16:36:11.473491,360.73,-19.92472,-43.92142,DEV0027,M067,0
T009391,U311,2026-05-23T12:04:41.408827,235.17,-29.9744,-51.24343,DEV0715,U263,0
T009392,U318,2026-05-23T22:51:45.726918,6.06,-12.98922,-38.64325,DEV0259,U418,0
T009393,U215,2026-05-23T07:52:03.263206,558.0,-25.4354,-49.35886,DEV0227,M008,0
T009394,U224,2026-05-24T04:58:13.844382,95988.3,-25.35748,-49.35811,DEV0041,U047,1
T009395,U091,2026-05-24T14:29:50.743744,3.84,-15.75734,-47.96064,DEV0120,M073,0
T009396,U307,2026-05-24T08:22:29.076348,89.5,-15.81627,-47.9289,DEV0322,M043,0
T009397,U155,2026-05-24T13:13:18.203446,59.93,-30.02613,-51.14769,DEV0612,M093,0
T009398,U357,2026-05-23T19:39:58.211445,349.91,-30.09412,-51.22134,DEV0346,M058,0
T009399,U285,2026-05-24T20:17:18.083400,7.02,-19.98023,-43.90359,DEV0312,U286,0
T009400,U327,2026-05-24T03:00:46.534762,105.27,-22.91989,-43.18514,DEV0588,M084,0
T009401,U015,2026-05-23T11:20:19.841300,63.46,-19.94021,-43.94252,DEV0647,M093,0
T009402,U072,2026-05-23T18:49:35.281113,2.13,-30.08124,-51.19625,DEV0203,M043,0
T009403,U243,2026-05-24T08:27:04.102726,63083.47,-15.72115,-47.92231,DEV0001,U309,1
T009404,U006,2026-05-24T04:41:45.884310,270.76,-12.98994,-38.61682,DEV0770,M038,0
T009405,U385,2026-05-24T13:12:05.844375,2.85,-15.70228,-47.91109,DEV0215,M097,0
T009406,U428,2026-05-24T04:00:57.165167,35.95,-12.98637,-38.49013,DEV0342,U044,0
T009407,U160,2026-05-23T17:16:46.542022,189.81,-23.60676,-46.65141,DEV0325,M031,0
T009408,U012,2026-05-25T02:46:31.249277,50.89,-30.07688,-51.20925,DEV0190,U367,0
T009409,U408,2026-05-25T04:45:16.935183,202.29,-12.90132,-38.56379,DEV0548,M038,0
T009410,U321,2026-05-24T08:00:23.020596,103.72,-22.77462,-43.1851,DEV0596,M074,0
T009411,U124,2026-05-24T03:34:49.624513,114.14,-13.01278,-38.52879,DEV0682,U350,0
T009412,U063,2026-05-24T10:22:53.994833,189.78,-23.61161,-46.69327,DEV0692,M037,0
T009413,U009,2026-05-23T12:01:10.264050,23.22,-15.79993,-48.01359,DEV0253,U148,0
T009414,U430,2026-05-25T02:40:58.054874,36.9,-22.9064,-43.16117,DEV0268,M077,0
T009415,U216,2026-05-25T03:51:46.216822,50.47,-23.44776,-46.70216,DEV0402,M089,0
T009416,U336,2026-05-24T09:15:56.113009,56.14,-19.98385,-43.92373,DEV0637,U019,0
T009417,U186,2026-05-24T18:12:01.175969,294.31,-25.41229,-49.27682,DEV0506,U161,0
T009418,U049,2026-05-24T07:11:28.765183,56.98,-29.96138,-51.19922,DEV0749,M044,0
T009419,U110,2026-05-24T16:29:30.329098,1041.56,-25.41376,-49.35896,DEV0158,M078,0
T009420,U261,2026-05-23T16:30:37.235286,143.63,-23.58186,-46.66008,DEV0330,M010,0
T009421,U181,2026-05-23T23:08:43.454712,219.45,-15.77681,-47.93035,DEV0596,M100,0
T009422,U280,2026-05-24T10:04:24.494105,324.37,-23.53584,-46.72718,DEV0008,U230,0
T009423,U102,2026-05-24T01:45:33.682395,40.66,-19.94934,-43.90766,DEV0470,U001,0
T009424,U492,2026-05-24T04:19:03.728048,199.88,-25.5119,-49.29343,DEV0772,M045,0
T009425,U396,2026-05-23T22:58:14.959305,59.15,-29.96599,-51.16908,DEV0476,M093,0
T009426,U311,2026-05-23T13:59:17.047353,144.71,-29.99663,-51.15988,DEV0715,M071,0
T009427,U488,2026-05-24T09:14:34.898579,10.38,-19.90106,-43.92289,DEV0061,M020,0
T009428,U482,2026-05-24T05:58:15.788571,64.31,-23.56624,-46.56891,DEV0689,M094,0
T009429,U475,2026-05-24T03:55:10.917843,12.11,-22.8756,-43.07232,DEV0414,M039,0
T009430,U029,2026-05-25T07:52:37.704076,294.18,-12.9958,-38.4784,DEV0338,U442,0
T009431,U002,2026-05-24T21:23:12.991531,1.83,-19.90632,-43.99722,DEV0072,U188,0
T009432,U476,2026-05-24T02:29:15.502646,6.97,-13.03148,-38.54403,DEV0141,M036,0
T009433,U083,2026-05-25T16:27:50.658643,59.48,-19.90872,-43.92941,DEV0473,U417,0
T009434,U081,2026-05-24T10:29:54.632539,107.16,-25.39352,-49.30454,DEV0489,M080,0
T009435,U495,2026-05-24T00:45:37.880512,28.21,-19.93835,-43.9586,DEV0226,U123,0
T009436,U428,2026-05-24T05:31:14.975436,3.99,-12.98472,-38.50763,DEV0342,M099,0
T009437,U385,2026-05-24T19:07:16.842964,28.57,-15.72956,-47.91188,DEV0215,M009,0
T009438,U313,2026-05-24T07:03:32.314821,104.74,-15.86548,-48.03555,DEV0410,M052,0
T009439,U311,2026-05-23T14:35:24.818832,37.68,-30.03535,-51.21559,DEV0715,M074,0
T009440,U325,2026-05-25T08:22:42.598908,174.27,-15.70438,-48.07245,DEV0236,M044,0
T009441,U083,2026-05-25T17:05:36.962780,74.64,-19.83452,-43.93296,DEV0473,U243,0
T009442,U342,2026-05-24T12:06:17.096176,975.95,-25.39776,-49.21187,DEV0015,M051,0
T009443,U056,2026-05-24T20:45:45.258378,148.64,-29.99476,-51.1704,DEV0348,M069,0
T009444,U200,2026-05-24T00:53:56.466605,25.45,-23.59541,-46.6468,DEV0342,M089,0
T009445,U480,2026-05-24T00:00:24.132657,137.31,-25.38019,-49.24488,DEV0239,M081,0
T009446,U104,2026-05-24T02:40:24.299928,437.19,-22.9068,-43.1729,DEV0563,M075,1
T009447,U246,2026-05-24T20:21:32.201973,3.96,-25.51808,-49.23863,DEV0095,M065,0
T009448,U185,2026-05-23T11:09:17.139726,86.72,-25.46442,-49.25647,DEV0718,M009,0
T009449,U073,2026-05-24T00:54:25.990356,60.76,-23.67178,-46.70845,DEV0767,M017,0
T009450,U064,2026-05-25T04:57:14.113977,145.61,-23.60042,-46.63152,DEV0442,M032,0
T009451,U462,2026-05-24T13:13:36.044693,69.91,-13.1382,-38.46343,DEV0519,M032,0
T009452,U423,2026-05-24T00:52:49.629293,521.06,-22.82805,-43.24783,DEV0727,M062,0
T009453,U285,2026-05-24T22:14:50.526026,11.25,-19.9711,-43.94943,DEV0312,U499,0
T009454,U304,2026-05-24T12:04:37.938155,148.94,-30.01247,-51.25303,DEV0664,U032,0
T009455,U437,2026-05-24T11:58:51.558264,365.15,-19.86742,-44.03945,DEV0512,U415,0
T009456,U069,2026-05-24T07:13:14.858183,57.91,-23.54855,-46.59064,DEV0385,M009,0
T009457,U476,2026-05-24T02:58:50.177351,13.38,-13.00984,-38.47993,DEV0141,U202,0
T009458,U373,2026-05-23T18:11:33.526229,44.11,-29.98263,-51.17308,DEV0244,M057,0
T009459,U065,2026-05-23T14:10:08.536693,151.74,-15.7548,-47.91675,DEV0386,M033,0
T009460,U154,2026-05-23T21:29:57.404802,42.33,-22.89013,-43.11019,DEV0474,M091,0
T009461,U228,2026-05-24T09:36:24.116380,23.42,-15.69192,-47.84703,DEV0594,M005,0
T009462,U233,2026-05-24T00:44:45.065317,18.21,-30.02841,-51.15031,DEV0177,U042,0
T009463,U159,2026-05-24T07:51:28.059046,337.89,-22.98255,-43.21066,DEV0659,M066,0
T009464,U376,2026-05-24T04:41:11.861833,13.49,-19.91251,-43.83865,DEV0763,U185,0
T009465,U018,2026-05-25T13:02:50.803496,9.39,-23.61241,-46.62138,DEV0346,M088,0
T009466,U211,2026-05-24T13:41:05.470273,306.98,-23.51337,-46.67286,DEV0117,M054,0
T009467,U031,2026-05-24T22:16:39.442249,8.48,-25.35999,-49.25809,DEV0493,U219,0
T009468,U127,2026-05-23T19:30:26.777957,93.93,-23.56904,-46.64476,DEV0776,M021,0
T009469,U169,2026-05-24T08:22:32.180722,2.79,-19.90824,-43.89634,DEV0727,M086,0
T009470,U345,2026-05-24T02:04:18.825783,136.39,-23.57141,-46.61196,DEV0411,M070,0
T009471,U407,2026-05-23T09:10:12.009449,144.33,-23.60847,-46.62836,DEV0151,U477,0
T009472,U079,2026-05-23T16:41:24.652116,265.27,-19.92425,-43.89286,DEV0346,M033,0
T009473,U382,2026-05-24T07:46:38.028380,136.75,-25.47225,-49.23885,DEV0630,M035,0
T009474,U338,2026-05-23T21:24:32.257440,738.7,-23.59253,-46.61736,DEV0145,M020,0
T009475,U173,2026-05-23T23:09:15.047477,10.79,-20.01165,-43.912,DEV0413,M089,0
T009476,U374,2026-05-23T08:25:55.704690,196.77,-19.87711,-44.0628,DEV0386,M013,0
T009477,U261,2026-05-23T16:54:07.342633,41.17,-23.55917,-46.64756,DEV0330,M062,0
T009478,U433,2026-05-23T17:28:58.968454,7.29,-15.73813,-47.90604,DEV0576,M075,0
T009479,U193,2026-05-24T08:32:23.691346,527.54,-19.87313,-43.94457,DEV0658,M062,0
T009480,U297,2026-05-24T12:52:00.406879,47.48,-23.56171,-46.62014,DEV0748,M038,0
T009481,U321,2026-05-24T08:16:32.097763,7.07,-22.93807,-43.18295,DEV0596,M066,0
T009482,U203,2026-05-23T14:28:16.188452,5.52,-19.93889,-43.90205,DEV0445,M036,0
T009483,U282,2026-05-24T11:14:41.905271,338.88,-29.94581,-51.18872,DEV0056,U240,0
T009484,U178,2026-05-24T20:40:56.535105,141.03,-15.75598,-47.89946,DEV0736,M059,0
T009485,U293,2026-05-23T21:10:51.641958,81.59,-23.61277,-46.57617,DEV0525,M091,0
T009486,U492,2026-05-24T05:34:03.941378,19.23,-25.45036,-49.25524,DEV0772,M014,0
T009487,U122,2026-05-23T22:11:25.292224,377.6,-23.46734,-46.68735,DEV0104,M039,0
T009488,U201,2026-05-24T13:47:45.646055,4173.01,-30.07493,-51.18009,DEV0327,M034,0
T009489,U092,2026-05-23T18:01:31.587107,5000.0,-25.34531,-49.22549,DEV0587,U416,1
T009490,U416,2026-05-23T18:01:41.587107,4950.0,-23.5505,-46.6333,DEV0714,U155,1
T009491,U155,2026-05-23T18:01:51.587107,4900.0,-30.0346,-51.2177,DEV0612,U092,1
T009492,U332,2026-05-23T21:17:28.274642,191.62,-13.02995,-38.50148,DEV0379,M036,0
T009493,U137,2026-05-24T19:41:39.963305,78.17,-13.01246,-38.47048,DEV0350,M052,0
T009494,U201,2026-05-24T15:38:01.857232,501.72,-29.9043,-51.22386,DEV0327,M013,0
T009495,U061,2026-05-25T01:14:53.789749,14.71,-23.55417,-46.53788,DEV0234,M033,0
T009496,U498,2026-05-23T20:30:05.675382,521.5,-30.17711,-51.21269,DEV0727,M041,0
T009497,U400,2026-05-24T04:59:38.160438,91.47,-15.80684,-47.96439,DEV0761,M055,0
T009498,U394,2026-05-23T12:26:52.111343,167.89,-22.95965,-43.18182,DEV0458,M029,0
T009499,U108,2026-05-24T01:05:25.669220,68.46,-19.96129,-43.91314,DEV0073,M078,1
T009500,U301,2026-05-23T16:51:32.969121,18.1,-12.93334,-38.49301,DEV0662,M055,0
T009501,U022,2026-05-24T07:15:06.093613,125.99,-25.5611,-49.23552,DEV0562,M073,0
T009502,U106,2026-05-24T16:55:12.993363,138.97,-15.79829,-47.88612,DEV0609,M067,0
T009503,U486,2026-05-23T00:20:37.517972,22.19,-15.86818,-47.94867,DEV0585,M061,0
T009504,U377,2026-05-25T10:35:07.107407,29.51,-23.48591,-46.73805,DEV0180,M084,0
T009505,U125,2026-05-23T23:43:35.213350,584.66,-19.90962,-43.94328,DEV0408,M046,0
T009506,U255,2026-05-23T14:27:10.154364,90.56,-22.9079,-43.05365,DEV0306,M087,0
T009507,U201,2026-05-24T18:15:33.281232,545.02,-30.05673,-51.28307,DEV0327,M041,0
T009508,U219,2026-05-24T01:45:48.037315,3380.64,-19.94034,-43.88595,DEV0656,M047,1
T009509,U339,2026-05-23T22:04:03.885034,140.48,-30.03953,-51.28297,DEV0616,U118,0
T009510,U367,2026-05-24T15:37:55.214971,14.68,-15.74823,-47.89221,DEV0420,M041,0
T009511,U411,2026-05-24T19:58:15.677548,188.39,-22.93813,-43.11152,DEV0707,M001,0
T009512,U240,2026-05-24T01:58:17.144783,260.95,-12.98958,-38.54089,DEV0023,M058,0
T009513,U041,2026-05-24T16:06:37.843638,116.27,-19.95134,-43.89667,DEV0547,U380,1
T009514,U098,2026-05-24T10:40:41.595728,3.68,-25.40959,-49.36321,DEV0161,M025,0
T009515,U268,2026-05-23T12:29:19.400014,1258.14,-23.56388,-46.5764,DEV0195,U053,0
T009516,U394,2026-05-23T13:52:00.060713,229.91,-22.8807,-43.14615,DEV0458,M086,0
T009517,U177,2026-05-25T01:23:58.784036,148.15,-25.39922,-49.29111,DEV0096,U029,0
T009518,U089,2026-05-24T01:03:03.203740,31.36,-30.07031,-51.19795,DEV0009,U077,0
T009519,U406,2026-05-24T19:22:17.427708,177.67,-30.05429,-51.17402,DEV0007,M031,0
T009520,U119,2026-05-25T00:38:55.034088,15.81,-15.76793,-47.87771,DEV0792,M090,0
T009521,U410,2026-05-25T05:04:16.227640,3.16,-13.01163,-38.48,DEV0523,M011,0
T009522,U448,2026-05-24T10:23:49.313888,36.26,-30.02576,-51.26821,DEV0131,U359,0
T009523,U387,2026-05-24T07:25:58.787826,77.93,-12.95788,-38.41098,DEV0767,M062,1
T009524,U101,2026-05-24T15:38:55.490929,78810.53,-23.55644,-46.60211,DEV0688,M014,1
T009525,U129,2026-05-25T02:39:36.373026,26.92,-22.90474,-43.09951,DEV0800,U259,0
T009526,U193,2026-05-24T09:12:14.191346,771.73,-19.9194,-43.95775,DEV0658,M015,0
T009527,U009,2026-05-23T13:48:51.857295,188.61,-15.80089,-47.95829,DEV0253,U145,0
T009528,U268,2026-05-23T14:03:43.117859,28.43,-23.57136,-46.60473,DEV0195,M027,0
T009529,U187,2026-05-24T14:12:33.594387,37.94,-12.96023,-38.46357,DEV0069,M064,0
T009530,U295,2026-05-24T08:47:25.355495,20.73,-12.91258,-38.39518,DEV0146,M080,0
T009531,U047,2026-05-23T18:39:54.971038,8.19,-23.60946,-46.70073,DEV0564,U078,0
T009532,U013,2026-05-23T19:07:16.618515,64.55,-15.80455,-47.95822,DEV0563,M088,0
T009533,U142,2026-05-23T13:33:31.329175,502.62,-12.91728,-38.43036,DEV0474,M095,0
T009534,U177,2026-05-25T02:19:56.405976,225.11,-25.43415,-49.27475,DEV0096,M021,0
T009535,U313,2026-05-24T07:30:37.646123,261.52,-15.80141,-47.96793,DEV0410,U058,0
T009536,U301,2026-05-23T19:15:12.304921,74.06,-12.9948,-38.51352,DEV0662,M021,0
T009537,U418,2026-05-24T03:33:11.601626,120.62,-23.61453,-46.66427,DEV0115,M094,0
T009538,U008,2026-05-23T01:54:46.257154,3610.48,-13.03481,-38.54002,DEV0161,M094,1
T009539,U126,2026-05-23T13:13:05.170911,241.19,-22.96371,-43.19484,DEV0036,M023,0
T009540,U203,2026-05-23T17:27:26.054206,8.9,-19.8552,-43.8941,DEV0445,U157,0
T009541,U316,2026-05-24T05:13:44.247868,34.9,-22.9686,-43.13275,DEV0654,U271,0
T009542,U441,2026-05-23T23:00:27.609291,29.58,-23.50356,-46.71173,DEV0762,U182,0
T009543,U105,2026-05-24T16:49:24.899249,144.71,-19.92283,-43.98184,DEV0027,U022,0
T009544,U334,2026-05-24T11:35:37.598282,20.26,-22.95233,-43.15994,DEV0089,M045,0
T009545,U154,2026-05-23T21:33:07.296827,174.29,-22.88472,-43.16734,DEV0474,M049,0
T009546,U373,2026-05-23T23:29:57.247316,16.39,-30.0309,-51.16885,DEV0244,M085,0
T009547,U381,2026-05-24T01:06:55.578729,17.9,-23.49662,-46.61168,DEV0084,M033,0
T009548,U176,2026-05-25T09:33:12.889138,228.61,-19.91971,-43.95319,DEV0689,U062,0
T009549,U127,2026-05-24T02:49:22.994952,203.8,-25.4284,-49.2733,DEV0776,M036,1
T009550,U338,2026-05-23T22:03:13.153004,831.9,-23.52287,-46.70414,DEV0145,M043,0
T009551,U264,2026-05-24T07:17:40.121266,87.77,-19.92324,-43.99204,DEV0043,M075,0
T009552,U247,2026-05-24T07:20:36.671456,214.08,-22.93745,-43.24172,DEV0250,M096,0
T009553,U044,2026-05-24T08:02:06.294972,28.78,-15.87297,-47.88876,DEV0795,M002,0
T009554,U155,2026-05-23T20:14:00.878492,1.57,-30.07477,-51.17806,DEV0612,U322,0
T009555,U428,2026-05-24T06:17:09.738386,22.69,-12.91811,-38.53803,DEV0342,M028,0
T009556,U106,2026-05-24T17:58:12.496739,20.37,-15.7341,-47.97697,DEV0609,M057,0
T009557,U262,2026-05-24T06:46:05.076786,58.3,-25.43275,-49.29677,DEV0069,M019,0
T009558,U177,2026-05-25T05:17:21.834674,28.73,-25.38476,-49.25924,DEV0096,M021,0
T009559,U437,2026-05-24T15:09:27.746622,120.31,-19.9913,-43.95823,DEV0512,M049,0
T009560,U169,2026-05-24T12:10:02.295209,34.39,-19.90764,-43.93559,DEV0727,U324,0
T009561,U107,2026-05-24T15:46:21.996596,31.78,-23.48179,-46.6788,DEV0453,M001,0
T009562,U246,2026-05-24T21:38:39.693603,6.67,-25.43581,-49.24139,DEV0095,U496,0
T009563,U462,2026-05-24T15:15:47.648338,5000.0,-12.91174,-38.42076,DEV0519,U221,1
T009564,U221,2026-05-24T15:15:57.648338,4950.0,-15.7801,-47.9292,DEV0408,U430,1
T009565,U430,2026-05-24T15:16:07.648338,4900.0,-22.9068,-43.1729,DEV0268,U462,1
T009566,U086,2026-05-24T23:11:07.114697,82.37,-23.55412,-46.66274,DEV0572,M079,0
T009567,U487,2026-05-24T02:28:13.688177,33.16,-23.50691,-46.6173,DEV0344,U111,0
T009568,U105,2026-05-24T16:53:07.227780,592.47,-19.91982,-43.98244,DEV0027,M064,0
T009569,U346,2026-05-23T14:19:32.024786,11.45,-15.78095,-47.87128,DEV0196,M098,0
T009570,U144,2026-05-23T20:35:29.795060,13.8,-12.93501,-38.52146,DEV0641,M031,0
T009571,U220,2026-05-24T20:18:27.039876,1093.69,-19.90342,-43.95599,DEV0012,M001,0
T009572,U047,2026-05-23T19:59:52.397514,233.95,-23.57106,-46.5783,DEV0564,U468,0
T009573,U371,2026-05-23T15:36:44.563883,8.96,-23.62667,-46.6796,DEV0202,U112,0
T009574,U458,2026-05-24T05:30:09.161459,4.26,-12.95198,-38.5229,DEV0538,U438,0
T009575,U235,2026-05-24T01:57:34.603423,240.12,-19.88144,-43.90877,DEV0795,M055,0
T009576,U092,2026-05-23T19:19:21.623958,198.26,-25.47755,-49.29515,DEV0587,M038,0
T009577,U180,2026-05-24T23:55:33.141681,886.3,-23.58004,-46.61392,DEV0798,M005,0
T009578,U122,2026-05-24T07:55:35.514881,275.04,-23.54035,-46.65773,DEV0104,U341,0
T009579,U218,2026-05-24T13:10:47.565394,34.35,-23.56248,-46.71509,DEV0373,M060,0
T009580,U407,2026-05-23T10:03:41.493162,82.41,-23.49859,-46.68411,DEV0151,M094,0
T009581,U127,2026-05-24T03:54:02.176243,128.42,-23.49702,-46.58737,DEV0776,U388,0
T009582,U468,2026-05-23T17:01:58.327165,365.59,-22.88276,-43.16628,DEV0131,M083,0
T009583,U180,2026-05-25T03:09:45.271701,123.22,-23.55467,-46.66306,DEV0798,M067,0
T009584,U162,2026-05-24T22:48:51.814401,102.56,-19.93716,-43.98878,DEV0664,U368,0
T009585,U440,2026-05-24T05:09:55.228699,4326.45,-15.73714,-47.85115,DEV0406,M020,1
T009586,U240,2026-05-24T02:16:48.918200,115.56,-12.92383,-38.51153,DEV0023,U345,0
T009587,U489,2026-05-24T00:50:51.675892,1133.31,-25.42605,-49.30542,DEV0710,M100,0
T009588,U371,2026-05-23T17:40:29.734878,137.96,-23.51612,-46.72552,DEV0202,M081,0
T009589,U375,2026-05-24T16:39:03.812986,41.63,-19.89807,-43.89714,DEV0418,M074,0
T009590,U079,2026-05-23T17:16:02.964760,76.47,-19.90944,-43.91315,DEV0346,U309,0
T009591,U435,2026-05-23T06:18:13.337552,93.66,-12.97271,-38.59689,DEV0292,M012,0
T009592,U149,2026-05-23T04:56:36.128997,144.04,-30.11559,-51.29147,DEV0076,U421,0
T009593,U335,2026-05-24T18:08:28.414538,12.99,-30.01007,-51.2769,DEV0616,M088,0
T009594,U203,2026-05-23T18:00:57.693989,215.15,-19.86195,-43.89499,DEV0445,M073,0
T009595,U020,2026-05-24T06:33:32.861248,65.37,-30.05862,-51.14836,DEV0428,M022,0
T009596,U180,2026-05-25T06:07:12.620925,950.22,-23.5602,-46.7521,DEV0798,M045,0
T009597,U332,2026-05-24T02:35:45.343697,98.93,-12.97832,-38.55529,DEV0379,U404,0
T009598,U202,2026-05-23T19:00:52.737993,125.84,-25.41645,-49.29768,DEV0070,M083,0
T009599,U143,2026-05-23T08:26:16.899648,148.4,-30.00529,-51.25082,DEV0127,M078,0
T009600,U181,2026-05-24T00:49:15.769118,123.32,-15.80205,-47.88942,DEV0596,M077,0
T009601,U268,2026-05-23T14:31:04.340196,89.76,-23.6351,-46.65715,DEV0195,M091,0
T009602,U339,2026-05-24T02:42:14.083559,192.47,-30.05134,-51.24642,DEV0616,M049,0
T009603,U040,2026-05-24T15:28:49.254841,626.11,-19.92277,-44.03845,DEV0684,M065,0
T009604,U358,2026-05-24T08:20:15.190602,38.32,-25.42078,-49.27508,DEV0218,M007,0
T009605,U327,2026-05-24T03:57:17.136111,33.7,-22.96979,-43.14,DEV0588,M096,0
T009606,U021,2026-05-24T15:27:14.441241,266.17,-29.95682,-51.15045,DEV0035,M073,0
T009607,U118,2026-05-23T22:04:49.768676,103.23,-15.82014,-47.8543,DEV0570,M061,0
T009608,U030,2026-05-24T12:45:04.888253,51.59,-22.98944,-43.17312,DEV0217,M036,0
T009609,U421,2026-05-24T05:06:42.363772,85470.16,-15.75363,-47.98629,DEV0235,M031,1
T009610,U174,2026-05-24T02:27:18.246685,375.8,-23.58691,-46.6369,DEV0277,M011,0
T009611,U436,2026-05-24T11:07:12.135172,323.55,-12.95171,-38.53265,DEV0149,U179,0
T009612,U379,2026-05-24T14:54:07.685661,1.18,-19.94001,-43.86695,DEV0662,U294,0
T009613,U337,2026-05-23T18:22:25.458813,93.97,-29.97974,-51.20751,DEV0575,M031,0
T009614,U237,2026-05-24T00:19:32.252883,10.2,-30.09379,-51.23988,DEV0385,M044,0
T009615,U108,2026-05-24T03:24:00.650888,16.41,-19.92199,-43.89019,DEV0516,U345,0
T009616,U176,2026-05-25T11:47:10.912499,42.2,-19.95528,-43.86919,DEV0689,M017,0
T009617,U357,2026-05-23T20:53:20.056933,286.83,-30.03486,-51.16617,DEV0346,M045,0
T009618,U378,2026-05-24T04:21:38.768456,138.96,-23.60424,-46.60848,DEV0177,M087,0
T009619,U446,2026-05-23T15:48:54.789534,93.27,-23.48005,-46.61765,DEV0641,M033,0
T009620,U329,2026-05-24T01:03:46.087306,71.2,-25.36931,-49.25037,DEV0349,U358,0
T009621,U186,2026-05-24T20:40:49.522753,105.64,-25.45178,-49.30814,DEV0506,M003,0
T009622,U286,2026-05-24T03:01:00.828677,70.07,-19.97368,-43.92839,DEV0623,M040,0
T009623,U488,2026-05-24T23:24:54.938687,2620.56,-19.96966,-43.89889,DEV0061,U470,1
T009624,U252,2026-05-24T00:47:51.122605,238.71,-30.0431,-51.20592,DEV0207,M079,0
T009625,U467,2026-05-23T21:01:45.633839,3.76,-19.99878,-44.00483,DEV0620,M044,0
T009626,U433,2026-05-23T22:32:16.247100,125.14,-15.78329,-47.8444,DEV0576,M073,0
T009627,U418,2026-05-24T04:29:45.000870,139.36,-23.58864,-46.57608,DEV0115,U206,0
T009628,U444,2026-05-23T09:44:53.136254,178.96,-22.88867,-43.17398,DEV0201,M063,0
T009629,U178,2026-05-24T22:11:06.822456,2.43,-15.80015,-47.93101,DEV0736,M019,0
T009630,U436,2026-05-24T19:44:47.178971,507.39,-13.06703,-38.51956,DEV0149,M023,0
T009631,U353,2026-05-23T14:31:19.253975,106.0,-30.03096,-51.21404,DEV0627,U378,0
T009632,U371,2026-05-23T20:49:24.871255,496.21,-23.50337,-46.63348,DEV0202,U173,0
T009633,U496,2026-05-24T07:34:42.555994,1313.88,-23.60959,-46.6399,DEV0753,M077,0
T009634,U044,2026-05-24T14:53:51.156150,21.52,-15.77391,-47.82999,DEV0795,M071,0
T009635,U221,2026-05-24T18:40:38.283299,137.84,-15.73482,-47.88858,DEV0408,U451,0
T009636,U138,2026-05-24T09:59:00.125616,520.66,-30.17287,-51.19555,DEV0656,M100,0
T009637,U388,2026-05-24T01:49:43.447844,110.92,-15.84612,-47.98174,DEV0144,M042,0
T009638,U136,2026-05-25T01:44:58.151077,24.47,-13.03792,-38.38241,DEV0103,M069,0
T009639,U035,2026-05-23T18:53:20.343190,299.4,-19.94043,-43.84988,DEV0419,M096,0
T009640,U448,2026-05-24T12:53:55.344975,31.61,-30.0732,-51.07653,DEV0131,M100,0
T009641,U478,2026-05-24T00:36:29.078650,18.51,-13.01407,-38.49293,DEV0477,U382,0
T009642,U236,2026-05-24T21:13:14.826185,10.98,-23.56573,-46.60991,DEV0610,U318,0
T009643,U328,2026-05-24T22:13:16.515239,254.69,-23.54487,-46.69394,DEV0296,M032,0
T009644,U222,2026-05-23T21:18:57.450145,13.51,-22.89885,-43.2282,DEV0348,M049,0
T009645,U201,2026-05-25T01:10:28.303635,582.33,-30.08864,-51.1631,DEV0327,M086,0
T009646,U197,2026-05-23T22:11:40.837144,95.95,-23.66002,-46.64083,DEV0795,U238,0
T009647,U183,2026-05-24T11:10:27.461315,8.83,-23.59428,-46.61185,DEV0612,M043,0
T009648,U082,2026-05-23T23:11:36.619221,202.51,-30.10156,-51.24514,DEV0338,M026,0
T009649,U041,2026-05-24T19:34:28.831558,57782.65,-19.92498,-43.94168,DEV0547,M058,1
T009650,U286,2026-05-24T04:57:07.619893,474.46,-19.96185,-43.93877,DEV0623,M097,0
T009651,U209,2026-05-23T21:53:59.231838,450.5,-19.92799,-43.94698,DEV0348,U010,0
T009652,U172,2026-05-23T19:40:49.425489,98.97,-22.9221,-43.13325,DEV0501,M091,0
T009653,U229,2026-05-24T10:21:48.808922,19.47,-13.02101,-38.56787,DEV0450,M070,0
T009654,U104,2026-05-24T05:43:08.419557,1715.29,-12.9671,-38.48632,DEV0563,M017,0
T009655,U030,2026-05-24T13:35:34.761448,7.71,-22.95819,-43.23012,DEV0217,U024,0
T009656,U132,2026-05-23T19:08:19.630889,28.63,-22.93019,-43.08879,DEV0570,M016,0
T009657,U107,2026-05-24T20:32:09.596079,8.35,-23.50777,-46.65649,DEV0453,M062,0
T009658,U490,2026-05-24T02:10:27.172933,253.55,-30.04812,-51.1502,DEV0302,U349,0
T009659,U037,2026-05-23T19:01:56.381104,73.76,-23.51406,-46.57009,DEV0028,M037,0
T009660,U068,2026-05-24T22:29:48.957995,2.06,-25.45849,-49.29679,DEV0566,M096,0
T009661,U339,2026-05-24T04:50:28.762972,13.37,-30.10062,-51.21752,DEV0616,M013,0
T009662,U365,2026-05-25T08:08:27.054308,12.36,-23.50126,-46.73834,DEV0726,M009,0
T009663,U013,2026-05-23T21:09:42.953933,67.3,-15.80291,-47.88687,DEV0563,M014,0
T009664,U261,2026-05-23T19:39:35.547463,49.74,-23.55271,-46.55896,DEV0330,M096,0
T009665,U092,2026-05-23T19:25:42.951758,145.01,-25.44689,-49.30225,DEV0587,U282,1
T009666,U083,2026-05-25T17:40:47.997203,42.67,-19.90298,-43.96941,DEV0473,M099,0
T009667,U375,2026-05-24T17:06:50.832457,29.09,-19.97825,-43.94513,DEV0418,M012,0
T009668,U028,2026-05-24T16:12:36.750062,145.08,-25.39923,-49.28254,DEV0702,M016,0
T009669,U220,2026-05-24T21:49:58.912484,927.93,-19.99204,-44.00126,DEV0012,U077,0
T009670,U236,2026-05-24T21:23:52.412059,16.78,-23.55388,-46.59902,DEV0610,M085,0
T009671,U500,2026-05-23T09:27:53.015013,1.02,-13.10638,-38.49791,DEV0490,M061,0
T009672,U283,2026-05-24T07:30:13.198263,24.1,-23.00988,-43.19985,DEV0028,M100,0
T009673,U385,2026-05-24T19:09:48.565915,196.61,-15.71005,-47.99537,DEV0215,M013,0
T009674,U473,2026-05-23T16:17:43.215574,788.85,-12.96083,-38.42115,DEV0426,M072,0
T009675,U451,2026-05-24T00:18:35.555002,552.12,-25.442,-49.35556,DEV0017,M093,0
T009676,U494,2026-05-24T13:52:16.995910,40.21,-19.91179,-43.87919,DEV0493,U302,0
T009677,U079,2026-05-23T17:43:24.104119,53.21,-19.89343,-43.99061,DEV0346,M038,0
T009678,U100,2026-05-23T13:19:54.633798,382.79,-30.01406,-51.19663,DEV0195,U158,0
T009679,U178,2026-05-24T23:18:01.211859,316.85,-15.7605,-47.94875,DEV0736,U022,0
T009680,U265,2026-05-24T00:11:41.958529,44.79,-19.93089,-43.97621,DEV0111,M003,0
T009681,U043,2026-05-24T00:01:01.946944,37.86,-12.96885,-38.46549,DEV0218,U358,0
T009682,U179,2026-05-24T12:00:13.877585,162.2,-23.53747,-46.69786,DEV0695,M047,0
T009683,U162,2026-05-24T23:10:42.590462,64.88,-19.95305,-43.90912,DEV0664,M081,0
T009684,U269,2026-05-24T11:56:17.547991,516.16,-19.81487,-43.95934,DEV0093,U239,0
T009685,U426,2026-05-24T09:01:32.352397,130.49,-23.01536,-43.22477,DEV0017,M003,0
T009686,U141,2026-05-25T00:04:21.941604,5.24,-25.37158,-49.23064,DEV0058,U033,0
T009687,U098,2026-05-24T11:49:54.978530,9.93,-25.4584,-49.30696,DEV0161,U138,0
T009688,U204,2026-05-24T18:55:49.730799,25.87,-29.89012,-51.23219,DEV0091,U129,0
T009689,U200,2026-05-24T02:41:03.623095,150.03,-23.58289,-46.71277,DEV0342,U490,0
T009690,U265,2026-05-24T00:14:57.544393,28.62,-19.91869,-43.94919,DEV0111,U275,0
T009691,U283,2026-05-24T08:28:11.843540,36.56,-22.87916,-43.15007,DEV0028,M030,0
T009692,U303,2026-05-24T00:46:14.075830,30.71,-15.76875,-47.93054,DEV0446,M089,0
T009693,U144,2026-05-23T21:50:50.716330,27.94,-12.9938,-38.4853,DEV0641,M031,0
T009694,U241,2026-05-24T01:28:48.729848,219.76,-13.01831,-38.48061,DEV0714,U209,0
T009695,U081,2026-05-24T11:09:50.669131,532.01,-25.38163,-49.23205,DEV0489,M077,0
T009696,U035,2026-05-23T20:03:20.081108,119.95,-19.96607,-43.9035,DEV0419,U387,0
T009697,U309,2026-05-23T22:58:38.514714,10.4,-15.8336,-47.92872,DEV0606,M094,0
T009698,U179,2026-05-24T13:43:49.492196,57.68,-23.46957,-46.70087,DEV0695,M039,0
T009699,U249,2026-05-24T04:15:30.805036,356.8,-25.44703,-49.276,DEV0054,U324,0
T009700,U497,2026-05-24T12:37:55.290411,70.22,-15.79735,-47.92267,DEV0517,M089,0
T009701,U415,2026-05-23T23:45:41.627686,99.86,-25.3933,-49.22748,DEV0506,M027,0
T009702,U370,2026-05-24T04:25:16.672739,8.51,-13.08815,-38.41826,DEV0431,U148,0
T009703,U475,2026-05-24T06:19:32.400370,22.29,-22.99024,-43.20718,DEV0414,M087,0
T009704,U323,2026-05-24T14:37:16.723140,92340.55,-19.82941,-43.9252,DEV0550,U471,1
T009705,U282,2026-05-24T13:15:01.228244,79.04,-29.94811,-51.21166,DEV0056,M073,0
T009706,U110,2026-05-24T16:32:39.350599,1902.67,-25.42838,-49.3037,DEV0158,U237,0
T009707,U465,2026-05-24T04:37:22.843097,1154.43,-22.8892,-43.22179,DEV0443,U101,0
T009708,U220,2026-05-24T22:06:13.185822,1620.21,-19.87829,-43.95578,DEV0012,M098,0
T009709,U379,2026-05-24T18:42:37.545998,13.88,-19.85735,-43.94026,DEV0662,M078,0
T009710,U061,2026-05-25T03:46:48.450630,1.66,-23.57035,-46.57834,DEV0234,U203,0
T009711,U170,2026-05-24T00:32:16.735903,33.82,-12.92255,-38.55123,DEV0602,M018,0
T009712,U485,2026-05-24T01:01:48.893693,3.96,-23.56186,-46.64728,DEV0432,M090,0
T009713,U193,2026-05-24T11:20:46.250193,160.4,-19.98337,-43.90006,DEV0658,M059,0
T009714,U450,2026-05-24T09:57:48.410566,300.44,-15.82708,-47.9551,DEV0524,M049,0
T009715,U209,2026-05-23T22:49:51.262324,277.09,-19.93465,-43.95401,DEV0348,U211,0
T009716,U087,2026-05-23T06:43:20.118656,172.01,-23.56562,-46.53374,DEV0304,U079,0
T009717,U064,2026-05-25T06:07:41.596610,950.77,-23.57243,-46.58817,DEV0442,M020,0
T009718,U203,2026-05-23T19:03:36.747243,59.54,-19.86629,-43.98848,DEV0445,M039,0
T009719,U478,2026-05-24T05:12:11.355825,28.01,-12.95474,-38.5452,DEV0477,M097,0
T009720,U087,2026-05-23T08:04:05.602771,57.58,-23.61639,-46.63089,DEV0304,M070,0
T009721,U496,2026-05-24T08:36:51.533073,129.55,-23.50423,-46.62452,DEV0753,M086,0
T009722,U293,2026-05-23T21:18:39.114398,330.48,-23.49586,-46.57628,DEV0525,M068,0
T009723,U425,2026-05-25T00:09:53.129193,45.63,-22.86856,-43.14708,DEV0356,M039,0
T009724,U065,2026-05-23T20:31:15.115316,30.53,-15.81312,-48.03561,DEV0386,M065,0
T009725,U006,2026-05-24T05:50:20.321859,85.03,-12.9429,-38.51146,DEV0770,M052,0
T009726,U054,2026-05-24T05:22:03.478036,143.27,-25.46176,-49.22453,DEV0556,M063,0
T009727,U190,2026-05-24T10:59:22.341588,35.67,-13.00141,-38.48651,DEV0693,U239,0
T009728,U062,2026-05-24T04:03:33.714187,43.58,-29.96415,-51.23254,DEV0374,U261,0
T009729,U030,2026-05-24T14:51:11.252808,21.15,-22.91041,-43.0682,DEV0217,M039,0
T009730,U155,2026-05-23T20:43:49.630625,19.85,-30.09109,-51.15462,DEV0612,M029,0
T009731,U095,2026-05-24T09:40:01.993347,194.91,-23.47945,-46.73177,DEV0099,M030,0
T009732,U189,2026-05-25T06:47:52.894930,287.78,-30.00564,-51.19731,DEV0144,M032,0
T009733,U100,2026-05-23T14:29:34.907500,503.01,-30.05605,-51.20822,DEV0195,M037,0
T009734,U012,2026-05-25T02:51:37.427013,7.66,-30.04341,-51.25743,DEV0190,M083,0
T009735,U343,2026-05-24T11:45:00.420309,107.81,-23.55302,-46.63629,DEV0478,M094,0
T009736,U358,2026-05-24T09:09:42.813641,157.11,-25.45249,-49.32805,DEV0218,U131,0
T009737,U481,2026-05-24T00:28:59.283366,18.23,-15.84991,-47.9303,DEV0359,M076,0
T009738,U236,2026-05-24T21:40:18.486816,3.61,-23.54021,-46.6197,DEV0610,M047,0
T009739,U220,2026-05-25T01:15:42.351927,89028.87,-19.94671,-43.95597,DEV0012,U234,1
T009740,U085,2026-05-24T00:00:32.811302,348.04,-25.34588,-49.38877,DEV0144,M058,0
T009741,U245,2026-05-24T21:36:58.310014,196.75,-23.50236,-46.67213,DEV0488,M060,0
T009742,U254,2026-05-24T06:51:38.280923,99583.3,-30.04845,-51.06849,DEV0422,M051,1
T009743,U278,2026-05-24T09:27:58.912514,94674.45,-15.74273,-47.9244,DEV0107,M088,1
T009744,U089,2026-05-24T04:45:24.327790,1.54,-30.00335,-51.16789,DEV0009,M036,0
T009745,U477,2026-05-25T00:02:14.599530,8.59,-19.84863,-43.88651,DEV0039,U022,0
T009746,U415,2026-05-24T00:54:35.985520,530.59,-25.47346,-49.33223,DEV0506,M066,0
T009747,U457,2026-05-23T12:03:56.471122,690.72,-30.04916,-51.2484,DEV0571,U222,0
T009748,U254,2026-05-24T09:02:38.996834,355.2,-30.0312,-51.22709,DEV0422,M089,0
T009749,U278,2026-05-24T14:12:50.030036,849.08,-15.78976,-47.92711,DEV0107,U071,0
T009750,U414,2026-05-23T23:50:59.730416,60.28,-22.91474,-43.17748,DEV0053,U275,0
T009751,U288,2026-05-24T03:40:02.557319,148.33,-22.87048,-43.23227,DEV0506,M046,0
T009752,U456,2026-05-25T12:42:36.891847,40.33,-23.56148,-46.55978,DEV0466,U458,0
T009753,U064,2026-05-25T06:56:23.533395,59.56,-23.52094,-46.60605,DEV0442,M013,0
T009754,U308,2026-05-25T04:27:31.210576,7.51,-19.944,-43.90016,DEV0004,M054,0
T009755,U331,2026-05-23T08:53:37.390831,83.85,-15.72868,-47.97114,DEV0291,M079,0
T009756,U090,2026-05-23T21:05:28.478279,157.58,-19.92439,-43.87536,DEV0208,M052,0
T009757,U232,2026-05-24T09:58:19.107936,2.36,-15.80261,-47.82516,DEV0065,U337,0
T009758,U387,2026-05-24T07:44:27.125763,14.97,-13.01375,-38.46968,DEV0305,M010,0
T009759,U128,2026-05-24T15:46:34.371510,71.0,-15.77345,-47.98333,DEV0007,M055,1
T009760,U207,2026-05-23T14:44:14.620733,471.03,-15.80627,-47.94377,DEV0058,U190,0
T009761,U436,2026-05-24T19:53:11.416463,463.75,-12.90915,-38.46508,DEV0149,U225,0
T009762,U346,2026-05-23T15:18:23.595097,47.73,-15.83107,-47.98581,DEV0196,M003,0
T009763,U465,2026-05-24T05:20:41.541062,53.92,-22.9106,-43.13172,DEV0443,U066,0
T009764,U164,2026-05-24T00:39:46.719035,4.44,-12.98177,-38.5066,DEV0691,M046,0
T009765,U465,2026-05-24T07:17:24.453089,223.17,-25.4284,-49.2733,DEV0443,M009,1
T009766,U448,2026-05-24T13:26:13.805489,35.63,-30.0607,-51.14161,DEV0131,M020,0
T009767,U370,2026-05-24T12:11:23.943155,84532.1,-12.92191,-38.51847,DEV0431,M031,1
T009768,U215,2026-05-23T09:49:35.510900,187.04,-25.37291,-49.34525,DEV0227,U076,0
T009769,U207,2026-05-23T18:27:32.987776,28.63,-25.4284,-49.2733,DEV0058,M001,1
T009770,U040,2026-05-24T16:37:19.968458,44.98,-19.8346,-43.89327,DEV0684,M010,0
T009771,U445,2026-05-24T05:45:11.686080,31.58,-12.99931,-38.46109,DEV0073,U353,0
T009772,U441,2026-05-24T00:27:08.569554,28.97,-23.66065,-46.70688,DEV0762,U279,0
T009773,U086,2026-05-25T00:31:52.855122,83860.49,-23.50554,-46.69454,DEV0572,M015,1
T009774,U417,2026-05-24T14:52:51.445773,100.83,-19.96138,-43.94128,DEV0727,U488,0
T009775,U028,2026-05-24T17:36:08.246081,20.53,-25.53435,-49.34689,DEV0702,U488,0
T009776,U449,2026-05-24T03:27:09.446675,2113.69,-25.41283,-49.20265,DEV0172,U080,0
T009777,U414,2026-05-24T01:28:57.514803,11.21,-22.90323,-43.17965,DEV0053,M093,0
T009778,U413,2026-05-24T07:10:45.458399,10.89,-15.75075,-47.94815,DEV0256,M078,0
T009779,U283,2026-05-24T10:47:48.227152,156.9,-22.94456,-43.20867,DEV0028,M036,0
T009780,U024,2026-05-24T05:16:41.023044,53.31,-25.35055,-49.15557,DEV0477,M044,0
T009781,U238,2026-05-23T23:21:25.463816,77.66,-29.96846,-51.13595,DEV0518,M095,0
T009782,U065,2026-05-23T23:40:58.257564,185.99,-15.82961,-47.88123,DEV0386,U134,0
T009783,U029,2026-05-25T11:14:24.578693,255.28,-12.99311,-38.59875,DEV0338,M055,0
T009784,U142,2026-05-23T14:27:54.075153,115.45,-13.03595,-38.4286,DEV0474,M013,0
T009785,U353,2026-05-23T14:53:32.226638,606.37,-30.0438,-51.25223,DEV0627,M099,0
T009786,U344,2026-05-23T10:25:32.054784,74.77,-25.44238,-49.26348,DEV0157,M025,0
T009787,U483,2026-05-24T08:04:41.904377,104.0,-15.73898,-47.90845,DEV0376,M093,0
T009788,U342,2026-05-24T12:42:27.316207,434.92,-25.44412,-49.34739,DEV0015,U036,0
T009789,U262,2026-05-24T06:55:19.397047,175.12,-25.43122,-49.21052,DEV0069,U273,0
T009790,U438,2026-05-23T13:42:59.422580,172.54,-19.87977,-43.95412,DEV0744,M026,0
T009791,U402,2026-05-23T08:31:02.333880,2.72,-19.9173,-43.9345,DEV0264,U479,1
T009792,U025,2026-05-23T20:39:03.829648,590.42,-22.90233,-43.22632,DEV0556,U012,0
T009793,U133,2026-05-23T23:45:29.003192,5000.0,-25.37914,-49.36645,DEV0682,U238,1
T009794,U238,2026-05-23T23:45:39.003192,4950.0,-30.0346,-51.2177,DEV0518,U306,1
T009795,U306,2026-05-23T23:45:49.003192,4900.0,-12.9714,-38.5014,DEV0548,U133,1
T009796,U111,2026-05-24T04:20:40.669521,206.19,-13.00387,-38.51418,DEV0518,U430,0
T009797,U156,2026-05-24T19:46:32.222711,109.22,-15.74145,-47.90244,DEV0357,U308,0
T009798,U230,2026-05-24T04:54:09.709236,41.5,-15.7912,-47.9446,DEV0242,M092,0
T009799,U263,2026-05-24T12:01:31.743401,139.46,-12.96864,-38.55607,DEV0450,M004,0
T009800,U082,2026-05-23T23:24:48.620318,165.31,-30.03226,-51.15259,DEV0338,M062,0
T009801,U342,2026-05-24T12:58:55.921510,79.74,-25.34788,-49.32,DEV0015,U271,0
T009802,U135,2026-05-23T17:42:54.631578,27.74,-13.0541,-38.47994,DEV0572,M041,0
T009803,U061,2026-05-25T04:26:39.343678,10.7,-23.56759,-46.52296,DEV0234,M026,0
T009804,U396,2026-05-24T04:14:06.466372,13.47,-29.93015,-51.17759,DEV0476,M090,0
T009805,U082,2026-05-24T00:33:08.043851,169.74,-29.97246,-51.17584,DEV0338,U462,0
T009806,U056,2026-05-25T00:46:13.897394,4.52,-30.03159,-51.245,DEV0348,M022,0
T009807,U186,2026-05-24T22:28:52.541906,113.97,-25.32526,-49.25022,DEV0506,M090,0
T009808,U268,2026-05-23T14:59:01.370938,85.41,-23.56683,-46.52468,DEV0195,M036,0
T009809,U483,2026-05-24T09:24:56.047289,10.25,-15.77655,-47.90694,DEV0376,M021,0
T009810,U217,2026-05-24T04:05:19.234902,99851.68,-23.62278,-46.64901,DEV0526,U077,1
T009811,U311,2026-05-23T15:06:32.823926,22.64,-30.1107,-51.13275,DEV0715,M025,0
T009812,U107,2026-05-24T20:45:40.295372,21.09,-23.49883,-46.66892,DEV0453,U326,0
T009813,U243,2026-05-24T11:37:07.799859,155.49,-15.7613,-47.97717,DEV0001,M036,0
T009814,U271,2026-05-24T09:39:27.177469,194.14,-13.03524,-38.43299,DEV0005,M036,0
T009815,U241,2026-05-24T02:14:18.331088,344.2,-12.95484,-38.45189,DEV0714,M007,0
T009816,U415,2026-05-24T01:22:59.966212,120.97,-25.47324,-49.27009,DEV0506,U385,0
T009817,U161,2026-05-23T18:00:53.388327,10.3,-30.01972,-51.26797,DEV0258,U229,0
T009818,U467,2026-05-23T22:24:24.341487,7.05,-19.83524,-43.86218,DEV0620,M060,0
T009819,U179,2026-05-24T15:20:36.780827,76.18,-23.46824,-46.65177,DEV0695,M096,0
T009820,U162,2026-05-25T08:51:45.773488,266.78,-19.88138,-43.89528,DEV0664,M032,0
T009821,U058,2026-05-24T05:30:48.171370,95.05,-19.99058,-43.98733,DEV0633,M085,0
T009822,U222,2026-05-23T21:41:03.680122,17.65,-22.91552,-43.07677,DEV0348,M073,0
T009823,U327,2026-05-24T04:02:58.887775,30.62,-22.91671,-43.1679,DEV0588,U094,0
T009824,U179,2026-05-24T19:13:31.910696,319.96,-23.5543,-46.67379,DEV0695,M027,0
T009825,U331,2026-05-23T09:10:33.850180,75.09,-15.78837,-47.8579,DEV0291,M053,0
T009826,U207,2026-05-23T19:14:12.104271,204.96,-15.76506,-47.97223,DEV0058,U437,0
T009827,U150,2026-05-23T19:29:37.635844,1.04,-19.90202,-43.95552,DEV0086,M016,0
T009828,U186,2026-05-24T23:34:39.846081,9.98,-25.40306,-49.23613,DEV0506,U282,0
T009829,U452,2026-05-24T07:29:55.304327,83.17,-30.08234,-51.20166,DEV0497,M039,0
T009830,U460,2026-05-23T20:38:05.913824,120.28,-30.0851,-51.26837,DEV0794,M094,0
T009831,U404,2026-05-24T15:26:50.266671,864.87,-19.85855,-43.86885,DEV0452,M066,0
T009832,U271,2026-05-24T11:16:35.275935,81.39,-12.92115,-38.56038,DEV0005,M010,0
T009833,U203,2026-05-23T19:48:13.143523,243.66,-19.8982,-43.92214,DEV0445,M019,0
T009834,U037,2026-05-23T20:50:05.845179,4.96,-23.60551,-46.60083,DEV0028,M092,0
T009835,U117,2026-05-24T08:50:49.759154,44.8,-22.81088,-43.22859,DEV0793,M095,0
T009836,U203,2026-05-23T21:12:27.622599,28.01,-19.97344,-43.87165,DEV0445,M083,0
T009837,U204,2026-05-24T19:33:20.877621,214.71,-29.99555,-51.28209,DEV0091,M094,0
T009838,U370,2026-05-24T13:49:12.754556,9.13,-12.99107,-38.46532,DEV0431,U326,0
T009839,U300,2026-05-24T14:19:31.692689,243.52,-19.98391,-43.88524,DEV0741,M002,0
T009840,U140,2026-05-24T18:30:24.766581,3.89,-23.57462,-46.66264,DEV0120,U403,0
T009841,U478,2026-05-24T08:22:20.711856,18.83,-13.02579,-38.46561,DEV0477,M056,0
T009842,U066,2026-05-23T21:00:43.251128,4995.77,-12.92834,-38.52485,DEV0625,M047,0
T009843,U079,2026-05-23T19:09:37.784298,196.38,-19.88548,-43.84117,DEV0346,M081,0
T009844,U031,2026-05-25T00:35:12.429863,4.22,-25.48947,-49.25204,DEV0493,M047,0
T009845,U139,2026-05-24T19:29:36.312450,45.23,-25.50173,-49.36821,DEV0106,U018,0
T009846,U227,2026-05-23T02:01:26.710793,41.46,-13.00443,-38.51342,DEV0558,M017,0
T009847,U347,2026-05-23T15:08:07.801764,379.6,-22.80953,-43.13249,DEV0517,M028,0
T009848,U360,2026-05-23T22:19:30.824060,77.55,-30.05339,-51.24753,DEV0616,M086,0
T009849,U181,2026-05-24T01:28:18.608026,19.68,-15.78052,-47.92047,DEV0596,U077,0
T009850,U045,2026-05-24T13:05:46.086152,95.17,-30.10958,-51.20813,DEV0554,U228,0
T009851,U492,2026-05-24T09:39:48.145189,35.6,-25.44459,-49.30173,DEV0772,M005,0
T009852,U127,2026-05-24T04:12:27.018297,113.8,-23.60075,-46.69632,DEV0776,M055,0
T009853,U303,2026-05-24T01:51:09.998811,31.14,-15.91666,-47.83437,DEV0446,M031,0
T009854,U263,2026-05-24T13:14:20.588149,38.3,-12.96416,-38.46989,DEV0450,U393,0
T009855,U335,2026-05-24T23:53:11.703518,116.31,-30.0597,-51.24802,DEV0616,M034,0
T009856,U331,2026-05-23T09:30:31.969153,142.71,-15.7411,-47.91429,DEV0291,M013,0
T009857,U370,2026-05-24T14:48:48.451165,5.43,-12.94923,-38.60497,DEV0431,U382,0
T009858,U401,2026-05-24T00:46:54.909895,503.91,-19.90969,-43.96359,DEV0051,M092,0
T009859,U425,2026-05-25T00:33:18.122322,176.09,-22.9177,-43.17599,DEV0356,U432,0
T009860,U383,2026-05-23T05:49:19.205909,35.15,-30.07798,-51.28059,DEV0701,M049,0
T009861,U111,2026-05-24T07:44:48.038256,55.39,-12.93562,-38.5318,DEV0518,U085,0
T009862,U155,2026-05-23T22:54:07.428936,13.24,-30.00337,-51.25374,DEV0612,M075,0
T009863,U440,2026-05-24T11:21:37.857277,128.09,-15.85186,-47.95942,DEV0406,M040,0
T009864,U488,2026-05-24T10:50:05.901472,30.12,-19.9108,-43.93637,DEV0061,M034,0
T009865,U484,2026-05-23T22:53:52.920191,9.59,-25.46429,-49.25022,DEV0146,U218,0
T009866,U158,2026-05-24T22:30:59.697760,141.07,-22.89547,-43.09429,DEV0180,M027,0
T009867,U085,2026-05-24T00:09:53.277870,981.07,-25.45486,-49.30122,DEV0144,M057,0
T009868,U322,2026-05-24T17:04:35.302494,195.72,-12.99586,-38.54125,DEV0329,M004,0
T009869,U029,2026-05-25T11:31:50.099769,262.54,-12.95852,-38.48412,DEV0338,M081,0
T009870,U291,2026-05-23T13:49:22.731672,27.05,-29.97754,-51.22057,DEV0273,M001,0
T009871,U299,2026-05-24T23:58:51.819836,3443.72,-22.83992,-43.31765,DEV0320,U387,1
T009872,U240,2026-05-24T03:12:00.384986,249.54,-12.96323,-38.49035,DEV0023,U260,0
T009873,U267,2026-05-24T08:29:20.590693,48.17,-25.46466,-49.19238,DEV0360,U273,0
T009874,U190,2026-05-24T12:04:39.165543,17.15,-13.07155,-38.45582,DEV0693,M006,0
T009875,U153,2026-05-23T20:19:32.756546,14.56,-25.40854,-49.27961,DEV0453,M038,0
T009876,U234,2026-05-24T11:10:01.897104,11.19,-22.91179,-43.18888,DEV0063,M025,0
T009877,U115,2026-05-24T16:10:40.098022,2.9,-30.00081,-51.20344,DEV0253,M054,0
T009878,U287,2026-05-24T14:48:26.383974,4.89,-19.90094,-43.89923,DEV0751,M083,0
T009879,U035,2026-05-23T22:34:09.594567,73.36,-19.84808,-43.90573,DEV0419,U191,0
T009880,U224,2026-05-24T06:16:20.771838,30.73,-25.42294,-49.32929,DEV0041,M057,0
T009881,U007,2026-05-23T11:02:51.107587,77.76,-15.7721,-47.87158,DEV0386,U262,0
T009882,U121,2026-05-23T23:25:53.250642,43.88,-19.89007,-43.90079,DEV0490,M007,0
T009883,U320,2026-05-24T12:33:55.789578,13.33,-22.82271,-43.11718,DEV0172,M085,0
T009884,U315,2026-05-23T20:58:32.560381,30.41,-23.61097,-46.67598,DEV0140,U149,0
T009885,U299,2026-05-24T09:10:59.440911,147.43,-22.8877,-43.06732,DEV0320,M018,0
T009886,U489,2026-05-24T05:37:13.228605,1085.69,-25.36216,-49.22622,DEV0710,U117,0
T009887,U269,2026-05-24T13:07:21.294075,2158.51,-19.87766,-43.87626,DEV0093,M024,0
T009888,U141,2026-05-25T00:44:44.882857,9.02,-25.45604,-49.35572,DEV0058,M025,0
T009889,U132,2026-05-23T19:51:54.810466,14.37,-22.91233,-43.23904,DEV0570,M034,0
T009890,U091,2026-05-24T16:58:12.357141,98.18,-15.8367,-47.94308,DEV0120,M090,0
T009891,U367,2026-05-24T16:06:47.406970,4.65,-15.83791,-47.88366,DEV0420,U004,0
T009892,U046,2026-05-25T03:22:51.099976,297.66,-19.91121,-43.98274,DEV0575,M090,0
T009893,U060,2026-05-24T03:54:12.682795,83.18,-19.86053,-44.00383,DEV0649,M067,0
T009894,U377,2026-05-25T11:43:06.426308,33.22,-23.55615,-46.59507,DEV0180,U409,0
T009895,U240,2026-05-24T06:31:45.443257,169.89,-12.96968,-38.49717,DEV0023,U298,0
T009896,U241,2026-05-24T05:45:05.874691,21.63,-13.07261,-38.58449,DEV0714,M069,0
T009897,U495,2026-05-24T04:33:51.127735,245.36,-19.82337,-43.94177,DEV0226,M054,0
T009898,U405,2026-05-23T22:41:38.430885,64.86,-15.74922,-47.9322,DEV0469,M025,0
T009899,U387,2026-05-24T08:22:04.357806,17.0,-12.96681,-38.5341,DEV0305,M063,0
T009900,U344,2026-05-23T11:03:32.765240,31.23,-25.54116,-49.28597,DEV0157,M049,0
T009901,U219,2026-05-24T02:02:38.896182,277.54,-19.98443,-43.88102,DEV0656,M032,0
T009902,U065,2026-05-24T01:49:27.583838,27.07,-15.80545,-47.97022,DEV0386,M041,0
T009903,U117,2026-05-24T12:21:20.797033,190.67,-22.89354,-43.14332,DEV0793,M043,0
T009904,U087,2026-05-23T08:07:11.700237,45.14,-23.52702,-46.67519,DEV0304,M032,0
T009905,U295,2026-05-24T09:09:15.625092,13.37,-12.8925,-38.51162,DEV0146,M026,0
T009906,U102,2026-05-24T02:16:50.983557,27.23,-19.89799,-43.93061,DEV0470,M089,0
T009907,U386,2026-05-23T23:59:44.406854,95628.9,-19.93153,-43.83844,DEV0318,M014,1
T009908,U267,2026-05-24T11:19:05.984744,124.52,-25.37467,-49.2259,DEV0360,M036,0
T009909,U371,2026-05-23T21:41:25.556006,68.74,-23.55555,-46.5812,DEV0202,M053,0
T009910,U476,2026-05-24T04:16:56.138448,46.65,-12.96326,-38.51843,DEV0141,M048,0
T009911,U072,2026-05-23T19:50:06.607923,24.22,-30.06151,-51.20717,DEV0203,U458,0
T009912,U026,2026-05-24T12:06:11.792188,135.18,-15.74186,-47.8465,DEV0270,M062,0
T009913,U494,2026-05-24T18:44:09.695329,70.71,-19.8744,-43.95191,DEV0493,M058,0
T009914,U251,2026-05-23T13:31:28.720524,5000.0,-23.50025,-46.62537,DEV0624,U146,1
T009915,U146,2026-05-23T13:31:38.720524,4950.0,-15.7801,-47.9292,DEV0118,U440,1
T009916,U440,2026-05-23T13:31:48.720524,4900.0,-15.7801,-47.9292,DEV0406,U251,1
T009917,U049,2026-05-24T07:22:24.835544,118.31,-30.10965,-51.29891,DEV0749,M095,0
T009918,U216,2026-05-25T10:06:25.445553,32.47,-23.53713,-46.6554,DEV0402,U223,0
T009919,U388,2026-05-24T05:11:07.478436,34.98,-15.83756,-47.91316,DEV0144,M008,0
T009920,U201,2026-05-25T02:20:35.806215,996.13,-29.95872,-51.15338,DEV0327,U026,0
T009921,U009,2026-05-23T17:41:44.316934,116.99,-15.78641,-47.87795,DEV0253,U020,0
T009922,U305,2026-05-23T09:39:05.744219,6.31,-29.98614,-51.17512,DEV0243,M076,0
T009923,U228,2026-05-24T13:00:05.709969,186.69,-15.77302,-47.85452,DEV0594,M025,0
T009924,U179,2026-05-24T19:48:13.645438,42.15,-23.61726,-46.60033,DEV0695,M031,0
T009925,U304,2026-05-24T12:50:59.487352,649.72,-30.12254,-51.25944,DEV0664,U351,0
T009926,U048,2026-05-23T21:44:45.074765,18.95,-25.42021,-49.26514,DEV0734,M098,0
T009927,U104,2026-05-24T08:01:16.445030,77.51,-13.04403,-38.48878,DEV0563,M033,0
T009928,U263,2026-05-24T13:26:46.282051,53.92,-12.93476,-38.51172,DEV0450,U358,0
T009929,U134,2026-05-23T23:49:49.995228,76.77,-15.73242,-47.84975,DEV0444,M056,0
T009930,U391,2026-05-24T20:00:20.339732,23.11,-23.58515,-46.67912,DEV0114,U263,0
T009931,U261,2026-05-24T00:57:21.586983,218.01,-23.55542,-46.72916,DEV0330,M066,0
T009932,U231,2026-05-24T10:13:05.359116,45.71,-12.9504,-38.54654,DEV0119,U015,0
T009933,U179,2026-05-24T20:51:27.308934,839.22,-23.54403,-46.64075,DEV0695,M053,0
T009934,U473,2026-05-23T21:55:18.091669,118.57,-13.0359,-38.58811,DEV0426,M052,0
T009935,U022,2026-05-24T08:36:48.008132,528.32,-25.34861,-49.24786,DEV0562,M011,0
T009936,U369,2026-05-24T10:23:05.764994,39.03,-30.09702,-51.2709,DEV0371,U049,0
T009937,U235,2026-05-24T03:45:04.327031,610.22,-19.89497,-43.98256,DEV0795,M022,0
T009938,U384,2026-05-24T13:44:34.916007,20.32,-29.9469,-51.18792,DEV0769,M083,0
T009939,U472,2026-05-24T07:03:54.677974,93.72,-12.98521,-38.56102,DEV0722,M071,0
T009940,U061,2026-05-25T08:02:49.456100,2.69,-23.55281,-46.6509,DEV0234,U047,0
T009941,U499,2026-05-24T02:55:21.153034,2765.65,-19.80081,-43.90144,DEV0020,M018,0
T009942,U298,2026-05-23T17:14:11.950960,6.61,-23.53766,-46.6711,DEV0613,M028,0
T009943,U430,2026-05-24T18:17:07.129496,147.25,-22.89457,-43.19572,DEV0268,M021,0
T009944,U413,2026-05-24T07:56:42.257566,128.93,-15.80797,-47.90262,DEV0256,M028,0
T009945,U239,2026-05-24T04:10:18.828278,2811.25,-12.93713,-38.47869,DEV0645,M004,1
T009946,U199,2026-05-23T18:16:29.214623,99049.98,-19.95582,-43.92699,DEV0648,M024,1
T009947,U445,2026-05-24T07:18:04.861296,32.31,-12.9914,-38.51895,DEV0073,M094,0
T009948,U348,2026-05-24T00:00:32.028921,8.55,-23.57924,-46.69172,DEV0118,U391,0
T009949,U031,2026-05-25T01:22:04.058617,84.38,-25.39521,-49.25627,DEV0493,U155,0
T009950,U298,2026-05-24T01:25:50.628425,86.43,-23.5945,-46.67926,DEV0613,U028,0
T009951,U457,2026-05-23T13:34:39.550315,1625.37,-30.08532,-51.16642,DEV0571,M070,0
T009952,U326,2026-05-23T21:15:36.852563,397.2,-13.00543,-38.51338,DEV0376,M041,0
T009953,U007,2026-05-23T12:10:20.018384,2.04,-15.81382,-47.89841,DEV0386,U137,0
T009954,U176,2026-05-25T12:52:25.700826,123.87,-19.92855,-43.81892,DEV0689,M096,0
T009955,U002,2026-05-24T23:50:07.691396,17.92,-20.01911,-43.88248,DEV0072,M022,0
T009956,U062,2026-05-24T04:14:12.128637,114.02,-30.04306,-51.17257,DEV0374,M010,0
T009957,U178,2026-05-24T23:29:12.747686,178.57,-15.75368,-47.95629,DEV0736,M023,0
T009958,U318,2026-05-24T01:00:02.297298,27.7,-12.93599,-38.5731,DEV0259,M043,0
T009959,U495,2026-05-24T07:39:17.973562,118.35,-19.88366,-43.92883,DEV0226,U437,0
T009960,U212,2026-05-24T05:10:37.896967,1065.53,-25.37535,-49.26766,DEV0685,U070,0
T009961,U367,2026-05-24T16:55:54.047519,58471.16,-15.76885,-48.0168,DEV0420,M033,1
T009962,U457,2026-05-23T14:13:12.242626,89.56,-29.9921,-51.25844,DEV0571,M076,0
T009963,U250,2026-05-24T02:18:13.485852,1077.09,-15.80079,-47.91277,DEV0734,M081,0
T009964,U435,2026-05-23T08:20:47.794473,89398.32,-12.95178,-38.5354,DEV0292,M094,1
T009965,U329,2026-05-24T03:35:49.328819,50.27,-25.41022,-49.18646,DEV0349,M011,0
T009966,U296,2026-05-24T22:32:47.782585,321.73,-30.08389,-51.21313,DEV0470,M025,0
T009967,U025,2026-05-23T21:52:24.349074,63.84,-22.86665,-43.21738,DEV0556,U414,0
T009968,U169,2026-05-24T13:02:51.542161,6.33,-19.93585,-43.94941,DEV0727,U048,0
T009969,U264,2026-05-24T07:54:29.561413,46.61,-19.97022,-43.89224,DEV0043,M062,0
T009970,U345,2026-05-24T03:03:56.899673,164.5,-23.59873,-46.5433,DEV0411,U041,0
T009971,U300,2026-05-24T19:17:44.600906,719.35,-19.94182,-44.01657,DEV0741,M096,0
T009972,U038,2026-05-23T19:32:13.596318,37.2,-25.53246,-49.27429,DEV0033,M042,0
T009973,U019,2026-05-24T18:05:25.931420,20.58,-25.4121,-49.24039,DEV0092,U186,0
T009974,U224,2026-05-24T08:45:01.483537,22.79,-25.38787,-49.20312,DEV0041,M024,0
T009975,U318,2026-05-24T02:57:00.119495,17.43,-13.05494,-38.49883,DEV0259,M060,0
T009976,U321,2026-05-24T12:21:35.316876,34.7,-22.87889,-43.19733,DEV0596,M076,0
T009977,U336,2026-05-24T11:48:48.623115,40.39,-19.88257,-43.94062,DEV0637,M002,0
T009978,U092,2026-05-23T22:56:31.733176,159.2,-25.36881,-49.30752,DEV0587,M088,0
T009979,U472,2026-05-24T13:36:20.725549,111.16,-12.94709,-38.55458,DEV0722,M001,0
T009980,U430,2026-05-24T18:32:20.820135,63.19,-22.91443,-43.16277,DEV0268,U457,0
T009981,U055,2026-05-24T14:58:14.383431,47.66,-15.748,-47.89213,DEV0331,M010,0
T009982,U044,2026-05-24T15:58:27.540760,61.13,-15.7772,-47.97702,DEV0795,M064,0
T009983,U305,2026-05-23T11:16:25.075582,25.47,-30.07708,-51.25639,DEV0243,M003,0
T009984,U327,2026-05-24T04:20:56.847584,50.12,-23.00681,-43.2765,DEV0588,U332,0
T009985,U394,2026-05-23T18:24:58.017169,19.23,-22.89069,-43.14989,DEV0458,M065,0
T009986,U254,2026-05-24T09:33:39.988777,157.77,-30.07286,-51.26658,DEV0422,U292,0
T009987,U063,2026-05-24T21:36:00.246923,55.95,-23.6011,-46.59276,DEV0692,U224,0
T009988,U398,2026-05-24T09:28:46.275369,5.59,-23.54265,-46.68833,DEV0759,M075,0
T009989,U193,2026-05-24T12:56:31.620196,857.02,-19.84024,-43.89271,DEV0658,M072,0
T009990,U344,2026-05-23T12:26:05.197803,45.66,-25.49809,-49.28419,DEV0157,M029,0
T009991,U428,2026-05-24T07:14:42.216448,77.1,-12.94859,-38.43779,DEV0342,U296,0
T009992,U427,2026-05-24T04:54:55.673808,475.14,-15.81257,-47.86517,DEV0378,M100,0
T009993,U280,2026-05-24T11:36:29.769511,7.19,-23.55133,-46.6399,DEV0008,M046,0
T009994,U034,2026-05-23T23:39:01.375990,19.63,-30.07422,-51.24071,DEV0139,M005,0
T009995,U112,2026-05-24T18:37:26.271270,8.29,-23.50335,-46.61011,DEV0037,M082,0
T009996,U269,2026-05-24T13:58:16.581827,84.47,-19.92464,-44.00769,DEV0093,M045,0
T009997,U169,2026-05-24T13:51:07.401518,105.39,-19.92727,-43.88342,DEV0229,U277,1
T009998,U410,2026-05-25T06:38:25.373234,63.31,-13.02374,-38.52954,DEV0523,M041,0
T009999,U096,2026-05-23T22:46:51.813575,159.51,-22.84287,-43.21538,DEV0338,U216,0
